:020000022000DC
:107000000000042015840300558403005784030006
:10701000598403005B8403005D84030000000000CA
:107020000000000000000000000000009183030049
:107030006184030000000000B18303006584030045
:107040006986030067840300678403006784030084
:107050006784030067840300678403006784030078
:107060006784030067840300678403006784030068
:107070006784030067840300678403006784030058
:1070800067840300E18003006784030067840300D2
:107090006784030067840300D5EA02006784030065
:1070A0006784030067840300678403006784030028
:1070B00067840300678403000000000000000000F4
:1070C0006784030067840300678403006784030008
:1070D000678403006784030067840300517F020014
:1070E00067840300678403006784030000000000D6
:1070F00000000000678403000000000067840300B4
:10710000000000000000000000000000000000007F
:10711000000000000000000000000000000000006F
:10712000000000000000000000000000000000005F
:10713000000000000000000000000000000000004F
:10714000000000000000000000000000000000003F
:10715000000000000000000000000000000000002F
:10716000000000000000000000000000000000001F
:10717000000000000000000000000000000000000F
:1071800000000000000000000000000000000000FF
:1071900000000000000000000000000000000000EF
:1071A00000000000000000000000000000000000DF
:1071B00000000000000000000000000000000000CF
:1071C00000000000000000000000000000000000BF
:1071D00000000000000000000000000000000000AF
:1071E000000000000000000000000000000000009F
:1071F000000000000000000000000000000000008F
:10720000F1EE103A43F08073E1EE103A704700BFA0
:1072100010B5054C237833B9044B13B10448AFF3D0
:1072200000800123237010BD606300200000000077
:107230001C40040008B5034B1BB103490348AFF3DE
:10724000008008BD00000000646300201C400400B2
:10725000154B002B08BF134B9D46A3F5803A002128
:107260008B460F461348144A121A16F057FE0F4B5E
:10727000002B00D098470E4B002B00D098470020E1
:10728000002104000D000D48002802D00C48AFF387
:10729000008016F0D9FD2000290011F013F916F036
:1072A000ADFD00BF00000800000004200000000049
:1072B0000000000060630020B8960020000000007D
:1072C0000000000038B50B4D0B4C0C4928460EF061
:1072D0002FFD0B4A0B49284616F00CFA20464FF4B6
:1072E000807108F007F82046054A0749BDE8384094
:1072F00016F000BA706400207C630020041D0400B6
:1073000000600020655D030089F302002DE9F04173
:10731000344D354E354F044623682046DB68984788
:10732000002829DD236820461B699847C1B20A2935
:1073300008D00D2902D101233370EDE728460EF065
:1073400043FDE9E7394628460EF060FD10B1337879
:10735000002B33D0264928460EF058FD804668B1F0
:107360000EF06AFD234B78301860234928460EF052
:1073700001FD00233370CFE7BDE8F0811F492846A7
:107380000EF044FD18B11B4BC3F80080EDE71C491B
:1073900028460EF03BFD0028E7D01A491A480EF0A7
:1073A00099FC1A4807F098FFB0B9174800F09CF90B
:1073B00064200EF04DFD00F0E1FDD6E714491248BF
:1073C0000EF088FC114807F087FF0028CDD0104947
:1073D00010480EF07FFCC8E70A490E480EF07AFC10
:1073E000E3E700BF706400207C6400209413040075
:1073F000AC13040080640020041D0400B4130400D6
:10740000B813040088130400886400207C63002003
:107410009C1304009463002070B52848284D294E21
:1074200082B0FFF773FF2848FFF770FF022011F0CA
:107430008BFD2B688342044603D00EF0FDFC2C60CC
:1074400030600EF0F9FC3368C01A1D2810D81F4BAD
:107450001C680EF0F1FC1E4B19681CB388422CBF4F
:1074600000210121092002B0BDE8704011F04EBD9D
:10747000164D2B68A342ECD0164B17490F482C60D1
:10748000002C08BF194601910EF024FC134807F0A8
:1074900023FF019968B92C680EF0CEFC0C4B1968DB
:1074A000002CDBD10121092002B0BDE8704011F0B1
:1074B0002DBD05480EF00EFCEDE700BF88640020EE
:1074C0000460002084640020946300200860002091
:1074D00080640020C4130400C01304007C630020F7
:1074E000022138B5084611F08DFC0121092011F068
:1074F00089FC174C174D0021092011F007FD164893
:107500004FF4E13100F0D2F92046002107F098FA5B
:1075100000222046012107F0E5F81049204607F037
:1075200077FA04F5C864284607F072FF0621204662
:1075300004F0EEFC204604F0D3FC2946204604F07B
:10754000B9FC20460021BDE8384004F069BD00BF09
:10755000E87000207C63002088640020C8130400C9
:107560000146014800F056BAA864002038B500F082
:1075700097F940B1002405462046013400F0CAFDC9
:10758000E0B28542F9D838BD70B592B01D460C46C0
:10759000164601A84222002116F0C0FC412D5CD9FC
:1075A000631C0222DBB28DF806408DF80E408DF888
:1075B000264040F6083540F202248DF81E308DF842
:1075C00027308DF83130ADF804508DF807208DF854
:1075D00012208DF833208DF83B20ADF80840204A6A
:1075E000069240F2012505232424ADF810508DF8B1
:1075F00015308DF8164004231A4C8DF81F300125E4
:1076000040F224628DF81C508DF830300894ADF8AB
:107610002420154D0A9508234FF411640A228DF891
:107620002C30ADF82E4040238DF834200F4C8DF8CF
:107630003C3001A9304640F2075540F2094642224B
:10764000ADF80C60ADF838508DF84330CDF83F40C0
:1076500016F03CFC422012B070BD002012B070BD8C
:107660002001052424020205070580030705800286
:10767000007EFF280AD010B500F0FAFC044608B1DD
:10768000204610BD11F01EF9204610BD00207047A5
:10769000007EFF280ED000B583B00DF1070100F089
:1076A0002FFD20B19DF8070003B05DF804FB4FF0FB
:1076B000FF30F9E74FF0FF30704700BF007EFF2832
:1076C0000FD000B583B001220DF1070100F0DCFC02
:1076D00020B19DF8070003B05DF804FB4FF0FF30C8
:1076E000F9E74FF0FF307047007EFF2801D000F02F
:1076F00011BD7047007EFF2801D000F06BBD002057
:10770000704700BFF8B50646007EFF281CD017461C
:107710005AB10D46144600F085FC2946224680B138
:10772000307E00F03BFD241A01D13846F8BD0544F7
:1077300011F0C8F8307E00F075FC2946224600287A
:10774000EED13F1B3846F1E70020F8BD70B5036865
:10775000184A5B6882B093428DF8071021D1054624
:10776000007EFF2823D000F05DFC0DF10706012408
:107770003146224688B1287E00F010FD241A02D13D
:10778000012002B070BD064411F09CF8287E00F084
:1077900049FC314622460028EDD1C4F1010002B077
:1077A00070BD01220DF10701984702B070BD0020A5
:1077B00002B070BD0577020070B592B01D460C4650
:1077C000164601A84222002116F0A8FB412D5CD9E3
:1077D000631C0222DBB28DF806408DF80E408DF856
:1077E000264040F6083540F202248DF81E308DF810
:1077F00027308DF83130ADF804508DF807208DF822
:1078000012208DF833208DF83B20ADF80840204A37
:10781000069240F2012505232424ADF810508DF87E
:1078200015308DF8164004231A4C8DF81F300125B1
:1078300040F224628DF81C508DF830300894ADF879
:107840002420154D0A9508234FF411640A228DF85F
:107850002C30ADF82E4040238DF834200F4C8DF89D
:107860003C3001A9304640F2075540F20946422219
:10787000ADF80C60ADF838508DF84330CDF83F408E
:1078800016F024FB422012B070BD002012B070BD73
:107890002001052424020205070580030705800254
:1078A000014B1878704700BFA4640020037EFF2BB3
:1078B00002D1074B1A7802B170470649027641613E
:1078C000012200F1100104481A7000F043B800BF13
:1078D000A4640020D8130400A8640020007EFF28C0
:1078E0000ED000B583B000F09DFB10B103B05DF881
:1078F00004FB019010F0E6FF019803B05DF804FB73
:107900000020704701B900B1704700B583B06946E7
:1079100000F09EFB009BB3F5966F02D003B05DF8BC
:1079200004FB00F02BFBF9E730B4084B084AFF20BA
:1079300002F108054FF47A740021303218761D6088
:107940009C601A6130BC596059617047886400209E
:10795000E8130400F8B50546B0F818016C69B5F8ED
:107960001A310A680E4604441B1A176895F81C1150
:107970009BB222463046B84750B3221894423CD2BC
:10798000766806E0052B25D023780BB31C44A24271
:1079900033D96378042BF5D1E378002BF4D195F833
:1079A0001C11013185F81C11002EEDD095F8401105
:1079B0000729E9D801F1480745F82760217295F8B1
:1079C0004011013185F840111E462378002BDDD18E
:1079D0000020F8BD94F90230002B08DB95F81E3129
:1079E000591C85F81E11A1780B43A370CCE795F8BC
:1079F0001D31591C85F81D11F5E7B5F818216B6983
:107A0000104480B2A5F81801588095F81C211A710D
:107A10000120F8BD2DE9F043284DDFF8B090AC46C9
:107A200004468846BCE80F0089B003AF0FC703AE19
:107A30000FCE05F1140E25460FC59EE80700DCF8B1
:107A400000303B806B4636682E8003C36B4603CB09
:107A50001B4EA06104F118034FF4807C0125E16105
:107A600084F82020636140F2EF2200231548C4F817
:107A7000189140F209470421A4F81CC1C4F8280158
:107A800084F84011A280C4F82C31C4F83031C4F815
:107A90003431C4F83831C4F83C314FF4E131C4E931
:107AA0004876094884F81E51A571FFF7FFFE40464D
:107AB00000F052FA284609B0BDE8F0834C140400E7
:107AC0001C14040024140400886400200900000130
:107AD0002DE9F04F04468BB0002900F09180032976
:107AE00000F09C8090F840318B4240F2CB804831CE
:107AF00000F5A27550F821603278002A00F0E78086
:107B000000231946374603E00131725C7718CAB189
:107B100002F14000C0B20128F6D9F42AF4D81006C8
:107B200018D40120A2F55847B7F5006FECD30144F3
:107B3000202B00F0C98025F81320725C01337718E0
:107B4000002AE5D1DBB201335B0043F4407304F556
:107B5000A17C5DE002F0E000C02800F0A18002F00E
:107B6000F000E02800F0918002F0F800F028CBD17E
:107B700002F007024FF0040E787800F0C00CBCF160
:107B8000800FC1D197F802C00CF0C00800F03F0090
:107B9000B8F1800F40EA8212B6D10CF03F0CBEF172
:107BA000030F4CEA821275D0F87800F0C007802FDE
:107BB000AAD100F03F0040EA8212A2F58030B0F571
:107BC000801F38BF4FF0040E9ED2A2F55840B0F58A
:107BD000006F99D3B2F5803F7144A9D31E2BB1DC5D
:107BE000A2F580325800970A2844C2F30902A7F58B
:107BF0002057A2F5105225F813704280023384E713
:107C0000D0F82031A0F8443100F5A17C4FF4417345
:107C1000A4F8423160460BB0BDE8F08F02A800F036
:107C2000AFF904F5A17C019020B300F1FF3B5FFAAE
:107C30008BF3284F04F1040B0DF1080A0BEB830BB7
:107C4000A64606AE97E80F001AF8018B86E80F00EB
:107C500008F00F090AADA94405EB181819F8109C93
:107C600018F8103CAEF84691AEF844310EF1040E0F
:107C7000DE45E7D1019B5B00DBB201335B0043F4DF
:107C80004073C5E74FF0000CC4E702F00F024FF05D
:107C9000030E71E7A2F50060B0F5784F95D333E796
:107CA000787800F0C007802F02F01F027FF42CAF1D
:107CB00000F03F0040EA8212A2F18000B0F5F06FC0
:107CC000BFF422AF02202DE740F242333FE740F2FB
:107CD00002333CE73814040000487047A8640020D1
:107CE000014B5869704700BFA86400200A4601464E
:107CF0000148FFF7EDBE00BFA8640020024B1868E2
:107D000000B10069704700BF2C66002030B40848FD
:107D1000BDF80850046844B1646934B10846A4460B
:107D200011461A462B4630BC6047002030BC7047D5
:107D30002C66002030B40848BDF80850046844B1EF
:107D4000A46934B10846A44611461A462B4630BCF5
:107D5000604730BC704700BF2C6600200020704791
:107D6000024B186808B190F8500070473066002048
:107D70002DE9F047244C2568002D42D01F4600EB2A
:107D8000C00305EB83030446D3F818A08946904648
:107D9000C600BAF1000F30D0504616F0ACFF0828EC
:107DA000024628BF0822344405EB8405D5E9076460
:107DB000DFF85CC0154B002E08BF664651464846AA
:107DC000002C08BF1C4616F081F8304616F093FFD1
:107DD00010280246314628BF1022404616F076F899
:107DE000204616F088FF042802462146384628BF60
:107DF0000422BDE8F04716F069B8DFF818A00822A1
:107E0000D1E7BDE8F08700BF306600208814040089
:107E1000781404006C140400F8B50B4F3B688BB168
:107E200000EBC00503EB850504466A69C6001AB17C
:107E300090473B6885F82A00344403EB840393F8A9
:107E40002A00F8BD1846F8BD30660020074B1B68B5
:107E50005BB100EBC00003EB800010B4038D446AFB
:107E60000C605DF8044B138070477047306600204B
:107E70000A781E2A01D10020704710B520221C4626
:107E80000521002300F078FF204610BD30B4094CD6
:107E9000029A256855B1044604EBC40405EB84043A
:107EA00008461946A3680BB130BC18474FF0FF30A5
:107EB00030BC70473066002030B4094C029A256807
:107EC00055B1044604EBC40405EB84040846194686
:107ED000E3680BB130BC18474FF0FF3030BC70473F
:107EE00030660020054B1B6833B100EBC00003EB8C
:107EF0008000036903B11847704700BF3066002057
:107F000000B5104B402283B083F8272303F030FFE5
:107F10004FF080430024D3F838548DF80040684671
:107F200010F02AFB084B019301A810F075FB10F02C
:107F30007FFBEB0702D401F009FFFCE7204603F0CA
:107F400053FDF8E700E100E04D7F020003F04CBD77
:107F5000002003F029BA00BF00B5002383B003223C
:107F6000CDE9002303490448C8220EF0C5FF03B041
:107F70005DF804FB8C140400017F020010F03ABF8E
:107F80004FF08052536E1BBA0360136E1BBA4360EE
:107F900008207047004870479414040070B51F4DC6
:107FA0002B68B3B199B91478C4F34114012C0BD0E8
:107FB000022C07D15478012C0DD0022C07D19388C4
:107FC000072B21D0084670BD517822290CD0012002
:107FD00070BD184670BDDC69F4B1237811462246A5
:107FE000BDE8704002F070BE5188003918BF012111
:107FF0001976114602F04EFE2A68136A002BE6D06D
:10800000107E9847204670BD054C114623892246B4
:10801000BDE8704002F058BE204670BD34660020B6
:108020000C60002010B5044601F0ECFD08B90020FA
:1080300010BD01F0EFFD0028F9D104484FF45A7348
:1080400003FB0400007900F0010010BD3866002039
:10805000064B4FF45A7202FB003050F8063F0B609B
:10806000838882798A718B80704700BF38660020D0
:1080700008B5044B4FF45A7202FB0030103001F087
:1080800025FC08BD386600202DE9F0414FF45A75F3
:1080900005FB00F5194F05F110043C4492B220464F
:1080A00001F040FC0646204601F02AFC3F2802D899
:1080B0003046BDE8F08107EB0508002098F8031072
:1080C00002F01EFD0028F3D0204601F019FC3F28E5
:1080D0000BD905F53A7298F803103A444023002072
:1080E00002F072FD3046BDE8F08198F803100020E0
:1080F00002F03EFD3046BDE8F08100BF386600204A
:10810000034B4FF45A7202FB0030103001F07CBC7C
:10811000386600202DE9F041044601F073FD10B9E6
:108120000020BDE8F08101F075FD06460028F7D17A
:108130004FF45A71DFF8608001FB04F404F12C0560
:108140004544284601F0C2FB0028E9D008EB0407AB
:108150003046B97802F0D4FC0028E1D004F54A7426
:10816000444428462146402201F0DCFB054660B12C
:10817000B978224630462B4602F026FD40B9054B21
:108180001B68DB07CCD500BECBE7B97802F0F0FC6A
:108190002846C6E7F0ED00E03866002038B50C4B05
:1081A0004FF45A7404FB00342C3492B20546204636
:1081B00001F06AFC034620461C4601F087FB3F287D
:1081C00001D8204638BD2846FFF7A4FF204638BD19
:1081D0003866002008B5044B4FF45A7202FB003099
:1081E0002C3001F08DFB08BD38660020F0B51C4C2A
:1081F00083B000214FF45A72204601250E4615F037
:108200008DFEFF234FF4424204F148016371E28086
:108210002B460827009604F110004FF48072277354
:108220002581668101F016FB2B464FF4807204F520
:10823000A471009504F12C0001F00CFB04F51271FF
:1082400028460EF0C7F804F5267103462846C4E90F
:1082500009630EF0BFF8C4E9100603B0F0BD00BF1B
:108260003866002010B5094B002203F12C0403F1FD
:1082700010001A601A7101F07DFC204601F07AFCB2
:1082800020460121BDE8104001F09CBC386600206A
:108290002DE9F0414B79022B82B002D18B79022B70
:1082A00004D00025284602B0BDE8F081314FBB78EC
:1082B0002BB1314B1B68DB07F3D500BEF1E78B78A0
:1082C0003B700C780C440646617824294FF0090570
:1082D0000BD1082A02D80FE0AA420DD323781C4400
:1082E0002B44617824299DB2F6D005291BD004299E
:1082F00002D163790A2B28D0204801F001FB3F28E6
:10830000D0D9F978002002F0FBFB0028CAD01B4826
:1083100001F0F6FA3F28F97813D9194A40230020D2
:1083200002F052FCBEE72146304602F0C9FB0028AD
:10833000BFD0A3787B7023781C442B4461789DB216
:10834000D5E7002002F014FCACE70E4A94F8008058
:108350000192022301320092304604EB08011A46D2
:1083600002F03AFB0028A4D005F10E0318FA83F3BB
:108370009DB2C1E738660020F0ED00E048660020BD
:10838000206900203A66002038B5137803F06003B6
:10839000202B0CD1264C938825789D4207D1537809
:1083A000203B032B03D8DFE803F009151E0400204F
:1083B00038BD71B3022931D0012038BD61B1022925
:1083C000FAD11C4B002BF7D01B490020AFF30080E3
:1083D000012038BD0029EFD111460723164A02F0CB
:1083E00073FC012038BDA1B10229E5D15588257162
:1083F00005F00104114884F0010101F0E3FB104B8A
:10840000002BD9D0C5F3400221460020FFF77AFAAD
:10841000D2E7114602F03EFC012038BD094B002B8B
:10842000CAD051880020AFF30080012038BD00BFC2
:1084300038660020000000003E66002064660020D0
:1084400005790200000000002DE9F047574DEA7859
:108450008A420C4607461E465CD19AB205F53A712F
:1084600005F1100001F010FB514BD3B16B79FF2BDC
:1084700017D0B6B105F2E72808EB060AA8F2D7290B
:1084800002E0D0450DD06B7918F8012F9A42F8D14F
:10849000484601F02BFA0028F3D16979AFF3008048
:1084A000EFE7444B23B1444801F020FA002870D094
:1084B000414801F025FA3F2805D9E978002002F06B
:1084C0001FFB002858D1AB789C4203D001242046E2
:1084D000BDE8F087394B13B10020AFF3008001F005
:1084E00091FB20BB364801F0F1F90028EED1002EB7
:1084F000ECD016F03F06E9D1A978384602F000FB2F
:1085000004460028E2D0A97838463346324602F0C5
:108510005BFBDCE7AB788B42DCD02A4B1C6814F0A9
:108520000104D4D000BE00242046BDE8F08701F04D
:1085300071FB04460028D5D1214801F0C7F9002875
:10854000D0D0A978204602F0DBFA0028CAD01E4914
:108550004022A1F53F7001F0E5F9034608B31A4A3D
:10856000A978204602F030FB0028AFD1154B1B68DC
:10857000DB07B7D500BEB5E70F4801F0C1F93F28CA
:108580000AD94023114AE978002002F01DFBAB789C
:108590009AE7AFF300808BE7E978002002F0E8FA71
:1085A00091E7A97802F0E4FA9CE700BF3866002062
:1085B00000000000000000004866002000000000ED
:1085C00064660020F0ED00E0606900202069002072
:1085D00002488C22002115F0A1BC00BFA069002038
:1085E00002488C22002115F099BC00BFA069002030
:1085F0002DE9F0414B79032B82B011D10F79C7EBF4
:10860000C7051235ADB295420C4604D8DFF89C8000
:1086100098F8011049B1234B1B68DA0700D500BE5A
:108620000025284602B0BDE8F08194F800C004EBB4
:108630000C0292F801E0BEF1210FECD1C8F88820BD
:1086400014F80C1008F1010E08F1020C1144CDE9E8
:1086500000CE3A46064602F0BFF90028DBD0A379E7
:1086600098F80210012B04BFE37988F80330012247
:10867000D8F8883088F80420A278B3F8073088F852
:108680000020A8F806300029CBD0074A3046402306
:1086900002F09AFA0028C4D1024B1B68DB07C0D550
:1086A00000BEBEE7F0ED00E0E8690020A069002010
:1086B000F0B51446127802F01F05012D83B00FD1DA
:1086C0000B467149A78891F800C0FFB2BC4507D19D
:1086D00012F06002064606D183BB6278062A30D0CB
:1086E000002003B0F0BD202AFAD16278013A0A2AAC
:1086F000F6D801A050F822F0CD870200B987020019
:10870000A5870200E1860200E1860200E186020000
:10871000E1860200E18602008D8702006787020081
:108720002587020063B3022B08D16388574ADBB266
:108730000B711AB119460020AFF30080012003B07D
:10874000F0BD6288120A212A65D0222AC8D11846B3
:10875000FFF7D4FA4C490246CB883046214602F056
:10876000B3FA2846BDE7002BE8D162884848120AD0
:108770004A7128B111461846AFF300800028AFD0E7
:108780002146304602F086FA0120AAE7002B4ED19E
:10879000E388402BA4D83F4A2146304602F094FAA1
:1087A00001209EE7002BC9D13B4A214630460123D8
:1087B00002F08AFA012094E7002BBFD1374A214604
:1087C0003046012302F080FA01208AE7002BB5D160
:1087D000E5886088402D4FEA10222F4628BF4027A9
:1087E00010F0FF003ED0012D46D9013F08722C4900
:1087F000BFB201250B46009701460020FFF786FA1D
:108800002B189BB28BBB274A1268D2077FF568AF43
:1088100000BE184665E7D1F88820002A3FF460AF13
:108820001378214603B0BDE8F04002F04DBA022BA8
:1088300084D1E5886388402D2C4628BF402413F05E
:10884000FF004FEA132205D0012D03D991F84830DB
:10885000834214D00F4B009401460020FFF76AFAC0
:1088600001203EE710491D46C4E70F4A2146304625
:1088700002F02AFA012034E70B491D46BAE7013C11
:108880000A4BA4B2E7E700BFA06900200000000087
:1088900000000000E8690020A4690020A56900200C
:1088A000A9690020F0ED00E0A8690020E969002036
:1088B00030B51C4CA2788A4283B00CD161789142C9
:1088C00017D1194A22B11949DAB20020AFF300805A
:1088D000012003B030BD62788A42F2D0144B1B688D
:1088E000DB0703D500BE002003B030BD002003B07D
:1088F00030BD00229BB2114605460093104604F19C
:108900004803FFF717FAA1782846402304F14802EC
:1089100002F05AF90028DBD1054B1B68DA07E5D5D0
:1089200000BED6E7A069002000000000A869002072
:10893000F0ED00E070B500F12C050446284600F08B
:10894000C5FF08B9002070BD6178002002F0D8F89A
:108950000028F7D004F50A7628463146402200F078
:10896000E1FF054660B1034661783246002002F01F
:108970002BF940B9054B1B68DB07E3D500BE70BD82
:10898000617802F0F5F8284670BD00BFF0ED00E018
:1089900030B5164C83B000210D464FF41A722046B4
:1089A00015F0BCFA04F1480104F110000095012310
:1089B000802200F04FFF802204F1C80101230095BE
:1089C00004F12C0000F046FF04F5A47101200DF025
:1089D00001FD04F5CC7103460120C4E909530DF0F3
:1089E000F9FCC4E9100503B030BD00BF04940020B9
:1089F00010B5084C002304F11000C4E90033C4E9A9
:108A0000023301F0B7F804F12C00BDE8104001F08A
:108A1000B1B800BF049400202DE9F0434B79012B3D
:108A200083B002D18B79012B04D00025284603B0F6
:108A3000BDE8F083CB79002BF7D10B78CC18064634
:108A40006578242D99B20BD1914202D9EDE78A4283
:108A5000EBD323781C440B446578242D99B2F6D0CF
:108A6000042DE2D16379012BDFD1A379032BDCD173
:108A7000E579002DD9D1DFF8CC8098F8010098F87D
:108A8000023050EA030905D02B4B1B68DB07CCD51D
:108A900000BECBE7A37888F8003027782079CB197F
:108AA0009DB2274430B922E03B7881451D44ADB2E8
:108AB0001F441CD2AA421AD37B78052BF4D1394625
:108AC0003046019201F0FCFF019A68B3BB7820792F
:108AD000D90914BF88F8013088F80230397809F1D3
:108AE00001030D445FFA83F9ADB20F44DCE713488C
:108AF00000F006FF3F2899D998F80210002001F0F5
:108B0000FFFF002892D00D4800F0FAFE3F2898F8A9
:108B1000021005D90A4A4023002002F055F885E7E3
:108B2000002002F025F881E7034B1B68DA077FF588
:108B30007CAF00BE054679E7F0ED00E0149400201C
:108B4000EC9500200494002000207047F8B52D4DCE
:108B5000AA788A421E4619D19AB205F5F47105F138
:108B6000100000F091FF284B13B10020AFF30080FC
:108B7000264800F0C5FE3F2805D9A978002001F05D
:108B8000BFFF044668BB01242046F8BD6B788B42CA
:108B900008D01F4B1C6814F00104F5D000BE00245F
:108BA0002046F8BD07462846FFF7C4FE0028EAD154
:108BB00005F12C0000F08AFE0028E4D1002EE2D05E
:108BC00016F03F06DFD16978384601F099FF044678
:108BD0000028D8D0697838463346324601F0F4FF91
:108BE000D2E70A4800F08CFE3F28A97805D9094A47
:108BF0004023002001F0E8FFC6E7002001F0B8FFA5
:108C0000C2E700BF0494002000000000149400207C
:108C1000F0ED00E0EC95002070B52E4CE28AA368E0
:108C200052BA92B282B0054612B1B3FBF2F292B2DE
:108C3000A06BD4F81110B0FBF2F61B1AB3F5007F4D
:108C400028BF4FF4007309BA009302FB1602224BAF
:108C5000607B3144FFF71AF9031E13DB09D094F847
:108C60002E101D4A9BB2284601F0AEFF58B302B049
:108C700070BD94F82E10009328461A4601F078FE35
:108C800002B070BDA268A36B43F203300021D31A77
:108C9000A08784F83E1001200221A36284F82C00F2
:108CA00084F83010002AE2D0002BE0D0237BDB09CF
:108CB00014BF94F82E1094F82F10284602B0BDE887
:108CC000704001F0BDBF054B1B68DB07CFD500BE70
:108CD000CDE700BF2C6C00202C6A0020F0ED00E0F6
:108CE00038B5214B214C05461BB1607BAFF30080AA
:108CF000B0B1A06BA36894F82F101D4A1B1AB3F5EE
:108D0000007F28BF4FF4007328469BB201F05CFF40
:108D100000B138BD174B1B68DB07FAD500BE38BD64
:108D2000A26BA16884F83E008B1A42F20772012000
:108D3000A2870222A36284F82C0084F83020002944
:108D4000E7D0002BE5D0237BDB0906D094F82E106A
:108D50002846BDE8384001F073BF94F82F1028462C
:108D6000BDE8384001F06CBF000000002C6C002012
:108D70002C6A0020F0ED00E0044880F83C1080F8F8
:108D80003D2080F83E300120704700BF2C6C002051
:108D900002484022002115F0C1B800BF2C6C002011
:108DA00002484022002115F0B9B800BF2C6C002009
:108DB0004B79082B01D0002070478B79062BFAD114
:108DC000CB79502BF7D1162A06D81C4B1B68D90734
:108DD000F1D500BE0020704770B5194D8B7885F82D
:108DE0002D300B7882B005F12F0205F12E061944C3
:108DF0000223CDE900261A46044601F0EDFD30B904
:108E00000E4A1268D2070FD500BE02B070BD2046D0
:108E100095F82F1000241F232A4685F8304001F0D2
:108E2000D3FE20B11720F0E7002002B070BD034B45
:108E30001B68DB07F6D500BE1720E6E7F0ED00E083
:108E40002C6C0020002961D170B5137803F07F05E8
:108E5000022D84B0044620D003F06003202B02D002
:108E6000002004B070BD5378FE2B34D0FF2BF7D117
:108E70005388002BF4D1D688B3B2002BF0D13B4DF0
:108E800011462046AE87C5E90D3385F8303085F8A8
:108E90003E3001F0FFFE0120E3E75578012DDBD1E4
:108EA0005388002BDCD1314E938896F83020042A69
:108EB000DBB243D096F82E10994229D096F82F5065
:108EC0009D4205D122B9294601F0ACFE00283AD0D6
:108ED000012004B070BD5388002BC1D1D088012877
:108EE000BED1234B8DF80F002BB10192FEF738FF56
:108EF000019A0028B4D0451E1146204601230DF1E9
:108F00000F028DF80F5001F0DFFEE1E701207047FE
:108F1000022ADDD1B26BB3689B1A0324B36206F157
:108F200020020D2386F8304001F04EFE0028CFD1FC
:108F3000104B1B68DB0793D500BE92E7194601F082
:108F40007FFE28468DE72946204601F095FE002841
:108F5000BED1002386F8303096F82F10034A204601
:108F60001F2301F031FE0028B2D1E1E72C6C002074
:108F7000617D0200F0ED00E0F0B5A74C94F83050B0
:108F8000012D8FB01E4607466FD0032D46D02DB160
:108F9000022D00F0898001200FB0F0BD94F82F3031
:108FA0008B42F8D11F2E40F09E809C4B22689A4243
:108FB00040F09980E37B9A4A6068A56284F82C505F
:108FC000A5632262A56860620122282B84F8302004
:108FD000656300F0DA802A2B00F09F82002D00F0FC
:108FE0002981227BD20940F02581B5F5007F40F22E
:108FF000F78294F83C30A5620120022284F82C000C
:1090000084F8302023B942F2050284F83E30A2876A
:10901000384601F015FE94F83050B9E794F82E3038
:109020008B42B8D10D2EB6D1E37B282B00F06D8298
:109030002A2B00F062827B4B23B1607B04F10F018D
:10904000AFF30080002084F83000734A94F82F10AA
:109050001F23384601F0B8FD0028DCD1724B1B6895
:10906000DA0700F19080002096E7E37B282B12D0EE
:109070002A2B59D0A36B227B3344D209A36347D058
:10908000626B9A420DD9684B1B68DB07C3D500BEE3
:1090900094F830507CE7D4E90D2333449342A36322
:1090A0006CD3022384F8303094F82E10384601F047
:1090B000E3FD00287FF46FAFA368A26B934202D94F
:1090C000217BC9091ED19B1A0325A36294F82E1097
:1090D000564A84F8305038460D2301F075FD0028BB
:1090E0007FF459AFBAE7042394F82E1084F8303097
:1090F000384601F0A5FD384694F82F1001F0A0FD88
:10910000002049E794F82E10384601F099FD42E717
:10911000A38E474A607B04F10F01FEF7A9FE0028E9
:10912000C0F2C981A36BABE7E08A40BA80B218B144
:10913000A368B3FBF0F080B2D4F81110A26B3C4DE1
:10914000B2FBF0F309BA00FB13221944607B0096CE
:109150002B46FEF7B1FE0028C0F20A82864252D9A1
:10916000002840F03382002394F82F1000933246F9
:10917000384601F0FDFB94F8305009E7FFF74CFD4D
:1091800094F8305004E700BE06E7E28A52BA92B281
:109190009DB9002A85D094F83C300222002184F841
:1091A0002C2084F83020A162002B7FF47DAF42F2A6
:1091B000050284F83E30A28776E7207BC0090BD0F9
:1091C000002A00F0EE819542C0F02282282B38461A
:1091D000D4D0FFF785FD1EE794F83C20A56202235A
:1091E00084F82C3084F83030002A7FF411AF42F23A
:1091F00005020023A28784F83E30207BC0090028A6
:109200003FF406AF9DE1D4E90D2333449342A363B9
:10921000BFF447AF3846DCE72C6C0020555342437F
:109220005553425300000000F0ED00E04C6C00206C
:109230002C6A0020607B252B27D8DFE813F037014C
:10924000260026000A012600260026002600260009
:1092500026002600260026002600260026002600DE
:109260002600E9002600260026002600260026000B
:109270002600CF00B5002600260026002600260086
:10928000260026007B002600520094F83C30002B7C
:109290003AD1B04AB049ABB2FEF7EAFD002833DB61
:1092A00040F0C981A368002B3FF4FBAEA16B94F89A
:1092B0003C205B1A01200221A36284F82C0084F870
:1092C000301022B942F2050184F83E20A187002B1C
:1092D0003FF4EAAE237BDB0940F0338194F82F1092
:1092E00096E604AA05A9FEF7B1FD059B23B1BDF8DA
:1092F0001020002A40F0968194F83C3023B940F2C7
:10930000024284F83E30A287A268A36B94F83C1016
:109310000120D31A84F82C000220A36284F83000C4
:1093200021B942F2050084F83E10A087002A3FF4DC
:10933000BBAECCE705AD00230DF10E0204A96B60B6
:109340000593AB60FEF782FD049A002AD4D0BDF8E5
:109350000E30002BD0D012BA5BBA08200221ADF833
:109360001E3006928DF817008DF81C1095E8070046
:10937000784BA56883E807000C20002D40F0398168
:10938000A36B94F83C205B420121A362022384F882
:109390002C1084F83030002A7FF486AE42F20503A8
:1093A00084F83E50A3877FE66C4B002B3FF47AAFE6
:1093B000E17CC1F3400301F001020909AFF3008031
:1093C00000287FF46FAF94F83C30002B9CD140F222
:1093D00002420023A28784F83E3095E7059B604A4D
:1093E00003F4000343F003030593002A00F01881FF
:1093F000AFF300809DF81630564AA56880F0010052
:1094000060F3C7138DF81630059B13600420B4E792
:109410004FF020330022CDE90A33524D069207A9BE
:1094200009AA0893079309930D930C9305AE0DAB0E
:109430000595FEF79DFC0FCEDFF818C1A568ACE8D6
:109440000F000FCEACE80F003368CCF800302420BA
:1094500093E794F83C2094F83D0094F83E10DFF830
:10946000F4C04FF0000E4FF00003CDE905EECDE95A
:1094700007EE62F303038DF81630F0220A23ADF8ED
:1094800024E08DF820008DF821108DF814208DF83F
:109490001B3005AE0FCEACE80F003368A4F83CE0FB
:1094A00084F83EE0ACF80030122066E7FEF7B4FC2A
:1094B000002888D0F6E6A268A36B94F83C0084F8F4
:1094C0002C50D11A0225A16284F8305020B942F202
:1094D000050584F83E00A587002A3FF4D1AD002998
:1094E0003FF4CEAD237BDB0900F0948094F82E107E
:1094F000384601F0A5FBA36BC2E51B4B002B3FF4E4
:10950000A1AD607BFEF7EEFC9CE5184B002B3FF411
:1095100099AD607BAFF3008094E5E28A52BA92B2D3
:10952000002D3FF436AE207BC0093FF449AE94F8DD
:109530003C30A562022284F82C2084F83020002BD5
:109540007BD094F82E10384601F07AFB94F8305016
:109550001EE500BF2C6A00203B6C002000000000CC
:109560000000000000800202E57E02000000000012
:10957000A36BA2683344D11A43F20330A3630023E0
:10958000A08784F83E3001200223A16284F82C00D9
:1095900084F83030002A3FF487AD00293FF484ADD1
:1095A00098E6012294F83C3084F82C200222A5622F
:1095B00084F83020002B7FF422AE42F2050284F8BA
:1095C0003E30A287002D3FF46FAD16E6A36B361A2E
:1095D0000344291832462846A36314F085FCC2E5EB
:1095E000194AABB2384601F0EFFA00287FF413AD08
:1095F00034E5A84228BF284683B26063124A94F833
:109600002E10384601F0E0FA00287FF404AD25E57D
:109610000222C7E794F82F10384601F011FB81E5CC
:109620000120E7E60849A568013B1BBA12BAC1E967
:1096300000320820A1E6A5689FE642F2050284F800
:109640003E30A287D9E500BF2C6A002030B5154C0A
:1096500083B000210D464FF4EE72204614F05EFCFC
:1096600004F13C01201D00950123402200F0F2F896
:10967000402204F17C010123009504F1200000F058
:10968000E9F804F1BC0101200CF0A4FE04F5867198
:1096900003460120C4E906530CF09CFEC4E90D0505
:1096A00003B030BD6C6C002010B5064C2046002382
:1096B00040F8043B00F05EFA04F12000BDE81040E1
:1096C00000F058BA6C6C00204B79FF2B01D00020C1
:1096D00070472DE9F041324C6678A378334382B06D
:1096E00003D0002002B0BDE8F0810D788B782370A4
:1096F000804608790F460D4408B36B78052B0AD0D5
:10970000AB189D4202D306E0AB4204D929780D4440
:1097100069780529F8D1234E0196731C02460093FF
:1097200029460223404601F057F90346A8B13B7988
:10973000A178C3EBC3031D4431B96178A1B9E81B1B
:1097400080B202B0BDE8F081402306F25B124046D1
:1097500001F03AFA03460028EFD1134A1268D20703
:10976000BFD500BE1846BDE7002001F05BFA0646F3
:109770000028E4D10D494022A1F5BE7000F0D2F8D6
:109780000028DCD003466178084A304601F01CFA14
:109790000028D4D1044B1B68DB07D0D500BECEE730
:1097A0006C6C00206D6C0020F0ED00E0086E002075
:1097B00038B5234CA2788A420AD063788B424FF0A6
:1097C000000004D101F02EFA054600B3012038BD97
:1097D0009AB204F5AE71201D00F056F9194B13B181
:1097E0000020AFF30080A178002001F01BFA0546AD
:1097F0000028EBD1144800F083F83F28E6D9A1787F
:10980000124A2846402301F0DFF9012038BD4022EA
:1098100004F5CE7104F1200000F084F80028D5D0C2
:1098200003466178284604F5CE7201F0CDF9002890
:10983000CCD1074B1B68DB07C8D500BEC6E700BF0D
:109840006C6C002000000000706C0020C86D0020CF
:10985000F0ED00E02DE9F041B2F5004F9DF81880E1
:1098600030D80446406915460E461F4618B14FF0E1
:10987000FF310DF027F8A06918B14FF0FF310DF05E
:1098800021F86A0092B260692660511E002352429C
:10989000E381A580E78084F80880A181628123822A
:1098A00018B11A4619460CF0E5FBA06938B100233F
:1098B0001A4619460CF0DEFB0120BDE8F0810120BC
:1098C000BDE8F0810020BDE8F08100BFC189028AB7
:1098D00089B292B28B1A91429BB202D242899B1AF0
:1098E0009BB28088984228BF18467047C289038A75
:1098F00090B29BB2C01AB0FA80F04009704700BF26
:10990000C189028A89B292B28B1A914210B49BB279
:10991000848802D240891B1A9BB2E01A80B25DF89B
:10992000044B70472DE9F04705468069884691460B
:1099300018B14FF0FF310CF0C5FFEB892C8A9BB2B8
:10994000A4B21E1BA342B6B202D26A89B61AB6B23C
:10995000AF88B74209D2BB4249D26A893A449B1ABE
:109960009AB22A822C8A3E46A4B2002E45D04E4599
:1099700028BF4E46A74203D8E41BA4B2A742FBD996
:10998000A7EB0409B5F806A029681FFA89F94E4526
:109990000AFB041125D919FB0AF91FFA89F94A466D
:1099A000404614F093FAF21B224412FB0AF2296893
:1099B00092B208EB090014F089FA2A8A92B293193C
:1099C0009BB29A421BD96A8913449BB2A8692B8225
:1099D00020B100231A4619460CF04CFB3046BDE876
:1099E000F0870AFB06F2404614F070FAE5E7A98911
:1099F000DA1B92B29142B4D2AFE72B8A9BB2AA890A
:109A00009A42E3D2DFE700BF70B5044680690E4694
:109A100018B14FF0FF310CF055FFE289238A92B262
:109A20009BB2D01A9A4280B202D26189401A80B2A7
:109A3000A588854207D2AA421DD261892944521ABB
:109A400091B221822846E0B1AB4203D35B1B9BB2AB
:109A50009D42FBD9E2882168304602FB031114F0D5
:109A600035FA0125A06920B100231A4619460CF0E9
:109A700001FB284670BDA089511B89B28842E0D203
:109A8000DBE70546EEE700BF2DE9F84F1546002A53
:109A90003FD004464069884618B14FF0FF310CF0C2
:109AA00011FFE789237A218ABFB289B2A3BB7A1A50
:109AB0008F42A38892B252D39A1A92B2954228BF8B
:109AC0001546A5EB0309B4F806A01FFA89F99F42D1
:109AD0003E4603D3F61AB6B29E42FBD29B1B2068C9
:109AE0009BB29D420AFB060027D80AFB05F24146BD
:109AF00014F0ECF9EB199BB29F421AD8A2899A4252
:109B000017D36069E38120B100231A4619460CF08F
:109B1000B1FA2846BDE8F88FA3889D4223D3B4F854
:109B200006A0ED1A0AFB05880F461D464FF00009F6
:109B3000CDE7628913449BB2E3E713FB0AF31FFAF4
:109B400083FB5A4641464E4414F0C0F916FB0AF214
:109B5000206808EB0B0192B214F0B8F9CAE76189EA
:109B6000521A92B2A8E7A5EB0309B4F806A01FFAAF
:109B700089F9ACE710B50446406918B14FF0FF31E0
:109B80000CF0A0FEA06918B14FF0FF310CF09AFE66
:109B9000A38860695B009BB2591E5A420023E3818F
:109BA000A1816281238218B11A4619460CF062FA2B
:109BB000A06920B100231A4619460CF05BFA012077
:109BC00010BD00BF38B5044640690D4618B14FF0CE
:109BD000FF310CF077FEA06918B14FF0FF310CF0A7
:109BE00071FE6069257220B100231A4619460CF0F7
:109BF00041FAA06920B100231A4619460CF03AFA3E
:109C0000012038BD024B5878003818BF012070473A
:109C1000A06E0020024B1878C0F38000704700BF90
:109C2000A06E0020014B1878704700BFD76E00204F
:109C30002DE9F0433A4D2E7883B01EB1304603B083
:109C4000BDE8F083372231460446364814F066F901
:109C5000354901200CF0BEFB344B186000283BD086
:109C600033490B464A6833F8080B498800960CF0D4
:109C70005DF9304B186078B32F4F27B12F48AFF301
:109C800000802F4B18602D4E337877B32D4FDFF8BF
:109C9000B0804FF000094B4537D8A9EB0303DBB286
:109CA000042B39D803EB430307EBC3031B68984726
:109CB000337809F101095FFA89F91A1D4A45EADA90
:109CC000204601F06FF9204601F06EF9012630467A
:109CD0002E7003B0BDE8F0831B4B1B68DB07ADD5CE
:109CE00000BE304603B0BDE8F083DFF8588001E0E5
:109CF000052F11D007EB4703013758F83330984749
:109D0000337804339F42F3DDDAE7D8F8003009EB0B
:109D1000490203EBC203C9E700231B68FFDE00BF53
:109D2000D76E0020A06E0020506E0020D86E00205C
:109D3000C0600020DC6E0020000000004C6E00209F
:109D4000486E0020D0140400F0ED00E02DE9F04F43
:109D50008BB002F01BF8002800F06F81BE4DDFF8D9
:109D60001893DFF818A3DFF818B328684FF0FF3214
:109D700007A90CF04BFC002800F05F819DF81D3016
:109D8000013B072B00F2F284DFE813F00001C90069
:109D9000A300940088003F000E000800089B002BE1
:109DA000E3D009989847E0E79DF82010AB4B01F00D
:109DB0007F0403EB440303EBD11393F825006FF307
:109DC000000083F8250093F825006FF3820083F8E4
:109DD0002500002C00F03481A14ADB7C32B1A14A7D
:109DE00012789342C0F01C819B1ADBB2042B00F264
:109DF0001F8103EB43030AEBC3031C699DF8212079
:109E0000099B9DF81C00A047AFE7DFF850829DF842
:109E10001C6098F8003043F0010388F8003098F88F
:109E200025306FF3000388F8253098F825306FF35C
:109E3000820388F8253098F826306FF3000388F8FD
:109E4000263098F826306FF3820388F826300020F9
:109E500000F09EFF9DF8203003F06002602A0DD0D4
:109E6000402A00F0438103F01F03012B00F09B8187
:109E7000022B00F06D81002B00F04781D9F80030F3
:109E8000DC0700D500BE9DF81C00002101F032FA6D
:109E90009DF81C00802101F02DFA66E76F4B1B78BE
:109EA000DA077FF562AF704B002B3FF45EAFAFF384
:109EB00000805AE7694B1A78D1077FF556AF6B4A95
:109EC000002A3FF452AF1878C0F3C000AFF300800F
:109ED0004BE7644C624F2278002F00F0F48000269C
:109EE00014E0B31ADBB2042B00F2FD8003EB430352
:109EF0000AEBC3035B691BB19DF81C0098472278ED
:109F00000136F6B2131DB342FFF62FAFB242E8D9C5
:109F1000DBF8003006EB460103EBC103EAE7514CE6
:109F20004F4F23789DF81C60002F00F0BA80002767
:109F3000BB4267D8FB1ADBB2042B00F21F8403EB91
:109F400043030AEBC3035B68304698472378013725
:109F5000FFB21A1DBA42EBDA372200213F4813F054
:109F6000DDFF434B4FF0FF321A605A609A60DA60AF
:109F70001A615A619A61DA611A8400F0FFFE3D4B62
:109F8000002B3FF4F2AEAFF30080EEE6354C344FD9
:109F900023789DF81C60002F5AD000279F4238D3A9
:109FA000FB1ADBB2042B00F2E98303EB43030AEB59
:109FB000C3035B683046984723780137FFB21A1D08
:109FC000BA42EBDA254C37220021204613F0A6FFD7
:109FD0004FF0FF33C4F80330C4F80730C4F80B3037
:109FE000C4F80F30C4F81330C4F81730C4F81B306D
:109FF000C4F81F30A4F8233000F0C0FE9DF82030D4
:10A00000A370B2E6DBF8003007EB470203EBC203B4
:10A0100099E7DBF8003007EB470203EBC203C8E720
:10A02000DBF8002003EB430312EBC3037FF4E5AE40
:10A03000114B1B68D80700D500BE0BB0BDE8F08FF0
:10A04000099B9DF821209DF81C0000F0B3FE8CE6D2
:10A05000DFF8288019E000BFDC6E0020A06E002031
:10A06000000000004C6E0020000000000000000016
:10A07000A36E002000000000F0ED00E0D01404000A
:10A08000486E0020052F00F07983D8F80430304660
:10A0900098472378013704339F4208F11808F1DD0F
:10A0A00090E7DFF8508302E0052F00F06783D8F8CF
:10A0B000043030469847237801370433BB4208F117
:10A0C0001808F1DA48E7CB4E73691BB19DF81C0004
:10A0D000984722780137131D9F4206F118063FF773
:10A0E00044AE052FF0D100235B69FFDEC248002893
:10A0F0003FF4C9AE00F04CFE304608AA0021FDF73F
:10A100004DFF00287FF431AEBDE6202A00F08480A8
:10A11000002A7FF4B3AE9DF82130092B3FF6AEAE96
:10A1200001A252F823F000BFAFA20200AFA30200C9
:10A130007D9E02008FA302007D9E020071A302009B
:10A140001DA302007D9E020005A30200D3A202000F
:10A150009DF8241001F07F03082B3FF68FAE08EB2B
:10A16000430000EBD110A54CC07C5B00CF0934B19B
:10A17000A34C2478A042C0F08E80001BC0B20428FB
:10A1800062D800EB40000AEBC004002A60D0E0680F
:10A1900000F0FEFDE368304608AA00219847002839
:10A1A0007FF4E3AD6FE69DF824300F2B3FF66BAEE6
:10A1B0004344924ADB782AB1914A1278934261D3A0
:10A1C0009B1ADBB2042B3FF65EAE03EB43030AEBB4
:10A1D000C304E06800F0DCFDE36808AA0021304613
:10A1E000984700287FF4C1AD9DF8203013F060043B
:10A1F0007FF449AE9DF821300A3B012B3FF643AE78
:10A2000000F0C6FD9DF821300A2B00F07B8108A9E3
:10A21000304600F03FFDA8E59DF824300F2B3FF6B7
:10A2200032AE4344754ADB7832B1754A12789342B4
:10A23000C0F04D819B1ADBB2042B3FF624AE03EB3A
:10A2400043030AEBC304A2E7002A7FF41CAE1446C2
:10A250009DF8212002F0FD00012800F00A81002A6B
:10A260007FF40CAE43443B44304693F825400DF157
:10A270001A02C4F34004022308A9ADF81A4000F002
:10A2800023FD72E5DBF8004003EB430314EBC3044A
:10A290003FF4F9AD9DE7DBF8004000EB400004EB34
:10A2A000C004002AD4D0002C7FF471AFEBE598F8FD
:10A2B00000309C0804F00204C3F340131C433046F2
:10A2C00002230DF11A0208A9ADF81A4000F0FCFCB7
:10A2D0004BE59DF8223002931A4698F801309A42D5
:10A2E00008D098F80130002B40F09581029B002B9C
:10A2F00040F01281029B88F80130304608A900F036
:10A30000C9FC32E598F801308DF81A303046012347
:10A310000DF11A0208A900F0D7FC26E5BDF82200CD
:10A32000030A5A1EC0B20E2A3FF6ADAD01A151F884
:10A3300022F000BF5BA402003FA402002FA4020091
:10A34000879E0200879E020009A402003FA402002B
:10A35000879E0200879E0200879E0200879E020061
:10A36000879E0200879E0200879E0200CFA3020004
:10A3700008A800F013FD9DF82210304600F01AFEE8
:10A3800098F8003043F0020388F80030EDE4BDF89F
:10A390002230012B7FF477AD98F80030304643F03F
:10A3A000080308A988F8003000F074FCDDE4BDF86B
:10A3B0002230012B7FF467AD98F8003030466FF300
:10A3C000C30308A988F8003000F064FCCDE40D4B0D
:10A3D000002B3FF458ADFDF7DDFD024600283FF4A9
:10A3E0004DAD5388304608A900F06EFC00287FF47C
:10A3F000BCAC48E5D01404009D7F020000000000C2
:10A400004C6E0020957F0200B64B002B3FF43BAD15
:10A41000AFF30080024600283FF435AD1378304694
:10A4200008A900F051FC00287FF49FAC2BE5BDF893
:10A430002410FDF75BFC02460028EFD123E5022B38
:10A4400000F08A81A84B002B3FF41DADAFF30080D4
:10A450000246002A3FF412ADC3E7FDF73DFC12238C
:10A46000024608A9304600F02FFC00287FF47DAC9E
:10A4700009E5BDF82200009048B9012A43442FD0D5
:10A480003B4403F1200793F825309B0713D5002C9C
:10A490003FF46BACE06800F07BFCE36808AA0021A5
:10A4A00030469847002000F073FC98F82630DF070C
:10A4B0003FF55BACABE6304600F01CFF7B7943F028
:10A4C00002037B717B7943F001037B71DFE7DBF8EB
:10A4D000004003EB430314EBC3043FF4D4AC56E653
:10A4E0001F4420377B799A07D1D5304600F042FFD0
:10A4F0007B79009A62F341037B717B7962F30003FD
:10A500007B71C4E708A9304601230DF11A028DF8CA
:10A510001A4000F0D9FB28E4581EC0B2FDF7E0FB5A
:10A52000002871D04378022B6ED1C27998F80010C0
:10A53000C2F340131B01C2F3801221F0300143EA41
:10A5400042130B4388F8003043880396C31800F188
:10A55000090704933946049B8B4240F2F5804B78FF
:10A560000B2B00F0DD8001220092042B4CD1049BC8
:10A570005E4A5B1A9BB201935D4B1B784AB300267F
:10A5800037461DE0F31ADCB2042C00F2EC8004EB39
:10A5900044040AEBC404019AA36803980591984700
:10A5A00008280599024603D9019B834280F08280E6
:10A5B0004F4B1B780136F6B21A1DB242374623DBE9
:10A5C000B342DFD9DBF8004006EB460304EBC304DB
:10A5D000E1E7484B17461C46052FFEB200F0C3804A
:10A5E000019AA3680398059198470828059902469F
:10A5F00002D9019890425DD23D4B1B78013704335C
:10A60000BB4204F11804E7DAD9F80030D9077FF526
:10A6100035AC00BE32E4364C344F304600F072FDAB
:10A6200098F802202378009287B30027BB4226D8EF
:10A63000FB1ADBB2042B00F2A18003EB43030AEB0D
:10A64000C3035B683046984723780137FFB21A1D71
:10A65000BA42EBDA37222848002113F05FFC274B7F
:10A66000009A88F802204FF0FF321A605A609A6010
:10A67000DA601A615A619A61DA611A8436E6DBF8A7
:10A68000003007EB470203EBC203DAE7194B304611
:10A6900026461C4601E0052F70D06368019098475C
:10A6A0003278019801370432BA4204F11804F2DA20
:10A6B0000646CFE7009B012B38D0009B03B391F8EF
:10A6C00002C0002305E00133C6700098DCB284426A
:10A6D00016D20CEB030058FA80F0C478FF2CF2D0AD
:10A6E00092E700BF00000000000000000000000032
:10A6F0004C6E0020D0140400A06E0020A36E002039
:10A7000033462048CDE9001201F076FB1E4B1B7842
:10A71000DDE900120433BB421144BFF61CAF73E7FE
:10A720000B78CA78009219444B781EE7A368174843
:10A73000834206D0009C1648834208BF022400943E
:10A74000BDE702230093BAE7124B039E002B3FF4B0
:10A75000D1ADAFF30080CDE5FDF7C2FA0246002A85
:10A760003FF48CAB3DE600239B68FFDED9F8003058
:10A77000DB077FF5FAAA00BEFFF7F7BA00235B6894
:10A78000FFDE00BFB36E00204C6E002091820200FD
:10A79000198A02000000000030B589B000248D1E27
:10A7A000CDE9024404948DF809108DF80800032DBA
:10A7B0005CD8DFE805F0082C48023B4B1978C80745
:10A7C00061D409B030BD384938480B7800686FF360
:10A7D00000030B700C7800236FF341040C704B7076
:10A7E0000C7863F382040C70002A37D002A905AA02
:10A7F0000BF05EFE059B002BE3D02D4B4FF08052FB
:10A800005A6040BFBFF34F8FBFF36F8FD9E7264B1E
:10A8100019784907D5D51978244C6FF3820119703E
:10A8200000230521CDE9053307938DF814008DF839
:10A8300015102068002A2FD1134605A94FF0FF32CA
:10A840000BF018FCBDE7184B1978CC07B9D519786F
:10A85000164841F00401006819705AB9134602A95C
:10A860004FF0FF320BF006FC09B030BD0F4B1868FB
:10A87000002AF3D0002302A905AA0BF019FE059BBC
:10A88000002B9ED0B9E7197808486FF38201006861
:10A890001970002AEED1E1E705A901AA0BF008FE24
:10A8A000019B002B8DD0A8E7A06E0020DC6E00205D
:10A8B00000ED00E030B5144D85B000240123CDE952
:10A8C000014403948DF804008DF8081028688DF871
:10A8D00005303AB9134601A94FF0FF320BF0CAFB1D
:10A8E00005B030BD234601A96A460BF0E1FD009B8F
:10A8F000002BF5D0054B4FF080525A6040BFBFF39C
:10A900004F8FBFF36F8FEBE7DC6E002000ED00E0B0
:10A9100030B50B4685B0044649681868124D8DF86D
:10A92000044002AC03C4002306212868ADF80630B9
:10A930008DF805103AB9134601A94FF0FF320BF01C
:10A9400099FB05B030BD6A4601A90BF0B1FD009B33
:10A95000002BF6D0054B4FF080525A6040BFBFF33A
:10A960004F8FBFF36F8FECE7DC6E002000ED00E04F
:10A9700030B585B0164D03929DF820402D68002219
:10A98000CDE901228DF8081007218DF804008DF81B
:10A9900009308DF8051044B9234601A928464FF027
:10A9A000FF320BF067FB05B030BD134601A9284606
:10A9B0006A460BF07DFD009B002BF4D0054B4FF059
:10A9C00080525A6040BFBFF34F8FBFF36F8FEAE7EB
:10A9D000DC6E002000ED00E02DE9F84FDDE90A8A89
:10A9E000002A3CD0DFF8809007460C461E461546EC
:10A9F0004FF0000B17E099F8021001F0C9F9034677
:10AA000021463846EBB100F0E7FAF8B1A378DA094D
:10AA100014BF8AF8003088F8003023780BF1010B5E
:10AA2000AB451C441BD06378052B20460ED1E17842
:10AA300001F00301B14209D1A37803F07F03082B91
:10AA4000D9D9084B1B68DA0700D500BE054B1B6837
:10AA5000DB0702D40020BDE8F88F00BEFAE7012032
:10AA6000BDE8F88FF0ED00E0A06E002030B5124D8B
:10AA700085B000230824CDE90201019328688DF8F0
:10AA800005403AB9134601A94FF0FF320BF0F2FA34
:10AA900005B030BD6A4601A90BF00AFD009B002BF2
:10AAA000F6D0064B4FF080525A6040BFBFF34F8F35
:10AAB000BFF36F8FECE700BFDC6E002000ED00E01D
:10AAC00038B58B7803F07F03082B06D90A4B1B6837
:10AAD000DB0700D500BE002038BD084B0C460546FC
:10AAE0000846997801F054F90028EFD0214628460D
:10AAF000BDE8384000F070BAF0ED00E0A06E002034
:10AB0000F8B5194B01F07F0403EB440303EBD111BB
:10AB100001F12004607910F0010519D163795A0719
:10AB2000C3F3800701D52846F8BD104E4FF0FF3122
:10AB300030680BF0C7FE607910F001050BD1637926
:10AB40005B0709D4637943F004036371012503E0D3
:10AB500000252846F8BD3D46002330681A461946B0
:10AB60000BF088FA2846F8BDA06E0020D86E0020B1
:10AB700038B5134D0C4628684FF0FF310BF0A2FE9C
:10AB8000104B04F07F0103EB410303EBD4112031A0
:10AB90004B7913F0010310D14A79C2F380045207B4
:10ABA00003D54A7963F382024A71002328681A4662
:10ABB00019460BF05FFA204638BD0024F5E700BFC8
:10ABC000D86E0020A06E002070B5144D01F07F06F5
:10ABD00005EB460505EBD11420346579ED0706D564
:10ABE0000F4B1B68DA0700D500BE002070BD6579E9
:10ABF00045F00105657100F0D5FA0028F6D16379BA
:10AC0000074A60F300036371637960F38203637141
:10AC10001368DB07E9D500BE70BD00BFA06E002041
:10AC2000F0ED00E0054B01F07F0203EB420303EB84
:10AC3000D11191F8250000F001007047A06E0020AE
:10AC400010B50C4B01F07F0203EB420303EBD11470
:10AC500094F825309B0700D510BD203400F04AFB46
:10AC6000637943F002036371637943F00103637115
:10AC700010BD00BFA06E0020054B01F07F0203EB6A
:10AC8000420303EBD11191F82500C0F34000704757
:10AC9000A06E00200B4630B40A4C4968054618687F
:10ACA000224603C293F9002000239A42C4E90233EA
:10ACB0002846A8BF802130BCB8BF19461A46FFF706
:10ACC00083BF00BFA06F0020F0B50C46284F496835
:10ACD00006462068BA603D4603C50021F981E58833
:10ACE000AB4228BF2B4683B0BB81A5B11BB352B387
:10ACF00097F90000402B28BF402300282ADB1D4A7B
:10AD00003046FFF761FF98B91B4B1B68DB071ED568
:10AD100000BE03B0F0BD94F90030002BACBF802121
:10AD2000002130462B462A46FFF74EFF0028EBD085
:10AD3000012003B0F0BD97F90020002AACBF1946EE
:10AD400080211A46DCE70C4B1B68D9070CD4002085
:10AD500003B0F0BD1146074801931A4613F0B6F848
:10AD6000044A019B8021CBE700BE1046E1E700BF0B
:10AD7000A06F0020B46F0020F0ED00E0034B002234
:10AD8000C3E90022C3E902221A617047A06F0020C4
:10AD9000014B1861704700BFA06F00200346044AB2
:10ADA00059680068134603C30023C2E902337047A1
:10ADB000A06F0020F0B5414C2578C909B1EBD51F33
:10ADC00083B01F46064616D033B13D4B1B68DA07E9
:10ADD00057D4002003B0F0BD3A4B13B12146AFF376
:10ADE00000802369002B2FD0344A30460221984737
:10ADF000012003B0F0BD94F90020002A06DBA06812
:10AE00000028E6D030491A4613F060F8E589A168B9
:10AE1000E2883D44ADB23944AA42E581A16016D032
:10AE20003F2F14D9A28994F90000531B9BB2402BE9
:10AE300028BF402300282FDB95423BD0224A002127
:10AE40003046FFF7C1FEB0B1012003B0F0BD236969
:10AE500023B11A4A012130469847A0B194F9002045
:10AE600000239A42ACBF8021194630461A46FFF7AC
:10AE7000ABFE0028E8D1124B1B68DB07A9D500BE4A
:10AE8000A8E700BEA5E70146304600F033FA304699
:10AE9000802100F02FFAD7E7954208D01A460A48D9
:10AEA000019313F013F8084A019B8021C8E7802121
:10AEB0000022C5E700210A46C2E700BFA06F0020BC
:10AEC000F0ED00E000000000B46F002042DF7047AA
:10AED00043DF704744DF704712DF70472C4B5B68DD
:10AEE000C3F3080313B9EFF310839BB1294B93F815
:10AEF000D820002A36D1012283F8D8200260BFF37F
:10AF00006F8FBFF34F8F244A904227D0043A90426C
:10AF100024D07047214A53681B06E7D5802110B41E
:10AF2000C2F88410BFF34F8FBFF36F8F194B93F8A4
:10AF3000D840E4B9012283F8D8200260BFF36F8FB4
:10AF4000BFF34F8F144A90421DD0043A90421AD05A
:10AF5000124B80225A605DF8044B7047002283F840
:10AF6000D8207047014601220D48FFF77FBD516090
:10AF7000C2F88410BFF34F8FBFF36F8F93F8D840A0
:10AF8000002CF4D1D6E7002283F8D820E0E700BFF8
:10AF900000ED00E0F46F00205070024000E100E09E
:10AFA000DDAE0200704700BF014B80225A6070473F
:10AFB00000E100E0074BD3F80014D3F80024002090
:10AFC0000A434FF48001C3F80024C3F85801C3F8C2
:10AFD0000413704700700240F0B488788D88CC78F4
:10AFE000444FC10900F07F0202EB42034E00DB0038
:10AFF0000E4403EB86033B4404F00304C5F30A0547
:10B00000012C1D812FD0D9B13B49941C012303FA97
:10B0100004F4C1F80443D1F8104503FA02F22243C4
:10B02000C1F81025344B40F48072C3F81805C3F8FA
:10B030000C25BFF36F8FBFF34F8F0120F0BC70471B
:10B040002D4C02F10C05012303FA05F5C4F8045355
:10B05000D4F81455934002F594722B43C4F8143578
:10B0600044F82210DEE7082A07D0244B186810F0B5
:10B070000100E3D000BE0020E0E7E9B9B7F8D43022
:10B080001BB11D4B8022C3F81C251B4A0023C2F8AC
:10B090005031D2F8003313F4001308BFC2F8543112
:10B0A000154B4FF44012C3F80423D3F8142542F48F
:10B0B0008072C3F81425B5E7B7F8C8200E4B0021FD
:10B0C000C3F82C1112B18022C3F81C250A4AD2F809
:10B0D000003313F4001308BFC2F85431064B084A7A
:10B0E000C3F80423D3F8102542F48072C3F8102566
:10B0F00098E700BFF46F002000700240F0ED00E020
:10B1000000082000214B8022F0B4C3F88420BFF354
:10B110004F8FBFF36F8F1E4A1E4E0D210125002356
:10B120001D4CA1F10A004FEA810C05FA01F76444B5
:10B1300005FA00F0013138431429C6F808036360AA
:10B14000A362C2E90033C2E90233C2E9043302F167
:10B150001802E5D11149124AC6F80823C6F81C3571
:10B16000C1F8C0307362C1F8C430B364C1F8C830EC
:10B17000C6F81455C1F8CC30C6F81055C1E93433BF
:10B18000024B80225A60F0BC704700BF00E100E033
:10B190000C70002000700240D06F0240F46F00205D
:10B1A00000083000F0B501F07F00CF090D467C00AB
:10B1B00000EB4001DFF838C1C9003C4401EB8404D6
:10B1C0000CEB040E1E460023AEF806304CF80420AB
:10B1D00083B0AEF80460430040B127BB0CEB010321
:10B1E0009A7A002A48D1012003B0F0BDD6B93A4A74
:10B1F000D2F88024C2F3C012974213D03748FFF729
:10B200006DFE374B5B68C3F30803003B18BF012397
:10B2100000933046294633463246FFF7A9FB01200A
:10B2200003B0F0BD17B303440CEBC30C00EB800379
:10B23000BCF81210BCF81020BCF81440DCF80C501C
:10B24000521A9B0092B203F1804303F51C33254947
:10B25000C3F80056A24228BF224601EB8000C3F883
:10B260000426FFF73BFE012003B0F0BD1E48FFF7A8
:10B2700035FE012003B0F0BD08289F720ED1164B99
:10B28000D3F8C024D103AED4DCF8C010C3F8A017A3
:10B290001648C3F8A427FFF721FEA4E75CF8015085
:10B2A0000D4C9A8800F5947100EB800654F821103B
:10B2B000DB88D31A9BB289B204EB86028B4204F17D
:10B2C000280428BF0B46C2F8005704EB8000C2F8E0
:10B2D0000437FFF703FE86E700700240507002401B
:10B2E00000ED00E0047002404C70024048700240E3
:10B2F000F46F0020F8B511F07F0307D11A4B01223B
:10B300005A65BFF36F8FBFF34F8FF8BD082BF8D08E
:10B31000154A41F48070C909C2F81805F1D1134DDE
:10B3200003EB430005EBC004C000A67A002EE8D072
:10B3300003F59476A17252F82660A188E4882F580C
:10B340000B480C1BA1B2B5B203EB830C02EB8C02D1
:10B35000A94228BF2946C2F8007700EB8300C2F853
:10B360000417FFF7BBFDCCE700700240F46F00202C
:10B370002870024011F0770F12D00A4B41F480720E
:10B38000C3F80C15C3F80C25CA09C3F8181504BF77
:10B3900001F5947143F82120BFF36F8FBFF34F8FF6
:10B3A000704700BF007002402DE9F04F854B864882
:10B3B000D3F80013002387B01F461D46012421FA4D
:10B3C00003F2D6070BD550F8232042B104FA03F25A
:10B3D00040F823501743BFF36F8FBFF34F8F0133F4
:10B3E000192BECD1FC0700F1C781784E380508D540
:10B3F000744BD3F8A83601229BB2A6F8D23086F857
:10B40000D720B90214D56F4CD4F81435DA0500F101
:10B410000482D4F81035DB0540F1098296F8D73064
:10B42000002B40F03482012203210020FFF7B4F901
:10B4300079021FD5634BD3F8004404F4E062C3F8EB
:10B440000024E20500F1DE81650510D55D4B012287
:10B45000C3F808259A65D3F8002312F4001208BF38
:10B46000C3F85421574B4FF40012C3F80423A0052E
:10B4700000F1C28139022BD5524BD3F88024D2B2CD
:10B480008DF81020D3F88414C9B28DF81110D3F8B8
:10B4900088048DF81200D3F88C048DF81300D3F8CB
:10B4A00090048DF81400D3F894048DF81500D3F8A7
:10B4B00098048DF81600D3F89C348DF81730520696
:10B4C00001D1052904D0012204A90020FFF720FAA8
:10B4D0003F4B3B403BB196F8D830002B00F08581C4
:10B4E000002386F8D830DFF8E490DFF8D8A0029780
:10B4F0004D460024C8460DE0B2F806C0A5F804C0C9
:10B50000D2880127009792B2FFF732FA082E3DD079
:10B5100001341835029B04F10C0223FA02F204EB09
:10B52000440C04EB840E08EBCC0C0023E6B212F0C2
:10B53000010F0AEB8E0E624631461846E6D0DEF861
:10B5400008E72F685FFA8EFE07EB0E0BC5F800B018
:10B55000BCF806B01EFA8BFB1FFA8BFB082CACF86C
:10B5600006B01FFA8EFEC7D0B5F808B0F345C3D1B8
:10B57000BCF806C0B5F804E01FFA8CFCE645BBD960
:10B58000002EC3D11348FFF7A9FCC1E7029F124B5D
:10B590003B404646002B00F0CA800A4BD3F86C842F
:10B5A000C3F86C84BFF36F8FBFF34F8F17F48067BE
:10B5B00040F0C080CDE90277024FDFF820A00024E0
:10B5C00016E000BF0070024000710240F46F0020DE
:10B5D000FCFB1F004C70024000040001047002409C
:10B5E000002C00F0BC80072D3DD0013409F1180972
:10B5F00028FA04F304EB840C04EB440213F0010F6B
:10B6000007EB8C0C06EBC202E5B24FEA8400E7D0F0
:10B61000DCF80816D9F80C30C9B203EB010BC9F8F5
:10B620000CB0538A11FA83F39BB25382518AB9F852
:10B6300010E089B271454FF00003504445F080019D
:10B6400080F08580538AB9F81420CCF800B6AEEBB0
:10B6500003039BB2934228BF1346CCF80436FFF78E
:10B660003DFC072DC1D118F4803F7DD1039B002BF9
:10B670007AD118F4003F08D0F28BB38B92B2934288
:10B6800000F2F280012386F8223018F4802F08D0CF
:10B69000F38EB28E9BB29342C0F00681012386F8EE
:10B6A0003A3018F4002F0AD0B6F84E20B6F84C30D5
:10B6B00092B29A42C0F00B81012386F8523018F4FE
:10B6C000801F0AD0B6F86620B6F8643092B29A426B
:10B6D000C0F01181012386F86A3018F4001F0AD0E7
:10B6E000B6F87E30B6F87C209BB29342C0F0218140
:10B6F000012386F8823018F4800F0AD0B6F896300D
:10B70000B6F894209BB29342C0F02781012386F8BB
:10B710009A3018F4000F0AD0B6F8AE30B6F8AC2064
:10B720009BB29342C0F02E81012386F8B23007B05D
:10B73000BDE8F08FD3F88024D3F8803483F0800301
:10B74000C3F3C0130393C2F3C013029334E7528AC6
:10B750000120009092B21846FFF70AF943E7029BD6
:10B76000002B3FF442AF53E7F388B2889BB29A4272
:10B7700067D80123B3727CE78D4B8E4A8E4E8F487B
:10B7800000240125C2F81455C2F810555460946283
:10B790005C609C629C60DC62DC601C631C615C63BE
:10B7A0005C619C639C61DC63DC611C645462946436
:10B7B000C2F85841D2F80034D2F800140B43C2F852
:10B7C0000034D2F80033C2F808332146C2F804032B
:10B7D0003046DC2212F0A2FB40232A4621462046B6
:10B7E000B3823381FFF766F800E6754B1B68DB0711
:10B7F0007FF579AE00BE76E6012205210020FEF736
:10B80000CBFF37E60122C3F82C2504210020FEF7E8
:10B81000C3FF65057FF52BAE18E6D4F8C034DD0311
:10B820007DD5D4F81035D8053FF5F8ADFBE54FF4DC
:10B830000013C4F80833012203210020FEF7ACFFF7
:10B84000F6E55C493468D1F8A004F388C1F80047F4
:10B85000D31A9BB282B2934228BF13465948C1F80B
:10B860000437FFF73BFB04E7524AB469D2F8A4144B
:10B87000F08BC2F814471B1A9BB289B28B4228BFC7
:10B880000B465148C2F81837FFF728FBFDE6B6F81B
:10B89000D22000230121009192B21846882186F817
:10B8A000D730FFF765F8BEE54249346BD1F8A804FC
:10B8B000F38EC1F82847D31A9BB282B2934228BFB5
:10B8C00013464248C1F82C37FFF708FBE9E6394A2E
:10B8D000B46CD2F8AC14B6F84E00C2F83C471B1A50
:10B8E0009BB289B28B4228BF0B463948C2F8403719
:10B8F000FFF7F4FAE3E62F4A346ED2F8B014B6F844
:10B900006600C2F850471B1A9BB289B28B4228BF0F
:10B910000B463048C2F85437FFF7E0FADDE6D6F8B8
:10B92000C020C4F8A0272C48C4F8A437FFF7D6FAE3
:10B9300077E72049B46FD1F8B404B6F87E30C1F887
:10B940006447D31A9BB282B2934228BF134623485E
:10B95000C1F86837FFF7C2FACDE61649D6F890402D
:10B96000D1F8B804B6F89630C1F87847D31A9BB22C
:10B9700082B2934228BF13461948C1F87C37FFF7BB
:10B98000ADFAC6E60B49D6F8A840D1F8BC04B6F823
:10B99000AE30C1F88C47D31A9BB282B2934228BF13
:10B9A00013461048C1F89037FFF798FABFE600BF7A
:10B9B0000470024000700240F46F00200514C001C2
:10B9C000F0ED00E0287002402C7002403070024020
:10B9D0003470024038700240487002403C700240AF
:10B9E0004070024044700240F0B5012883B006D098
:10B9F000022800F0828000283AD003B0F0BDB34B9B
:10BA0000D3F80025002AF8D00022C3F80425BFF39C
:10BA10006F8FBFF34F8FAE498020C1F88400BFF312
:10BA20004F8FBFF36F8FD3F80013C3F80813C3F819
:10BA30000025BFF36F8FBFF34F8F43F2040103F173
:10BA40008D53096803F5772303F2DB53994200F025
:10BA50006D81A04B01221A609F4B5A68C2F3080205
:10BA6000003A18BF012202210020FEF795FEC4E72C
:10BA7000964BD3F80025002ABFD14FF480014FF434
:10BA80000062C3F80813C3F80024BFF36F8FBFF33D
:10BA90004F8F924B1B68082B00F0C7808B4B012205
:10BAA000C3F80025BFF36F8FBFF34F8F43F204023B
:10BAB00003F18D53126803F5772303F2DB539A42A7
:10BAC00000F0DD804FF08043D3F80C24D3F80C3421
:10BAD000DF0300F1E88043F20402814B12689A42CE
:10BAE00000F0E5807F4B00221A601B6801934FF045
:10BAF0008043012201991A607FE7744BD3F8043523
:10BB0000002B47D1714AD2F800341805FBD54FF409
:10BB10000063C2F80034BFF36F8FBFF34F8F6F4BDA
:10BB20001B68082B48D06949694A80230120C1F865
:10BB30001C35C1F80403C2F884315360684E43F2E7
:10BB400004054FF080442B68B34211D0D4F80C2484
:10BB5000D4F80C34D903F6D5D307F4D55B4B0122C6
:10BB6000C3F80425BFF36F8FBFF34F8F03B0F0BD51
:10BB700001A800278DF80470FFF7AEF99DF8043096
:10BB8000002BE3D001A80197FFF7A4F9019B002B3C
:10BB9000D9D0E3E743F20402514B12689A4200F015
:10BBA000B1804FF08043D3F80C24D3F80C34DD037C
:10BBB000A8D5D407A6D520E74B4B1B68032BB2D8DA
:10BBC0004A4B1A68002A40F0BE80494849F2753154
:10BBD000196002601960414A434B12681B68082AC9
:10BBE000A1D1032B9FD8434AD35C93B13F4B1A6832
:10BBF000002A40F0B080404849F275311960026077
:10BC00001960364A384B12681B68082A8BD1032BFF
:10BC100089D83A493A4B40F2E370402208601A60F2
:10BC2000BFF36F8FBFF34F8F7DE72F4B1B68032B45
:10BC30003FF634AF2F4AD35CABB12C4B1A68002AC5
:10BC400040F08D802C4949F2753203201A6008605B
:10BC50001A60224A244B12681B68082A7FF41EAF20
:10BC6000032B3FF61BAF214B1A68002A6FD12049E6
:10BC700049F27532C0201A6008601A600EE701A808
:10BC800000248DF80440FFF727F99DF80430002BBD
:10BC90003FF418AF01A80194FFF71CF9019B002B9A
:10BCA0007FF4ABAE17E7D6073FF5A7AE13E7002347
:10BCB00001A88DF80430FFF70FF99DF80430002B30
:10BCC0003FF410AFFFF702F997E600BF00700240A3
:10BCD00000E100E00400004000ED00E03001001051
:10BCE000DBE5B151000100403401001000EC0640DA
:10BCF00014EC06404815040014ED0640007802409C
:10BD00000478024001A800248DF80440FFF7E4F80D
:10BD10009DF80430002B3FF444AF01A80194FFF7D5
:10BD2000D9F8019B002B7FF468AEEBE601A88DF8F3
:10BD30000420FFF7D1F89DF80430002B3FF489AEC2
:10BD4000FFF7C6F888E6084B00221A6043E7064B67
:10BD5000C0221A60A2E6054B00221A6051E7034B8D
:10BD600003221A6075E700BF14EC064014ED06408C
:10BD700008B50020FDF75CFF00B108BD024B1B6851
:10BD8000DB07FAD500BE08BDF0ED00E0FDF74ABFC5
:10BD9000C378828803F003000228C2F30A0205D0A8
:10BDA000032819D0012807D00020704702291CD091
:10BDB000402A09D801207047022940F2FF3308BF0A
:10BDC0004FF480639342F6D20A4B186810F00100DA
:10BDD000F1D000BE0020704702290CBF4FF48063F1
:10BDE00040239342F0D30120E5E7B2F5007FE1D094
:10BDF000EAE700BFF0ED00E00A44914216D230B409
:10BE00004C78052C05D00C7821448A42F8D830BCF7
:10BE100070478C7804F07F0500EB4505E4092B554D
:10BE20000C7821448A42EBD830BC7047704700BF81
:10BE300072DF704773DF704777DF704738B50546AC
:10BE400008460C4602F09CF9102803D080280ED03A
:10BE5000012038BDEB7FA2881B2B0EDCE9180320E4
:10BE6000E85448704A80EB7F0433EB77F0E7A3682F
:10BE7000002BEDD0E97F0D2901DD002038BD6A18C7
:10BE8000112068540721517058681C689968DB6854
:10BE9000C2F80E30C2F80600C2F80240C2F80A101A
:10BEA000EB7F1233EB77012038BD00BF0022C27751
:10BEB0000270704730B5D1E9042485B0CD68074BD6
:10BEC00000936946CDE902240195FFF7B7FF0446C8
:10BED000684602F031F9204605B030BDA0150400D7
:10BEE00010B50446094802F0A7FDE37F1C2B01DDD5
:10BEF000002010BDE2180221E1540A239070537013
:10BF0000E37F0333E377012010BD00BFE87000201A
:10BF1000C27F1C2A01DD0020704710B403469C1824
:10BF2000022098540120A1706070DA7F0332DA7722
:10BF30005DF8044B704700BF10B4084A084C09492B
:10BF400002620022C0E90A41C0E90C225DF8044BFC
:10BF50000270C27742628263704700BFFF01010036
:10BF60002000F40020001E00F0B5154605EB850307
:10BF7000274A89B0044603EB830300200E469B004A
:10BF800011680290CDE90460ADF8143094F82130C6
:10BF90008DF80830CB07CDE90600039009D41D4980
:10BFA0001D4BC87FE77F988101201C6099609F80AE
:10BFB0001060194902AA04F12000FFF739FF10B1FF
:10BFC000002009B0F0BD94F820101448019102F04F
:10BFD00033FD019902460120FFF72EFF0028EFD123
:10BFE00094F820000121FFF725FF0028E8D10B4835
:10BFF00002F080FD628EA68595424FF0010094BF4D
:10C00000521B921A628684F8230009B0F0BD00BF6B
:10C01000D070002064770020D4700020E8700020E9
:10C02000F0B5002361F30F032D4D044661F31F4368
:10C0300089B00363FA21284602F006FDE68D2949FE
:10C04000278D0868049706EB860303EB8303002221
:10C050009B000592ADF8143094F8213002928DF8CF
:10C060000830C307CDE9062203920BD41E4BE27FB2
:10C0700095F89B069A8005F27C6501221C609D6004
:10C0800098810A60184902AA04F12000FFF7D0FE47
:10C0900010B1002009B0F0BD94F8201010480191B3
:10C0A00002F0CAFC019902460120FFF7C5FE0028F4
:10C0B000EFD194F820000121FFF7BCFE0028E8D161
:10C0C000074802F017FD638EA7859E424FF00100DE
:10C0D00094BF9B1BDB1A638684F8230009B0F0BD74
:10C0E000E8700020D0700020D470002030B50B889C
:10C0F0008D88112B85B0044605D0262B33D0102B0C
:10C1000025D005B030BD436AEB40DB07F9D52E489A
:10C1100001F0DEF80028F4D1636A94F823100122BC
:10C1200002FA05F523EA050363620029E9D194F8D0
:10C130002230002BE5D0238E23486386FA2102F0BB
:10C1400083FCE28D218D2046FFF70EFFD9E7CB7BE4
:10C15000012BD6D1426A03FA05F515430023456247
:10C1600080F82330CDE70B7A012BCAD1002380F869
:10C1700023304FF4FA71144802F066FC238E5BB151
:10C18000658E95B1A36B0BB19847658E618D2A467C
:10C190002046FFF7E9FEB4E7A36B03B19847618D32
:10C1A00000222046FFF7E0FEABE7074802F0B6FCAE
:10C1B000626B002AA5D0009503AB2946284603955B
:10C1C0000CF060FC9DE700BFE870002075DF704751
:10C1D00010B44FF010144FF448010022C0E90041A0
:10C1E000C0E902225DF8044B704700BF014800F02F
:10C1F00075BE00BFD8770020F8B500250D4F2E463C
:10C2000001E0142D14D0A9B2384602F05BFC0135D0
:10C2100004460028F5D000F00FFD0028F1D020469C
:10C2200000F014FD022804BF0136F6B2142DEAD145
:10C230003046F8BDE870002070B58E881B480C466B
:10C2400094B0314602F03EFC23881A2B05D01F2BF8
:10C250001CD0102B0FD014B070BD054600F0EEFCC2
:10C260000028F8D0284600F0EBFC0028F3D128463F
:10C2700000F04CFDEFE7694600F030FD0028EAD001
:10C280006A4631460A4801F0B7FBE4E754F8080F64
:10C2900061686B4603C33046BDF80030ADF802302C
:10C2A0006946FFF793FF14B070BD00BFE87000202F
:10C2B00008710020AADF7047ABDF7047ACDF704722
:10C2C000ADDF7047AEDF7047B0DF704710B5044B8D
:10C2D000044640F8043B01F02FFF204610BD00BF8C
:10C2E0005815040010B5054B044640F8043B01F016
:10C2F00023FF20460CF028F9204610BD58150400F5
:10C3000070B57B4B04461B68836196B0043001F026
:10C3100047FF94F82E30A06913F0320208BF84F86A
:10C320002F2013F00C0308BF84F830300DF1010208
:10C33000694601F0F7FE94F82F209DF801001507DB
:10C340000DD09DF8001002F00F0301F00F059D4283
:10C350004FEA12126DD243EA021284F82F2094F8A9
:10C36000303019070BD003F00F0100F00F058D429C
:10C370004FEA131369D241EA031384F8303094F87A
:10C380002E1011F0300340F096800FAD0F93C5E9E9
:10C390000133C5E903338DF83C10AB610021ADF8E2
:10C3A00009109DF80A10206A1493012363F34201D7
:10C3B0008DF808208DF80A1008B1037873BB94F843
:10C3C000263013B104F12603129394F83120002390
:10C3D000D2070893079358BFE38AADF81C3004F1E5
:10C3E000080004F12F01CDE9050154BF1846E08A89
:10C3F000ADF82000294604F13203E569099505AA44
:10C400000020FFF757FF054628B994F8253043BBB5
:10C41000237D002B64D0284616B070BD109012F01A
:10C420006AFC02AB80B2ADF84400ADF8460013934D
:10C43000C5E74FEA111101D191428CD30A462B4630
:10C4400043EA021284F82F2089E74FEA101001D145
:10C45000984290D30346294641EA031384F83030CA
:10C460008DE7ADF80D009DF80E2094F82F600C902C
:10C47000012363F3420242F608118DF80E208DF875
:10C48000123004AA0223ADF8101003A90D90ADF8E4
:10C490003030ADF834300A9204F124030B910DF1E1
:10C4A00002020AA98DF80C600E93FFF705FF002821
:10C4B000AED00546AFE70F4B8DF805200FAD1B78CA
:10C4C0008DF80430022000230F938DF80600C5E993
:10C4D0000133C5E90333AB618DF83C1001AB5DE777
:10C4E0002146054800F0B6FE284616B070BD00BFD4
:10C4F000E47000204C150400287500202DE9F0415F
:10C500000B888E88502B8AB00C46054609D0512BDB
:10C5100004D18B79012B19D0022B26D00AB0BDE8AB
:10C52000F081CB88428E9A4235D0EA8E9A42F5D17C
:10C530006B6D002BF2D095F84420648A920700F1CD
:10C540008A802246294630469847E7E7836C002BCD
:10C55000E4D090F84420520701F108076CD43A4621
:10C56000294630469847A379D6E7A27B042A46D0CD
:10C57000062A20D0012AD1D1EB6C002BCED095F821
:10C580004420170704F1080400F1A580224629463B
:10C5900030469847C2E7076D002FC6D090F8443068
:10C5A000D90768D404F11208238A42462946304646
:10C5B000B847E388B9E7EA6B002AAFD0002202A9A6
:10C5C0003046CDE90222CDE90422ADF80C208DF8E9
:10C5D0000830FFF779FE2C6D54B195F84430D80738
:10C5E00000F19280B5F84230EA6B30462946A04708
:10C5F000E86B09F063FC0023C5E90F338EE7E86BB5
:10C60000002878D0B5F84010278A628A07EB020C20
:10C6100000234FF0020E8C45CDE90633CDE90833F7
:10C620008DF818E039DD40F20913ADF81C3006A989
:10C630003046FFF749FE71E703211A46009106AB29
:10C6400008213846CDE9066508970CF01BFA00284A
:10C6500089D1AB6C83E7032000211A46009006AB1A
:10C660000846CDE9066508940CF00CFA00287FF422
:10C6700055AF6B6D65E7218A069604F11208042315
:10C6800000933A46404606ABCDE9088107950CF089
:10C69000F9F900288DD12F6D86E79DF81EC0ADF801
:10C6A0001C3004F114014CF001033844ADF8222091
:10C6B0008DF81E300991ADF8207011F007FC238A27
:10C6C000618AB5F842200B449BB2934238BF1346AF
:10C6D000A5F84230ABE703211A46009106AB0E21C4
:10C6E0002046CDE9066508940CF0CCF900287FF4CB
:10C6F00015AFEB6C4AE74FF4806009F0C5FB4FF4CF
:10C700008061C5E90F017FE7E86BB5F84210069636
:10C7100004230093224606ABCDE9075009910CF0A3
:10C72000B1F900287FF464AF2C6D5BE72DE9F04F81
:10C730000F464FF6FF718F4289B0064615461C46DC
:10C7400026D0F18A96F82E308C4228BF0C46DB06A4
:10C7500015D40DF1100B8C4228BF0C464FF0000889
:10C76000718EADF810405A464FF6FF700595ADF842
:10C770001280FFF7A3FD404609B0BDE8F08F3948AD
:10C78000394602F087F908B1F18E31B9F18AE0E754
:10C79000344802F08BF90746D3E7002002230DF15D
:10C7A000100BADF81200ADF810305A460DF10E0323
:10C7B00038460593FFF784FD43F2014398424FD07A
:10C7C00000284AD19DF80E8008F00108B8F1000F4A
:10C7D00046D02448394602F075F98246A0B300F0ED
:10C7E00037FA033883B2002CC5D0CDF804804FF05F
:10C7F0000009984605E0BDF80E30E41AA4B21D44C5
:10C8000044B3504600F038FAA04503464246594624
:10C8100028BF22463846BBB1ADF80E204FF00102CA
:10C82000738E8DF812200DF10E02CDE90625CDF89C
:10C8300013908DF81790ADF81030FFF743FD0028E6
:10C84000D9D0504600F022FA4FF00008404609B017
:10C85000BDE8F08FDDF804808DE700F00108B5E752
:10C86000F18A78E7E870002070B44E68164A866056
:10C870000260D1E90262154B154D1C7845600261DA
:10C88000142500220321C0E90F22C0E91222C0E9C9
:10C890001422C660C58280F8311080F844200275E9
:10C8A000826102628284C0F82620C0F82A2080F8C3
:10C8B0002E20C26142864263028780F82F4080F8B2
:10C8C000304070BC704700BF581504004C15040080
:10C8D000A01504008069704780F82E10704700BFD3
:10C8E000C182704780F82F1080F83020704700BF59
:10C8F00090F84430016562F3000380F844307047DB
:10C900000162704751F8322F0260496841607047F8
:10C9100090F82E3013F0100301D11846704730B54F
:10C92000044685B011480D4602F0B4F810B1E18E0E
:10C9300011B9084605B030BD0DF1060328460024A4
:10C94000022502AA0393ADF80A40ADF80850FFF79C
:10C95000B7FC43F20143984206D008B99DF806009F
:10C9600000F0010005B030BD2046E3E7E87000208C
:10C9700010B490F82E4014F0100403D05DF8044B6E
:10C98000FFF7D4BE20465DF8044B7047A1DF704727
:10C99000A3DF7047A4DF704700238383704700BF85
:10C9A000006A00F0E3B800BF808B70472DE9F041CA
:10C9B0000B88CE88382B86B00C46054606D0392B1E
:10C9C00066D0362B43D006B0BDE8F08100F12407D5
:10C9D000002E36D10A8A3846314602F0DDFD94F841
:10C9E0000C80B8F1010F2CD0B8F1040FEBD1286AFC
:10C9F00000F0BCF801465C4802F064F800F028F949
:10CA00002A8E053883B2934228BF1346002B00F0CC
:10CA10009A80218AE289286AAC8B8DF80D600A44DD
:10CA2000E96A05918DF80C80ADF81230ADF8102050
:10CA3000ADF80E4000F09AF803A9FFF7A9FF00280F
:10CA4000C1D0384602F0C0FD06B0BDE8F081006AF2
:10CA500000F08CF80146444802F034F800F0F8F891
:10CA600007466EBB05F12406E289304604F1100149
:10CA700002F092FD2B8E2BB1F81EE38980B20138B3
:10CA8000834255DA304602F09FFD06B0BDE8F081E2
:10CA90000B7B012B1AD0022B95D1836B002B92D0EC
:10CAA00090F83C208F8892071FD401F11006E2898C
:10CAB00031462846984761893846FFF76BFF82E781
:10CAC00005F12407384602F07FFDBDE7436B002BDC
:10CAD0003FF479AF90F83C20D10717D404F1100649
:10CAE000E2893146284698476DE7C989039004F1E9
:10CAF000100603201A46009003AB3046CDE90461CE
:10CB00000BF0C0FF0028D6D1AB6BD0E7E1890390D2
:10CB100004F1100603201A46009003AB3046CDE91D
:10CB200004610BF0AFFF00287FF44DAF6B6BD7E7CC
:10CB3000286A00F01BF86A8EA98B92B2FFF726FFD5
:10CB400000289FD13FE7AA8B286AADF80E2040F25B
:10CB50000511ADF80C10CDE9043300F007F803A976
:10CB6000FFF716FF6DE700BFE87000208088704770
:10CB70008FDF704790DF7047B1DF7047B5DF7047D8
:10CB800010B5074B03600446806A0AF017F8E06AA4
:10CB90000AF014F8206B08B10AF010F8204610BD16
:10CBA0007015040010B5094B03600446806A0AF052
:10CBB00005F8E06A0AF002F8206B08B109F0FEFF00
:10CBC00020460BF0C1FC204610BD00BF70150400CC
:10CBD00070B504460D4692E80300A5800E0CA061D6
:10CBE000A183144DA67717201B2156892560E0806C
:10CBF0009589D089E181D1796581012222752274DC
:10CC0000A08161741846194626819DF8105009F0DC
:10CC1000FFF92946A062284609F0FAF94FF4885135
:10CC200000234FF6FF72E182E06262822363637544
:10CC3000204670BD70150400007D7047407D704730
:10CC4000C07D113818BF0120704700BF407C70477D
:10CC5000C0887047008970474B7D10B44BB11F31BD
:10CC60000C688A888B79046082805DF8044B83713C
:10CC700070471831F4E700BF08B56621806A09F0F3
:10CC800021FE003818BF012008BD00BF08B50023F1
:10CC90001A461946806A09F0EDF9003818BF0120DC
:10CCA00008BD00BF818800F11F02407C02F0D2BCA9
:10CCB00038B50A4605460C468188407C02F0B6FC31
:10CCC0002146012051F8483FC5F81F308B888A79EA
:10CCD00085F82520A5F82330687538BD38B50A4693
:10CCE00004460D4600F11801407C02F0E9FC607535
:10CCF00050B1294651F8483FC4F81F308B888A79D3
:10CD000084F82520A4F8233038BD00BF10B5447D39
:10CD100024B100F11F01407C02F0B0FC204610BDA0
:10CD200070B50B88113B82B00C460546462B2BD8BC
:10CD3000DFE803F0383B2A2A2A2A2A2A2A422A2A0A
:10CD40002A2A2A2A50585E642A2A2A2A2A2A2A2A81
:10CD50002A2A2A2A2A2A2A2A2A2A2A2A2A672A948C
:10CD60002A2A2A2A2A2A2A2A2A2A2A2A2A2A2A2A23
:10CD70002A2A2A2A2A246A2A752C84000023A888B1
:10CD80001A461946FFF7F8FE02B070BD8B79002BEA
:10CD9000FAD1006BAB750028F6D01A46194609F097
:10CDA00069F9F1E700230375EEE74B8903818B896D
:10CDB0004381CB898381E7E70B7AC375112BE3D0DD
:10CDC000818800F11F02407C02F032FD03460028FA
:10CDD000DAD1D4E7002301A98088ADF80430FFF749
:10CDE000C7FED1E70B7A002BCED14B7A0374CBE789
:10CDF000002211468088FFF7BDFEC5E70B89C3817D
:10CE0000C2E74B89C380BFE7006B0123AB750028E5
:10CE1000BAD000231A46194609F02CF9B4E7417C30
:10CE2000164801F047FEE3880146994228BF19469B
:10CE300089B2A888E980FFF7A1FEA5E78B79002BCE
:10CE4000A2D0002600231A461946A86A09F012F952
:10CE50000136A279F3B29A42F4D895E78B7A002B87
:10CE600092D0002600231A461946E86A09F002F912
:10CE70000136A27AF3B29A42F4D885E7E87000202E
:10CE800070B58AB086880B4606A84FF42851144620
:10CE900005934FF6FF7501F057F90120CDE9010523
:10CEA000059B0094314606AA044800F06FF804463A
:10CEB00006A801F041F920460AB070BD287500208F
:10CEC00010B50446043002F003FB034B236000233B
:10CED0002375204610BD00BF0100FFFF017D01B199
:10CEE000704710B50446043002F0FCFA01232375A4
:10CEF00010BD00BF007D70470B88322B10B504D0E9
:10CF0000332B17D0302B08D010BDCB88DBB1041DDC
:10CF10002046BDE8104002F057BBCB88041D002B13
:10CF2000F6D14B89002BF3D00A3120460A2202F0B9
:10CF300033FBEDE7CB88002BE9D14A89002AE6D004
:10CF400002EB420204E04A89002AE0D002EB8202AE
:10CF50005200041D023292B20A31204602F01CFB3C
:10CF6000D6E700BFA0DF704710B5044600F5F870A3
:10CF700002F0AEFA2046F822002110F0CFFFF8228E
:10CF8000A018002110F0CAFF204610BD2DE9F0477F
:10CF900082B00546BDF82C60BDF830402048ADF8A1
:10CFA0000460BDF828A0ADF80640904699460F46AB
:10CFB00001F088FD05F5F875064603E0FFF74AFE27
:10CFC00008F046FF284602F0E5FA04463046002CF9
:10CFD000F4D10121284602F085FA524649462846F6
:10CFE00002F09CFA08F10401384601AAFFF7BAFFE3
:10CFF00030B1284602F080FA204602B0BDE8F08742
:10D000004FF4FA71284602F08FFA20EAE0742846BD
:10D0100002F072FAA4B2204602B0BDE8F08700BF69
:10D02000E87000202DE9F04F8F880D8885B0884684
:10D0300004463946864801F045FDA5F11003012B51
:10D04000814640F2908094F854203AB3002633464B
:10D050001633502D54F823A069D0512D1AD198F8C9
:10D060000630B8F808B0022B53D0BBF1000F11D036
:10D0700051466846FFF746FCBDF800305B4559D085
:10D08000514602A8FFF73EFCBDF80C305B4551D07D
:10D0900094F854200136F3B29342D9D394F84C312A
:10D0A000002B00F0D18004F5A679002604E094F866
:10D0B0004C310136B34220DD59F8040FFFF770FC04
:10D0C000B842F4D1382D03D0392D01D0362DEED110
:10D0D000B8F80AA0BAF1000FE9D0D9F800B0584664
:10D0E000FFF762FC5045E2D158464146FFF75EFC2F
:10D0F00094F84C310136B342DEDC112D55D0352D7C
:10D1000004D1B8F80A30002B40F08F8005B0BDE89C
:10D11000F08F98F80E30062BA7D1DAF80030504681
:10D12000DB68414698474846FFF78AFDB0E7B8F804
:10D1300006B09AE7DAF800305046DB684146984777
:10D140004846FFF77DFD0028A2D0502DA0D15146C2
:10D1500002A8FFF7D7FBBDF80C305B4598D14846D5
:10D16000FFF7A0FD94E72378002B3FF46CAF002677
:10D17000112D33460CD004EB8303394658680368FD
:10D180005B68984701362278F3B29A42F3D85AE79F
:10D1900004EB83033946586803681B6898470136D7
:10D1A0002278F3B29A42F3D84DE7D3B10026334642
:10D1B00005E094F84C210136F3B29A4211D904EB00
:10D1C0008305D5F85001FFF7EBFBB842F1D1D5F854
:10D1D0005001FFF7E1FB013694F84C21F3B29A427B
:10D1E000EDD894F8F820002A90D000252B4604EBC7
:10D1F0008303D3F8FC008388BB420AD00135EBB22D
:10D20000934283D204EB8303D3F8FC008388BB42B0
:10D21000F4D103681B689847013594F8F820EBB205
:10D220009342E4D305B0BDE8F08F04F5F874B8F884
:10D230000C20204608F1100102F0AEF9204605B09E
:10D24000BDE8F04F02F0C0B9112D7FF458AFC8E728
:10D25000E870002090F85420272A0CD810B4034618
:10D2600002F11604013280F8542043F82410012002
:10D270005DF8044B70470020704700BF0378132B04
:10D2800006D800EB83020133037001205160704720
:10D290000020704778DF70477ADF7047054A034601
:10D2A00092E80300002283E80300C3E90222184643
:10D2B000704700BF7815040008B5FFF7EDFF08B10F
:10D2C000002008BDFFF7E6FFB0FA80F0400908BD76
:10D2D000F8B500250D4F2E4601E0142D14D0A9B24B
:10D2E000384601F0EFFB013504460028F5D0FFF782
:10D2F000A3FC0028F1D02046FFF7A8FC012804BFBA
:10D300000136F6B2142DEAD13046F8BDE87000209F
:10D31000704700BF8ADF704730B40D4CC4621F25D0
:10D32000002250248584A025C0E91122C0E90F22E3
:10D33000A0F84650A0F84840006230BC82620286E5
:10D3400080F838204263C264A0F85020704700BFC4
:10D35000000180002DE9F04F10468DB016460C46B6
:10D3600000F00EFFC5B2102D4FD0B668072206237D
:10D37000A16994F81C9001918DF80D208DF80C3066
:10D38000ED080DF10C080DF10E0A0027B9F1010F9F
:10D390000A97CDE90477CDE90677CDE90877CDF88E
:10D3A0002B700ED998F8000001994B464A788242BA
:10D3B0000FD00A78D4432344013213F0FF03114401
:10D3C000F4D108F10108C245E0D100200DB0BDE85C
:10D3D000F08F11F8024B013CE4B2224604A810F091
:10D3E00075FD0DF1100B1CB9EBE714F0FF04E8D04C
:10D3F00058462A46314610F05BFD641BAB440028BA
:10D40000F3D101200DB0BDE8F08F043603220223D2
:10D41000AEE700BF2DE9F0430B888E88103B87B044
:10D420000D4604460D2B2CD8DFE803F077072B2B95
:10D430002B2B2B2B2B2B2B842B2E836AF340DB07E0
:10D440001FD55648FEF7D8FED8B9A36A94F82C2009
:10D45000012505FA06F623EA0606A6628AB994F8BB
:10D460002D3073B11F232462A38404F1200104F141
:10D470004400FFF74FFF20B9494801F03BFB84F817
:10D480002C5007B0BDE8F08390F92E2091F91B30A5
:10D490009A423ADC90F8383001F108080BB3DFF813
:10D4A0000491002602E0D6B2B34218D9636BCDF8DE
:10D4B000089003EB061302AA59680391D3E902739B
:10D4C0004146204605930497FFF744FF074602A80C
:10D4D00000F032FE94F83830721C002FE3D09E42E8
:10D4E00013D094F82F30002B49D095F82430012B1D
:10D4F0000BD9296A4A78FF2A30D00A78D0430344EE
:10D50000013213F0FF031144F4D104F12001002093
:10D51000FFF700FF07B0BDE8F083CB7B022BB0D153
:10D52000836A012202FA06F633430022836280F8FE
:10D530002C20A6E70B7A012BA3D1002580F82C50D4
:10D54000174801F0EBFA226C002A9AD0009502AB42
:10D550002946284602950BF095FA92E711F8025BEE
:10D560006A1ED2B2022A28BF022202A810F0AEFC24
:10D57000012DCAD0228EBDF808309A42C5D1E26B87
:10D58000002A3FF47EAF01230093404602AB2421E2
:10D59000CDF808800BF076FA73E700BFF870002032
:10D5A000E8700020A015040046DF70477FDF704759
:10D5B00080DF704781DF704785DF704786DF704707
:10D5C00038B51C460D460346114628462246984764
:10D5D00034B1014600222846BDE83840FFF7E8BFD5
:10D5E00038BD00BF10B50C4682B0034669462046E0
:10D5F00098476A4620460121FFF7DAFF02B010BDC6
:10D6000010B50446083002F03DFB074B23600322AF
:10D6100000232271C4F81034C4F81434C4F8183448
:10D62000C4F81C34204610BD3507100330B504463D
:10D63000ADF55F7D00F108058F4802F0B7FA0821CB
:10D64000284602F023FB684602F02AFB68460821C0
:10D6500002F02AFB6946284602F0C8FA04F54F7129
:10D660004122684602F02EFB684602F027FB94F840
:10D670005C0394F85B2394F83D1394F83E3384F8EC
:10D680003D0384F83E2394F85A0394F8592394F800
:10D690003F5384F85C1384F85B3394F8401394F898
:10D6A000413384F83F0384F8402394F8580394F8F6
:10D6B000572384F85A5384F8591394F8425394F832
:10D6C000431384F8410384F8583394F8560394F8CC
:10D6D000443384F8422394F8552384F8575384F84C
:10D6E000430384F8442384F8553384F8561394F89C
:10D6F000451394F8540394F8532394F8463384F86C
:10D70000450384F8462394F8520394F8512394F87F
:10D71000475384F8541384F8533394F8481394F817
:10D72000493384F8470384F8482394F8500394F865
:10D730004F2384F8525384F8511394F84A5394F8C1
:10D740004B1384F8490384F8503394F84E0394F84B
:10D750004C3384F84A2394F84D2384F84F5384F8CB
:10D760004B0384F84C2384F84D3384F84E1394F81B
:10D770005D1394F87C0394F87B2394F85E3384F86B
:10D780005D0384F85E2394F87A0394F8792394F87F
:10D790005F5384F87C1384F87B3394F8601394F817
:10D7A000613384F85F0384F8602394F8780394F875
:10D7B000772384F87A5384F8791394F8625394F8B1
:10D7C000631384F8610384F8783394F8760394F84B
:10D7D000643384F8622394F8752384F8775384F8CB
:10D7E000630384F8642384F8753384F8761394F81B
:10D7F000651394F8740394F8732394F8663384F8EB
:10D80000650384F8662394F8720394F8712394F8FE
:10D81000675384F8741384F8733394F8681394F896
:10D82000693384F8670384F8682394F8700394F8E4
:10D830006F2384F8725384F8711394F86A5394F840
:10D840006B1384F8690384F8703394F86E0394F8CA
:10D850006C3384F86A2394F86D2384F86B030120F9
:10D8600084F86F5384F86E1384F86C2384F86D3356
:10D870000DF55F7D30BD00BF747800200B7803F09C
:10D88000FE03042B01D00020704770B515468CB004
:10D890000C462022002104A810F040FB286869688B
:10D8A000AA68EB686D460FC59DF800109DF80F2023
:10D8B0009DF801609DF80E509DF802008DF80F1044
:10D8C00023469DF80D108DF800209DF803208DF85B
:10D8D0000E608DF801509DF80C609DF804508DF895
:10D8E0000D008DF802109DF80B009DF805108DF8C5
:10D8F0000C209DF80A208DF803608DF80B508DF8F0
:10D9000004008DF805208DF80A109DF8061033F8F4
:10D91000042FADF810209B789DF809209DF81D007C
:10D920009DF810609DF81F508DF809108DF80620A5
:10D930009DF811109DF81E208DF81D309DF80730C0
:10D940008DF812008DF81F609DF808009DF8136097
:10D950008DF810508DF81E109DF81C509DF8141075
:10D960008DF811208DF808309DF81B209DF81A3095
:10D970008DF807008DF81C608DF813509DF8156028
:10D980008DF81B108DF8142068468DF815309DF821
:10D9900019109DF817209DF818309DF816508DF835
:10D9A00018208DF816108DF817308DF81A608DF844
:10D9B0001950FFF7F9FD62789DF82F309DF82E0081
:10D9C0009DF82D108DF821009A428DF8221004F157
:10D9D000010404D0012080F001000CB070BD627819
:10D9E000C3B29A4204F10104F4D16278CBB29A42F4
:10D9F000F0D10020EFE700BF08B5137CDB0758BF6C
:10DA00001C32084602F11201FFF7D6FDB0FA80F091
:10DA1000400908BDF0B58F880E46ADF56B7D044614
:10DA20003946464801F04EF83388133B0546072B2C
:10DA30002FD8DFE813F03E005F006D002E002803B2
:10DA4000870008003100337AB3B9737B9B070ED48B
:10DA5000294602A8FFF700F90299BDF80C209DF8AD
:10DA60000E3084F80C34C4F80614A4F80A242846AE
:10DA700004F2BE31FFF71CF9D4F818244AB1307A09
:10DA80000D9002230021009308460CAB0C970AF07E
:10DA9000F9FF0DF56B7DF0BDD4F81C24002AF8D0F9
:10DAA00001230021009308460CAB0C970AF0EAFF13
:10DAB000EFE704F2BE3304F2DA320C9304F2F633E9
:10DAC00000251092119304F23D3204F27E330F923E
:10DAD0001393CDE90D551295FFF7B8F801280CBF47
:10DAE00022462A460CAB29463846FFF75FFD0DF566
:10DAF0006B7DF0BD0CA9FFF7F1F80346002800F09C
:10DB0000D2820CA9384600231AAAFFF757FDC0E7B6
:10DB1000D4F810140029BCD0B37B094A03F00103E8
:10DB20000F930423CDE90C1706F10800009306219A
:10DB30000CAB0E900AF0A6FFABE700BFE870002028
:10DB4000C1D5020094F87E3394F89D2394F87FC3E6
:10DB500094F89C6394F8805394F89B0384F89D3365
:10DB6000042194F89A3384F87D1384F87E2394F882
:10DB7000811394F8822384F89CC384F87F6394F81B
:10DB800099C394F8836384F89B5384F8800394F8D2
:10DB9000985394F8840384F89A1384F8813394F8A2
:10DBA000971394F8853384F8992394F8962384F88E
:10DBB00082C384F8986384F8835384F8970384F8C5
:10DBC000841384F8852384F8963394F8862394F894
:10DBD000953394F887C394F8946394F8885394F831
:10DBE000930394F8891384F8952384F8863394F882
:10DBF000922394F88A3384F894C384F8876394F862
:10DC000091C394F88B6384F8935384F8880394F851
:10DC1000905394F88C0384F8921384F8892394F831
:10DC20008F1394F88D2384F8913394F88E3384F80D
:10DC30008AC384F8906384F88B5384F88F0384F844
:10DC40008C1384F88D3384F88E2394F89E2394F8F3
:10DC5000BD3394F89FC394F8BC6394F8A05394F830
:10DC6000BB0394F8A11384F8BD2384F89E3394F881
:10DC7000BA2394F8A23384F8BCC384F89F6394F861
:10DC8000B9C394F8A36384F8BB5384F8A00394F851
:10DC9000B85394F8A40384F8BA1384F8A12394F831
:10DCA000B71394F8A52384F8B93394F8B63384F8FD
:10DCB000A2C384F8B86384F8A35384F8A41384F847
:10DCC000B62384F8A53384F8B70394F8A60394F830
:10DCD000B51394F8A72394F8B43394F8A86394F890
:10DCE000B35384F8B50384F8A61394F8A90394F801
:10DCF000B21384F8B42384F8A73394F8AA2394F8D1
:10DD0000B13384F8B36384F8A85394F8AB6394F800
:10DD1000B05384F8B20384F8A91394F8AC0394F8D0
:10DD2000AF1384F8B12384F8AA3394F8AD2394F8A0
:10DD3000AE3384F8AD3384F8AE2384F8B06384F84E
:10DD4000AB5384F8AF0384F8AC130CA801F0A8FF20
:10DD50000CA8082101F0A8FF04F27D310CA8412293
:10DD600001F0C2FF0CA904AA202304F1080001F06D
:10DD70006BFF0CA801F0A2FF9DF810109DF82F007A
:10DD80009DF811309DF82E209DF812609DF82D50C1
:10DD90008DF810008DF82F109DF813009DF82C10B1
:10DDA0008DF811208DF82E309DF814209DF82B3021
:10DDB0008DF812508DF82D609DF815509DF82A6051
:10DDC0008DF813108DF82C009DF816109DF8290081
:10DDD0008DF814308DF82B209DF817309DF82820F1
:10DDE0008DF815608DF82A508DF816008DF81720E3
:10DDF0008DF828308DF829109DF818109DF827000F
:10DE00009DF819309DF826209DF81A609DF8255040
:10DE10008DF818008DF827109DF81B009DF8241030
:10DE20008DF819208DF826309DF81C209DF82330A0
:10DE30008DF81A508DF825609DF81D509DF82260D0
:10DE40008DF81B108DF824009DF81E109DF8210000
:10DE50008DF81C308DF823209DF81F309DF8202070
:10DE60008DF81D608DF822508DF821108DF81F203F
:10DE70008DF820308DF81E0094F87E0394F89D13E1
:10DE800094F87F2394F89C3394F8806394F89B5320
:10DE900084F89D0384F87E1394F8810394F89A1310
:10DEA00084F89C2384F87F3394F8822394F8993380
:10DEB00084F89B6384F8805394F8836394F89853B0
:10DEC00084F89A0384F8811394F8840394F89713E0
:10DED00084F8992384F8823394F8852394F8963350
:10DEE00084F8986384F8835384F8841384F8962321
:10DEF00084F8853384F8970394F8860394F895138F
:10DF000094F8872394F8943394F8886394F893539F
:10DF100084F8950384F8861394F8890394F892138F
:10DF200084F8942384F8873394F88A2394F89133FF
:10DF300084F8936384F8885394F88B6394F890532F
:10DF400084F8920384F8891394F88C0394F88F135F
:10DF500084F8912384F88A3394F88D2394F88E33CF
:10DF600084F8906384F88B5384F88C1384F88E23A0
:10DF700084F88D3384F88F0394F89E0394F8BD13CE
:10DF800094F89F2394F8BC3394F8A06394F8BB539F
:10DF900084F8BD0384F89E1394F8A10394F8BA138F
:10DFA00084F8BC2384F89F3394F8A22394F8B933FF
:10DFB00084F8BB6384F8A05394F8A36394F8B8532F
:10DFC00084F8BA0384F8A11394F8A40394F8B7135F
:10DFD00084F8B92384F8A23394F8A52394F8B633CF
:10DFE00084F8B86384F8B70384F8A41384F8B623DC
:10DFF00084F8A53384F8A35394F8A65394F8A72380
:10E0000094F8B43394F8B50394F8A81394F8B36370
:10E0100084F8B55384F8B42394F8A95394F8AA2348
:10E0200084F8A73394F8B13394F8B0C384F8A60306
:10E0300084F8B31394F8B20394F8AB1384F8A8638C
:10E0400084F8B25394F8AC6394F8AF5384F8B123D6
:10E0500084F8AA3394F8AD2394F8AE3384F8A90376
:10E0600084F8B013384604A984F8ABC384F8AF63CE
:10E0700084F8AC5384F8AE2384F8AD33FFF79AFAF2
:10E080000DF56B7DF0BDD4F81424002A3FF401ADEA
:10E090000223002100930C920CAB064A0D97084610
:10E0A0000AF0F0FCF5E438461A461946FFF786FAFE
:10E0B000EFE400BFE5D50200A8DF7047704700BF5E
:10E0C00030B5044683B0083000F06AF804F10C0162
:10E0D0000DF106020120FFF7EFFF054628B9044BBA
:10E0E00004481C602146FFF7C9F8284603B030BD3C
:10E0F000E47000202875002030B44C68C460D1E979
:10E100000241054A054D0260054A8560C0E90441A7
:10E11000426030BC704700BF88150400A0150400A1
:10E120000000111183790B70C3791370704700BF21
:10E1300062DF704763DF7047704700BF10B5044669
:10E140000AF002FA204610BD10B4054C818000226E
:10E1500001210460C0E902225DF8044B817170471F
:10E16000A0150400002210B4044C046081605DF826
:10E17000044B82718280C260704700BFA01504000A
:10E180008379012B0AD0826832B9C26822B9012B87
:10E190008CBF80200020704780207047102070477F
:10E1A0002DE9F047857982B0002D47D1C768064632
:10E1B000002F47D0102007F067FE8246384610F047
:10E1C0009AFD441E30B3DFF88490A84604E0013481
:10E1D000023C1FD4102D1DD017F804C0BCF12D0F28
:10E1E00007EB0402F3D099F80030ADF805808DF804
:10E1F000043012F8013C8DF804301022002101A8EF
:10E200008DF805C010F032FE6B1C023C0AF80500C8
:10E21000DDB2DFD5C6F808A0BAF1000F0ED0B11DEF
:10E220005046FFF785FFB168321D1020FFF782FFCF
:10E23000B0FA80F0400902B0BDE8F087012002B0DA
:10E24000BDE8F087D0F808A0E6E700BF9415040009
:10E250004DDF70474EDF70474FDF704750DF70472C
:10E260004BDF704710DF70477CDF704760DF70471F
:10E2700069DF704761DF704766DF704767DF7047AF
:10E28000704700BF0C200AF081BE00BF30B5224CA1
:10E29000224D83B0D4F828074FF0FF3108F012FB6D
:10E2A0000028F7D0C5B101A8FFF7DAFF0528F1D0A3
:10E2B0000028F8D1019B032B1BD8012BF3D918465A
:10E2C00007F058FCEFE70A2B04D0092B21D00B2BC9
:10E2D00002D10120FDF788FB01A8FFF7C1FF052847
:10E2E000D8D00028F8D1019BA3F10902022AF3D863
:10E2F000E9E7A3F10902022AD5D80A2B04D0092B99
:10E3000005D00B2BCFD10120FDF76EFBCBE7022010
:10E31000FAE70220DEE700BFE8700020755B03002B
:10E320002DE9F04F2DED028B4FF4FA7089B007F014
:10E33000ABFDB24E00F1080308EE103A054606F5B3
:10E34000F06706F5C86AD6F824074FF0FF3108F0E9
:10E35000B9FA0028F7D04FF4FA730DF116012846E8
:10E36000ADF81630FFF786FF10B10528F3D1EAE7C4
:10E37000B5F80490B9F1130F00F2398106EB890367
:10E38000D3F834473CB129462046FEF7C9FC9C48E7
:10E390002946FFF73FFB2B88013B1B2B5AD8DFE8B0
:10E3A00013F016015900590059005900590059003D
:10E3B0005900590059005900590059005900590095
:10E3C000B4001C0059005900590059005900590067
:10E3D0005900590059005900A200DFF838824FF067
:10E3E000000B58F8040F30B1FEF726FC18B10BF102
:10E3F000010B5FFA8BFBB845F3D1BBF1000F06D1DF
:10E4000096F830371BB159460C200AF07FFD2046A4
:10E41000FEF71CFC012800F0EC80F26962B10223D7
:10E42000002195F808C00093084606ABCDF8189077
:10E43000CDF81CC00AF026FB09F5E67806EB880348
:10E44000586810B103685B68984706EB880800239A
:10E45000C8F8043029465046FDF748FE6948294669
:10E46000FEF7D8FFB6F832374B452B8800F0B48062
:10E47000102B1ED02CB32046FEF7E8FB012803D159
:10E480005E482946FEF744FF2046FEF7DFFB0228E0
:10E490001BD05D48FEF72EFD00BB5C482946FEF709
:10E4A000C1FDD6F88837002B3FF455AF2846984772
:10E4B00051E7EB7B012BDDD1AB88A6F83237002C7E
:10E4C000D9D14E482946FEF723FF51482946FDF78A
:10E4D000B3FE4D48FEF70EFD0028DED04A4829461F
:10E4E000FEF70AFDD9E7D6F88427002AB2D0022326
:10E4F000002195F908C00093084606ABCDF81890A6
:10E50000CDF81CC00AF0BEFAA4E74FF00008D6F818
:10E510002C07CDF800804346424603213D4C09F0CC
:10E520004BFD54F8040F30B1FEF786FB18B108F12B
:10E5300001085FFA88F8BC42F3D196F830376BB126
:10E54000B8F1000118BF01210C200AF0DFFC96F899
:10E5500030371BB101210C200AF0D8FC09F5E67810
:10E5600006EB8804606820B103685B689847002365
:10E570006360EB7B012B0BBF96F8123796F81837C8
:10E5800096F8134796F819470393342009F0DAFFF9
:10E5900006EB8808039B009418EE102A04464946AF
:10E5A000FEF716FB2046C8F80440FEF74FFB012893
:10E5B00032D0B269002A3FF44DAF0123002100930D
:10E5C000084606ABCDF818900AF05CFA42E7002145
:10E5D0004846FFF751FE3DE7102B3FF46AAF112B81
:10E5E0007FF448AF4FF6FF73A6F8323742E7044690
:10E5F000D1E6F268002A7FF412AF1DE7E870002030
:10E600000871002084770020D8770020287500202A
:10E61000F870002018780020B268002A3FF41AAF82
:10E620000021009006AB0846CDF818900AF02AFAAF
:10E6300010E700BF38B50446FEF730FE04F11000C5
:10E64000FDF7C6FD04F12000FEF7DAFF04F588604F
:10E65000FEF78AFC04F5C860FDF76EFC04F27C60EE
:10E66000FDF724FC04F29C60FEF756FE04F5DE6024
:10E67000FEF726FC4FF480530025C4F808371648EF
:10E680001649174AC4F80C0740F20113C4F81017D2
:10E69000C4F81427A4F81837A4F81A5704F23470F1
:10E6A000294650220FF03AFC01224FF6FF73A4F8DE
:10E6B0001C5784F81E57C4F82457C4F82857C4F8C8
:10E6C0002C57C4F88857C4F8845784F83027A4F826
:10E6D0003237204638BD00BF010A17000300010190
:10E6E00017000300F0B5BF4E80F81C178DB080F8FE
:10E6F0001D27044609F0A4FF09F0AAFF09F068FFEE
:10E700003369B949039303A8FFF7ACFD18B100259D
:10E7100028460DB0F0BD0120FFF79CFD0120FFF75A
:10E7200097FD0120FFF798FD09A8FFF797FD099BCA
:10E730009B0705D5AD4BD3F80435002B00F0FE80C8
:10E740000023AB4A94F80D57049209A90120CDE9A2
:10E7500009330B938DF82450FFF78AFD0028D6D19A
:10E7600094F81D370B90CDE90900181E18BF012041
:10E7700094F81C578DF82700049A8DF8263009A9C3
:10E7800040208DF82550FFF773FD0028BFD194F885
:10E790000C170990034661F30003CDE90A00049ABF
:10E7A0008DF8243009A9A020FFF762FD0028AED122
:10E7B000D4F808370A900B90049A099309A9A1206C
:10E7C000FFF756FD0028A2D194F81C37002B40F02B
:10E7D000B98094F81D37002B48D00023B4F8147783
:10E7E000049A0993022509A92320CDE90A338DF85B
:10E7F0002450ADF82670FFF73BFD002887D1CDE906
:10E80000090094F81D77B4F816370B90049A8DF828
:10E81000245009A920208DF82670ADF82830FFF784
:10E8200027FD00287FF473AF0990CDE90A0094F822
:10E830001837049A8DF8245009A922208DF8263023
:10E84000FFF716FD00287FF462AFCDE9090094F8C8
:10E8500019370B90049A8DF8245009A921208DF8BE
:10E860002630FFF705FD00287FF451AF04A8FFF71D
:10E87000FDFC00287FF44BAFCDE9070040F0010319
:10E8800007A902208DF81C30FFF7F8FC00287FF460
:10E890003EAF2046FEF710FD054600283FF437AF97
:10E8A00004F12000FEF7C2FE337D52498DF8083096
:10E8B000132202A8FFF7D8FC00287FF428AF94F8B1
:10E8C0001D37002B40F0888003220021012007F033
:10E8D0005DFBC4F8240700283FF419AF05AB0326FD
:10E8E000CDE900634449454800234FF4A06208F095
:10E8F00003FB32460021012007F048FBC4F828073B
:10E9000000283FF404AF06ABCDE900633C493D4825
:10E910000023C82208F0F0FA3B4B4FF480021A6043
:10E920003A4B00930023184601224FF4807109F0FE
:10E93000EDFAC4F82C0700F053FEE9E60220FDF7DB
:10E9400053F8FDE60990CDE90A00B4F80E37049AB1
:10E95000ADF82630012509A923208DF82450FFF7B2
:10E9600087FC00287FF4D3AECDE9090094F81C772A
:10E97000B4F810370B90049A8DF8245009A9202080
:10E980008DF82670ADF82830FFF772FC00287FF470
:10E99000BEAE0990CDE90A0094F81237049A8DF8BA
:10E9A000245009A922208DF82630FFF761FC0028A9
:10E9B0007FF4ADAECDE9090094F813370B90049ABB
:10E9C0008DF8245009A921208DF82630FFF750FC3E
:10E9D00000283FF4FEAE9AE604F11000FDF706FCB5
:10E9E00072E700BFEC15040081E2020000700240F3
:10E9F0000060002024140400E415040021E3020058
:10EA0000E81504008DE2020000E100E085E202006A
:10EA100000B5084B85B01B7D019108468DF80C3080
:10EA200010F069F9019982B203A8FFF71DFC05B047
:10EA30005DF804FBEC15040090F91E07704700BF59
:10EA400080F83017704700BF70B5044682B0D0F828
:10EA50002C070D4609F0DCFA4FF47A7206460023C3
:10EA6000A90DA8020FF008F8002302460421D4F8EB
:10EA70002C07009309F0A0FA0EB102B070BD009609
:10EA8000D4F82C0733463246032109F095FA02B038
:10EA900070BD00BF132906D800EB8101D1F83407FF
:10EAA00008B1FEF7C9B80020704700BFB0F83207C0
:10EAB000704700BF01290CBFB0F80E07B0F814076B
:10EAC000704700BF13299ABF00EB8101D1F83407CA
:10EAD0000020704710B5064C0021D4F8280707F035
:10EAE00065FDD4F824070021BDE8104007F05EBDA5
:10EAF000E870002090F8303703B9704710B582B045
:10EB0000D0F82C4708F0E8FB00230246009320468B
:10EB1000012109F051FA02B010BD00BFF0B583B079
:10EB2000002405462346D0F82C07009422460321F2
:10EB300009F042FA05F5E66605F5F06756F8040FA8
:10EB400020B1FEF779F808B10134E4B2BE42F5D144
:10EB500095F8303743B1211E18BF01210C2003B0B6
:10EB6000BDE8F0400AF0D2B903B0F0BD0148FFF7AC
:10EB700061BD00BFE8700020D0F8D830988980B21D
:10EB8000704700BF70B582B0064608461C46019229
:10EB9000FDF7A0FE019905462246D0F8D8000AF0FC
:10EBA00031F8844206D9D5F8F0301BB1211A89B268
:10EBB00030469847D5F8E83023B1304602B0BDE87A
:10EBC0007040184702B070BD08B592B2D0F8D800B6
:10EBD0000AF066F808BD00BF00B583B0D0F8D800D1
:10EBE0000DF1070200210AF097F820B19DF8070007
:10EBF00003B05DF804FB4FF0FF30F9E7D0F8D80020
:10EC000009F0EEBFD0F8C030988980B2704700BFDD
:10EC1000D0F8C00009F0E4BF10B501680C4A8C6957
:10EC2000944282B00BD1D0F8D80001220DF1070137
:10EC30000AF036F840B19DF8070002B010BD01227D
:10EC40000DF10701A047F5E74FF0FF30F5E700BFF2
:10EC5000C9EB020000B583B0D0F8C0000DF1070287
:10EC600000210AF059F820B19DF8070003B05DF8C3
:10EC700004FB4FF0FF30F9E710B550F8181C0D4AAF
:10EC80008C69944282B00CD0183801220DF1070132
:10EC9000A04718B19DF8070002B010BD4FF0FF303B
:10ECA000FAE701220DF10701D0F8C00009F0F8FFE2
:10ECB000EFE700BFC9EB02002DE9F04F50F8183C18
:10ECC00083B004463F48D3F828800F461646FFF726
:10ECD000EDFE3D4B9845054609D0A4F1180033469A
:10ECE0003A462946C44603B0BDE8F04F60470146A6
:10ECF0003448FFF7E7FE8346002850D004F110099E
:10ED000048462946FDF704FE002848D094F8CC3048
:10ED1000002B3CD0D4F8C800C8B31FFA86FA52467C
:10ED2000394609F06FFFD4F8C8309B8980465846B1
:10ED30001FFA83FBFDF78CFF0338834525DB214851
:10ED40002946FFF7BFFE50B3FDF782FF033882B2BA
:10ED50001046019207F098F8834600B3019AD4F860
:10ED6000C800594609F09CFF0346F0B9584607F021
:10ED7000A5F8464509D9AAEB08039BB207EB0802A0
:10ED800029464846FDF7F4FD58B1B04609E03A4639
:10ED900029464846B3B2FDF7EBFD0028F5D14FF008
:10EDA0000008404603B0BDE8F08F5A462946484661
:10EDB000FDF7DEFD0446584607F080F8002CD8D158
:10EDC000EDE700BFE8700020E9F102002DE9F04115
:10EDD00050F8183C84B004463B489E6A8DF80F10EA
:10EDE000FFF764FE394B9E42054609D0A4F1180096
:10EDF000294601230DF10F02B04704B0BDE8F081B0
:10EE000001463148FFF75EFE064650B304F1100795
:10EE100038462946FDF77CFD18B394F8CC30002B1A
:10EE200049D0D4F8C800002845D00DF10F010122C7
:10EE300009F0E8FED4F8C8309B89804630469EB27F
:10EE4000FDF706FF033886420DDA0120D5E732468A
:10EE500029463846FDF78CFD0446304607F02EF86B
:10EE6000F4B90020C9E718482946FFF72BFE00280F
:10EE7000F7D0FDF7EDFEC21E92B21046019207F0E8
:10EE800003F806460028ECD0019AD4F8C8003146B1
:10EE900009F006FF03460028D9D1304607F00EF8E6
:10EEA000B8F1000FD1D10DF10F02294638460123E8
:10EEB000FDF75EFDA1E72946384601230DF10F025B
:10EEC000FDF756FD99E700BFE8700020E9F1020068
:10EED0002DE9F04105683B4BAD6A82B09D428DF84B
:10EEE000072065D1044638480E46FFF7EBFD05467E
:10EEF00000284FD004F1280738463146FDF708FDB9
:10EF0000002847D094F8E430002B47D0D4F8E00034
:10EF1000002843D00DF10701012209F073FED4F857
:10EF2000E0309B89804628469DB2FDF791FEC31EC6
:10EF30009D4244DB24483146FFF7C4FD50B3FDF742
:10EF400087FE033882B21046009206F09DFF054608
:10EF500000B3009AD4F8E000294609F0A1FE68B990
:10EF6000284606F0ABFFB8F1000F28D10DF10702DB
:10EF7000314638460123FDF7FBFC0CE003462A46E8
:10EF800031463846FDF7F4FC0446284606F096FF65
:10EF9000002CE8D1002002B0BDE8F08131463846AF
:10EFA00001230DF10702FDF7E3FC02B0BDE8F0819B
:10EFB00001230DF10702A84702B0BDE8F08101204E
:10EFC000E9E700BFE9F10200E87000202DE9F04F09
:10EFD000036883B0044641489E6A88461746FFF797
:10EFE00065FD3F4B9E42054661D101463B48FFF718
:10EFF00069FD0646002855D004F1280948462946EF
:10F00000FDF786FC00284DD094F8E430002B41D069
:10F01000D4F8E00000283DD01FFA87FA5246414656
:10F0200009F0F0FDD4F8E02003463046B2F80CB009
:10F030001E46FDF70DFE1FFA8BFB0338834524DBCC
:10F0400026482946FFF73EFD60B3FDF701FE033871
:10F0500082B21046019206F017FF834610B3019A60
:10F06000D4F8E000594609F01BFE48BB584606F0AC
:10F0700025FFB74209D9AAEB06039BB208EB0602AB
:10F0800029464846FDF774FC68B13E46304603B059
:10F09000BDE8F08F424629464846BBB2FDF768FC02
:10F0A0000028F2D10026304603B0BDE8F08F0146BB
:10F0B0003B4642462046B44603B0BDE8F04F6047A9
:10F0C00003465A4629464846FDF752FC0446584630
:10F0D00006F0F4FE002CCCD1E4E700BFE87000207D
:10F0E000E9F102002DE9F041036882B004463C4892
:10F0F0009E6A8DF80710FFF7D9FC3A4B9E420546F1
:10F10000014663D13648FFF7DDFC064600284FD0A4
:10F1100004F1280738462946FDF7FAFB002847D0B6
:10F1200094F8E430002B47D0D4F8E000002843D016
:10F130000DF10701012209F065FDD4F8E0309B894B
:10F14000804630469EB2FDF783FDC31E9E4245DBDE
:10F1500023482946FFF7B6FC50B3FDF779FD033885
:10F1600082B21046009206F08FFE064600B3009A67
:10F17000D4F8E000314609F093FD68B9304606F056
:10F180009DFEB8F1000F29D10DF10702294638463E
:10F190000123FDF7EDFB0CE00346324629463846D5
:10F1A000FDF7E6FB0446304606F088FE002CE8D169
:10F1B000002002B0BDE8F0812946384601230DF158
:10F1C0000702FDF7D5FB02B0BDE8F0812046012320
:10F1D0000DF10702B04702B0BDE8F0810120E8E779
:10F1E000E8700020E9F102002DE9F04F044683B0F9
:10F1F000384890461F460E46FFF764FC002856D05C
:10F2000004F12809054631464846FDF781FB0028F0
:10F210004DD094F8E430002B41D0D4F8E000002821
:10F220003DD01FFA87FA5246414609F0EBFCD4F86C
:10F23000E02003462846B2F80CB01D46FDF708FD55
:10F240001FFA8BFB0338834524DB22483146FFF746
:10F2500039FC60B3FDF7FCFC033882B21046019222
:10F2600006F012FE834610B3019AD4F8E000594626
:10F2700009F016FD00BB584606F020FEBD4209D23B
:10F28000AAEB05039BB208EB050231464846FDF7A1
:10F290006FFB68B13D46284603B0BDE8F08F42469B
:10F2A00031464846BBB2FDF763FB0028F2D100258A
:10F2B000284603B0BDE8F08F03465A46314648461B
:10F2C000FDF756FB0446584606F0F8FD002CD5D154
:10F2D000EDE700BFE870002010B504460448FFF7D2
:10F2E000E5FB014604F12800BDE81040FDF710BB26
:10F2F000E870002070B584B004460E4668461E498A
:10F30000FEF730FF69462046FEF7F6FE6846FEF738
:10F3100013FF1A4B1A4903F10802002548334FF432
:10F320007A70C4E90635226020626846FEF71AFF4B
:10F33000694604F12800FDF797FA6846FEF7FCFEDF
:10F3400010496846FEF70EFF694604F18000FDF79C
:10F350008BFA6846FEF7F0FE2046C4E93A55C4F839
:10F36000D850A4F8DC60C4F8F050C4F8E05084F839
:10F37000E45004B070BD00BF3C1604004C160400FD
:10F380002C1604001C16040010B50D4B0446D0F8D2
:10F39000E00023604033A36110B103685B689847C5
:10F3A00004F18000FCF792FF04F12800FCF78EFFC7
:10F3B0002046044B40F8083BFEF7BEFE204610BD39
:10F3C000541604008815040010B50F4B0446D0F8FD
:10F3D000E00023604033A36110B103685B68984785
:10F3E00004F18000FCF772FF04F12800FCF76EFFC7
:10F3F0002046064B40F8083BFEF79EFE204609F0EB
:10F40000A3F8204610BD00BF541604008815040060
:10F4100070B5044682B0182009F094F80022054621
:10F42000012109F0BDFB2846B4F8DC10C4F8D8501F
:10F4300009F0C8FB2046FEF743FE054610B12846FA
:10F4400002B070BD01211E48FFF734FB04F128060D
:10F4500003461021304601961E46FDF73DFA2A4626
:10F4600001981121FDF73EFA01983146FDF738FA6F
:10F4700001981449FDF744FA0198FCF741FF05464D
:10F480000028DCD104F180000C210190FDF724FA62
:10F4900001980D490122FDF72BFA11220198294606
:10F4A000FDF720FA01983146FDF71AFA019807494D
:10F4B000FDF726FA019802B0BDE87040FCF720BFC6
:10F4C000E87000201416040085EB020018160400F2
:10F4D000002201214270C0E901220170C2818281B3
:10F4E000704700BF10B50446017001B110BD0A207D
:10F4F00006F08EFD606010BD037810B5044643B180
:10F50000002301226370C4E90133E381A3812270E7
:10F5100010BD406807F052FBF2E700BF0023816096
:10F520008281C381704700BF037870B504460D46E1
:10F53000B3B94668012363704FF47A720023A802BE
:10F54000A90D0EF099FA0146304607F0BBF998B9BB
:10F55000237800264FF0FF356670A3B9284670BDAA
:10F5600003220021012006F011FD064660600028FC
:10F57000E0D14FF0FF35F1E7E58923780026ADB201
:10F580006670002BEAD0606807F018FB66602846BA
:10F5900070BD00BF4078704738B50446808982420C
:10F5A00028BF0246154619B1A0680EF08FFCA0894D
:10F5B000E389A26815FA83F3401B9BB22A44A08119
:10F5C000E381A260284638BD406820B100231A4676
:10F5D000194606F04FBD7047B1DF7047B2DF704784
:10F5E00008B50F4806F054F90E490D4800F034FCF8
:10F5F00028B10D490A4800F02FFC50B108BD094957
:10F60000074800F045FC0849054800F025FC0028A3
:10F61000F4D1BDE808400449014800F039BC00BFFE
:10F6200060790020B0160400C416040070B586B0DE
:10F630000E4603230021054614460093044A04960F
:10F64000084603AB0395059409F01CFA06B070BD9B
:10F6500019F9020070B586B00323144606460D461C
:10F660000093104603AB044A05940721CDE90365D6
:10F6700009F008FA06B070BD49FA020030B50A4632
:10F6800091B089795379039111790293D378094D17
:10F69000094C019100939378527801280CBF2946B8
:10F6A000214604A80FF0C8FA04A9044800F048FC59
:10F6B00011B030BDD816040008170400607900208E
:10F6C0002DE9F043D1B00B78032B04AF0D4604466F
:10F6D000904668D95A08022A5ED14F4A4F49504B8A
:10F6E000DFF84891012818BF11460022381D00F0AC
:10F6F000FFFD4B4907F1680000F030FD07F1CC0633
:10F7000011E00246414607F1680000F019FE08F1D9
:10F71000380229464846FEF7B1F8044678BB07F19F
:10F72000680000F083FE0022391D304600F0B0FE74
:10F7300007F1D0000DC8D7F8DC10D7F8E4407B679C
:10F74000D7F8E83097F8E0C0F8663A67B967412221
:10F7500007F1EC0107F18800C7E9204387F87CC076
:10F760000EF0B4FB07F1680000F08CFE044607F1D0
:10F77000680044B100F092FC5028D0D1C1E707F1F5
:10F78000680000F053FE381D00F050FE204607F5DB
:10F790009A77BD46BDE8F0830024204607F59A77A6
:10F7A000BD46BDE8F083E9468CB08979AB786A78CC
:10F7B000039169790291297901911A4E1A49E878E1
:10F7C000009004AD012C08BF3146284607F1CC0655
:10F7D0000FF032FA1249304600F0C0FC294630469C
:10F7E000002200F069FD044650B90024304600F0C4
:10F7F0001DFE2046CD4607F59A77BD46BDE8F0834D
:10F80000304600F04BFC021EEFDD92B2414630461E
:10F8100000F096FDEAE700BFC4160400B01604002D
:10F8200060790020D8160400081704000871002031
:10F83000F0B5ADB095799378344E1446527803956F
:10F840006579029594F804C0CDF804C0304DE47891
:10F85000009404AF0C4601280CBF3146294607F13D
:10F860000C000FF0E9F92B4B07F10C0107F13C00FC
:10F87000002200F03DFD07F13C0000F003FE40B91E
:10F88000002407F13C0000F0D1FD2046A437BD461E
:10F89000F0BD07F13C0000F001FC051E08DD07F19A
:10F8A0003C0000F08BFD291807F13C0000F068FDDA
:10F8B00007F13C0000F0F2FB051E08DD07F13C00FB
:10F8C00000F07CFD291807F13C0000F059FD07F11C
:10F8D0003C0000F0E3FB0028D2DDC31D23F007034A
:10F8E0006D46ADEB030D82B204A907F13C00C7E9F8
:10F8F000001200F025FD2046D7E900120323FFF790
:10F900006BFEB0FA80F46409AD46BAE7D81604007D
:10F910000817040060790020F0B5B5B092F84E5099
:10F9200092F84A30434E144692F84920039594F8D1
:10F930004D50029594F84C50019594F84B50009519
:10F940000D463D4904AF012818BF314607F12C0090
:10F950000FF072F9394807F12C0100F07DFA6E467C
:10F9600000284AD1354B07F12C0107F15C00012238
:10F9700000F0BEFC07F15C0000F084FD18B9C4374C
:10F98000B546BD46F0BD502107F15C0000F0B4FB68
:10F990005022214607F15C0000F0ECFA00232946D2
:10F9A00027487B61C7E90333C7E90633C7E9083352
:10F9B000BB62FFF787F807F10C012022FDF760FA20
:10F9C0003B7B03B307F10C000FF095F9013082B2D5
:10F9D000C1B207F15C007A6000F08EFB7A6807F133
:10F9E0000C0107F15C0000F0C5FA07F15C0000F0C3
:10F9F0001DFDC437B546BD46F0BD07F12C010F48CB
:10FA000000F09EFAAEE794F8491094F84D3094F85F
:10FA10004E20039194F84A10029194F84B100191F2
:10FA200094F84C10009107F10C0006490FF004F90E
:10FA3000C8E700BF08170400D8160400607900204A
:10FA4000E8700020381704002DE9F043ADB00C46F3
:10FA500004AF0021032306461546204607F10A029B
:10FA60007981FFF7BBFD7B89E84623B9A437C546FA
:10FA7000BD46BDE8F0830733DB08A8EBC3039D4612
:10FA80000DF11009204607F10A0249460323FFF74A
:10FA9000A5FD04460028E9D1A979AB786A780391DD
:10FAA00069790291297901913D483E49ED780095A7
:10FAB000012E08BF014607F10C000FF0BDF83A4BCC
:10FAC00007F10C0107F13C00012200F011FC07F1E5
:10FAD0003C0000F0D7FC0028C8D0214607F13C00CC
:10FAE00000F04EFC07F13C0000F0D8FA041E08DDDF
:10FAF00007F13C0000F062FC211807F13C0000F027
:10FB00003FFC07F13C0000F0C9FA041E08DD07F1D4
:10FB10003C0000F053FC211807F13C0000F030FCE1
:10FB200007F13C0000F0BAFA7C8980B2A04213D001
:10FB3000E1B207F13C0000F0DFFA2246494607F146
:10FB40003C0000F017FA07F13C0000F06FFCA4370E
:10FB5000C546BD46BDE8F083E31D6D46DB08A5EB59
:10FB6000C3039D4604A9224607F13C00796000F0DA
:10FB7000E7FB79687A8948460EF09AF908B9AD46EC
:10FB8000E1E707F13C0000F035FC7B89DB43191805
:10FB900007F13C0000F0F4FBAD467C89C8E700BFEC
:10FBA000D8160400081704006079002038B590F8D2
:10FBB000E8500DB1284638BD012380F8E8300446EE
:10FBC0000AF0A0FF0028F5D12046BDE8384000F03B
:10FBD000ADB800BF10B5044C204600F0A3F80023D8
:10FBE00084F8E83010BD00BF7478002003680A680C
:10FBF0009A4201D00020704770B5044684B04FF49B
:10FC000053700D4606F040F90646B0B10C4800F0BE
:10FC1000ABF823460435002153F8042B0095CDE9B9
:10FC2000016108490AF008FE0446304606F046F92C
:10FC3000B4FA84F0400904B070BD002004B070BD77
:10FC40007478002015960300F0B585B006464FF491
:10FC500053700D461746039306F016F978B1044623
:10FC600000903A46281D311D03AB0AF063FE05469D
:10FC7000204606F023F915B9039805B0F0BD002021
:10FC800005B0F0BD00220260704700BF10B5044609
:10FC900008460AF0C1FE2060003818BF012010BDE0
:10FCA00000220260704700BF10B5044608460AF003
:10FCB000B3FE2060003818BF012010BD0023036090
:10FCC000704700BF00B583B00430019201AB0A4613
:10FCD00004210AF02BFD18B9019803B05DF804FB6C
:10FCE000002003B05DF804FBF0B5044683B04FF488
:10FCF00063700E46174606F0C7F8054678B10190C6
:10FD000054F8040B00943A46314601230AF04AFCA9
:10FD10000446284606F0D2F8B4FA84F0400903B04D
:10FD2000F0BD00BF002280F8E420704770B590F865
:10FD3000E4400CB1204670BD012380F8E430054654
:10FD40004FF4BF5006F0A0F806460028F2D0314626
:10FD5000284609F04BFE0446B4FA84F430466409A0
:10FD600006F0ACF8204670BD704700BF704700BF7A
:10FD700010B5044608F0E8FB204610BD38B50A4B24
:10FD800004460D46442240F80C3B00210EF0C6F814
:10FD90000023A560237104F15401012006F01AFB31
:10FDA0002065204638BD00BF6017040070B50446CA
:10FDB0000E46006D4FF0FF3106F084FD257955B9F0
:10FDC0008EB1A660314604F10C0005F0BBFBB0FA21
:10FDD00080F56D0925710023206D1A46194606F03D
:10FDE00049F9284670BDA668002EF4D0EAE700BFA6
:10FDF00070B505464FF0FF31006D06F063FD2B79BD
:10FE000093B1002305F10C062B71304605F0AEFCD2
:10FE1000044680B10023286D1A46194606F02AF9D7
:10FE2000B4FA84F0400970BDA96805F10C0004F033
:10FE300029FF0446EEE7A968304604F023FF044694
:10FE40000028E7D1A968304605F07CFB044600286D
:10FE5000E0D101232B71DDE730B5044695B00D46A6
:10FE6000006D4FF0FF3106F02DFD294601AA04F187
:10FE70000C0004F0DBFC002302461946206D1446FA
:10FE80001A4606F0F7F8B4FA84F0400915B030BD10
:10FE90002DE9F04F83B00B7800AF2F2B78600CBFAB
:10FEA0004C1C0C4606460D46006D4FF0FF3106F027
:10FEB00009FD06F10C084FF0000917E0ADEB030D4A
:10FEC00068468B4500F8019BEA4601DD0EF026F8F6
:10FED00029465A4650460DF0F9FF5146404603F078
:10FEE0000BFD08B1113028D10134B54620462F2131
:10FEF0000EF0D1FEA0EB050B0BF108036E460021BE
:10FF0000044623F007035A460028D7D12946404625
:10FF100003F0F2FC60B901247A680023106D1946E1
:10FF20001A4606F0A7F820460C37BD46BDE8F08F0C
:10FF3000113014BF00240124EEE70024B546EBE79E
:10FF400038B504460D46006D4FF0FF3106F0BAFC9F
:10FF5000294604F10C0004F0C1FC002302461946B6
:10FF6000206D14461A4606F085F8B4FA84F040096C
:10FF700038BD00BF036970B504460D46186D4FF0DB
:10FF8000FF31164606F09EFC237D4BB10025226909
:10FF90000023106D19461A4606F06CF8284670BD0D
:10FFA0002069A1692A4633460C3003F0F3FF20EAAA
:10FFB000E075ECE770B50369044682B0186D4FF048
:10FFC000FF3106F07FFC267D4EBB2069A1690C3015
:10FFD00004F01EFC05462069A1698DF80760012325
:10FFE0000DF107020C3004F05FFB00282069A169C5
:10FFF000C8BF9DF807602A4600F10C004FF00003CF
:020000023000CC
:10000000D8BF4FF0FF3604F0D3FB22690023106DF8
:1000100019461A4606F02EF8304602B070BD4FF071
:10002000FF36F2E738B5036904464FF0FF31186D2B
:1000300006F048FC237D4BB1002522690023106D9A
:1000400019461A4606F016F8284638BD2069A169F7
:100050000C3004F0DFFB05462069A1690C3004F088
:10006000D7FB2D1AE9E700BF036910B504464FF02E
:10007000FF31186D06F026FC237D43B12269002371
:10008000106DBDE810401A46194605F0F3BF20690F
:10009000A1690C3004F0E4F9F0E700BF30B5036962
:1000A000044683B0186D4FF0FF3106F00BFC257D40
:1000B00055B122690023106D19461A4605F0DAFF82
:1000C0004FF0FF3003B030BD2069A1690DF1070288
:1000D00001230C3004F0E8FA23692A460446294635
:1000E000186D2B4605F0C6FF002CCCBF9DF807000D
:1000F0004FF0FF3003B030BD30B50368164A5B687F
:1001000083B093428DF807101ED1036904464FF067
:10011000FF31186D06F0D6FB237D53B1002522690F
:100120000023106D19461A4605F0A4FF284603B0B7
:1001300030BD2069A1690C3001230DF1070203F0E5
:1001400029FF20EAE075EAE701220DF1070198474F
:100150000546284603B030BD75FF020030B4074C99
:10016000016100224FF47A75C0E900428560C0E960
:10017000062230BC027580F8202070477C170400EE
:10018000F0B5836997B004460D46164693B1077DD6
:10019000006919460C30002F45D003F0ADFDA06971
:1001A00005F08CFEE0690023A36108B105F086FE2E
:1001B0000023E361206903AA0C30294604F036FBD2
:1001C00098B99DF80C30112B34D02C2005F05CFE32
:1001D0000146A06130B120692A460C3003F064FD6D
:1001E000002839D0002017B0F0BD0230FAD1012E1E
:1001F000F8D1382005F048FE0146A0610028F1D072
:10020000206940F203130C302A4603F011FE064623
:100210000028E7D12069A1690C300223324604F09E
:10022000C7FA267509E004F09DF9A06905F046FEBD
:10023000A761BFE7EEB1012E3AD02F2128460EF07C
:1002400075FD203400B1451C2946204640220EF0A1
:100250005AFD012017B0F0BD0123237528460EF08A
:100260004AFD013005F010FE2946E0610EF02AFD3E
:10027000E3E701233820019305F006FE019BA0610E
:1002800001460028AED020692A460C3003F0D0FD8C
:100290000028A7D1012E02D000232375CDE72369C2
:1002A000A169024603F10C00022304F081FAF3E78E
:1002B00040F20313DEE700BF30B5036983B00446A4
:1002C0000D46186D01924FF0FF3106F0FBFA019ACE
:1002D00029462046FFF754FF2169002302461446B1
:1002E000086D1A46194605F0C5FE204603B030BD1C
:1002F00070B504460025C4E906551048236182B054
:10030000206084F820504FF47A700E46A0604FF0C1
:10031000FF31186D65602575019206F0D3FA019AD8
:1003200031462046FFF72CFF22692B46106D2946E7
:100330002A4605F09FFE204602B070BD7C170400DF
:10034000036970B504460D46186D4FF0FF3116462F
:1003500006F0B8FA237D4BB1002522690023106D09
:1003600019461A4605F086FE284670BD2069A16927
:100370002A4633460C3004F097F90546EDE700BFF6
:1003800038B5036904460D46186D4FF0FF3106F08D
:1003900099FA237D4BB1002522690023106D19467F
:1003A0001A4605F067FE284638BD2069A1692A462D
:1003B0000C3004F0FDF9C543ED0FEDE738B50369E6
:1003C00004464FF0FF31186D06F07CFA237D4BB1E7
:1003D000002522690023106D19461A4605F04AFED1
:1003E000284638BD2069A1690C3004F011FA054691
:1003F000EFE700BF38B5036904464FF0FF31186DD1
:1004000006F060FA237D4BB1002522690023106DB0
:1004100019461A4605F02EFE284638BD2069A16906
:100420000C3004F0F7F90546EFE700BF036970B53B
:1004300004464FF0FF31186D06F044FAA16981B10E
:100440002069257D0C30ADB103F056FCA06905F0A4
:1004500035FDE0690023A36108B105F02FFD0023FD
:10046000E36122690023106DBDE870401A46194609
:1004700005F000BE04F076F8A06905F01FFDA56147
:10048000EFE700BF8069003818BF0120704700BF48
:100490002DE9F04F95B00B6906460C46186D4FF0EC
:1004A000FF3100AF904606F00DFA00232069337546
:1004B00086F82030227D2B4930614FF47A70C6E9EE
:1004C0000013C6E90633B060DAB342F62E65206940
:1004D000A1690C303A1D03F023FC012831D1BB89FE
:1004E0002E2BF4D0AB4238D0D4F81C9048460EF0F6
:1004F00002FC054607F10C000EF0FDFB2B1809333A
:1005000023F00703EA46ADEB030D68466A1C494633
:100510000DF0DCFC99F800302F2BEB4602D199F856
:1005200001301BB1104B1B882BF8053007F10C0173
:1005300058460EF0A1FB424659463046FFF720FED2
:10054000D54622690023106D19461A4605F092FD22
:1005500030465437BD46BDE8F08FBB7B002BB6D08C
:10056000C2E700BF7C170400701704002DE9F04FAC
:1005700085B0DDE90E4B109F81460D4690461E4624
:10058000002F63D0B8F1000F03D0D8F80030B34289
:1005900049D0D9F800002B689E422BD04369B4FBA8
:1005A000F3F203FB1242BAB9BB4215D8B7FBF3F220
:1005B00003FB127AA7EB0A030093039343682246D6
:1005C0001F4631465B46B84788B9039B57469B4454
:1005D0001C44002FD6D139E00093A21AC5E900626D
:1005E000D0F804A0AB683146D0470028CAD005B087
:1005F000BDE8F08F69684369A142D0D8CA18A24209
:10060000CDD9A2EB040ABA45AB6828BFBA46611A35
:10061000524658461944BF1A54440DF057FCD3446F
:10062000002FAFD112E0D8F80430A342B1D8D9F8E6
:10063000000082691A44A242ADD9A2EB040ABA456D
:10064000D8F8081028BFBA46E31AE1E7002005B041
:10065000BDE8F08F2DE9F04F074687B00D4672B325
:100660000368D1F800B090469A69D1E901104AB305
:10067000013A01F101098618A9EB0009441E4FF067
:10068000010A08E014F8012F9DF817309A4223D18F
:10069000A6423B6814D01A6A934509EB040320D2A2
:1006A0000DF11702CDE90032CDF808A05B4600221B
:1006B00041463846FFF75AFF0028E3D009DB3B6884
:1006C000A8689A69FF210DF029FC4FF0FF332B60D9
:1006D000002007B0BDE8F08F6FF0330007B0BDE831
:1006E000F08F034B034A044812210DF055FB00BF65
:1006F00098170400B4190400B81704002DE9F04F4E
:1007000087B0DDF840A00592002B64D0D0F80090AF
:100710008B46D9F81C105C1EA1F108084445074619
:1007200051D3B4FBF8F001380DF0BEF9D04500F11B
:100730000200A4EB8003B3FBF8F560D8BAFBF8F035
:1007400001380DF0B1F9861CAAEB8606B6FBF8F667
:1007500030460DF0A9F9AAEB800006FB180AB54255
:1007600043D9D9F82020059B4FF004090DF1140856
:100770000BE0012B45D93A68126A934241D8012116
:1007800001FA04F42D1BB54230D9AC1BB4FA84F441
:1007900095FAA5F1C4F11F04B1FA81F18C4228BF8A
:1007A0000C4693424FEA840132D20091CDE901898F
:1007B000002259463846FFF7D9FE059B0028D8D0BD
:1007C00007B0BDE8F08FD04588BF1346BAFBF8F0FC
:1007D0000CD80025B4E711994FF0FF320A60129A45
:1007E0001846136007B0BDE8F08F059B119A13609F
:1007F000129B0020C3F800A007B0BDE8F08F0026D0
:10080000ADE7064B064A07484FF48F610DF0C4FA76
:10081000054B064A034812210DF0BEFA28180400C1
:10082000D4190400B817040098170400B419040080
:100830002DE9F04F89B00746149C129D8B469246D5
:100840001E46002C55D0DBF80030B3425CD001339B
:1008500040F0A18038688269B5FBF2F302FB1353C4
:10086000002B4AD1A24248D8B4FBF2F302FB134357
:100870000593E31A009304938468139B2A46314638
:10088000A04700287ED1BAF1000F29D0049B3BB3CA
:10089000139B5C1E049B04EB0309139B05F10108E9
:1008A000A8EB030807E014F8012F9DF81F309A42C7
:1008B00066D14C4514D03B681A6A964208EB040393
:1008C00063D2012202920DF11F02CDE9003251469E
:1008D000334600223846FFF749FE0028E3D051DBBB
:1008E000139A049B059C1146194413911D44002C36
:1008F000A9D1002009B0BDE8F08FEB1ACBE9006365
:10090000DBF80030B342A2D1DBF80410A9429ED834
:100910003A6892690A44AA4299D9A2EB0508A0450F
:10092000DBF8080028BFA046691A0844424613991C
:100930000DF0CCFA38681399826945444144B5FBFF
:10094000F2F302FB1353A4EB08041391002B7FF482
:1009500078AFDBF800104B1C3FF473AF0092DBE97B
:100960000123D0F80880C04760B95246594638463E
:10097000FFF770FE00283FF464AF09B0BDE8F08FC8
:100980006FF0330009B0BDE8F08F064B064A074808
:1009900012210DF001FA064B064A0448B7210DF06A
:1009A000FBF900BF98170400B4190400B81704003D
:1009B00054180400C41904002DE9F04F0446D2E98C
:1009C000003091B04FF0010B0A9300230B90069179
:1009D00004F114080DF128090593236859F8045B04
:1009E0001B6A9D427BD210230DF1300A0022CDE913
:1009F00001A300922B4641462046FFF7B7FD002891
:100A000039D1059B002B60D10D9B23F00043132BA4
:100A10004FD92268D26993424BD84FF0FF3309A8CF
:100A200010225146099304F0BFFE0D9B23F00043B2
:100A3000102B28D0CDF81C9010260DF123079946D5
:100A400007E001360122394609A804F0ADFEB145A0
:100A500017D023681B6A9D4241D20123CDE901735F
:100A600000962B46002241462046FFF77FFD0028D6
:100A7000E7D0DDF81C9010F1340F1AD011B0BDE8AA
:100A8000F08FDDF81C90099B9BB99AE80F000BF0E2
:100A9000010610AF07EB860C069F1026FE603E464F
:100AA0007D601C365CF8185CBD6086E80F00012391
:100AB0000593BBF1020F0FD1059B002B14BF002043
:100AC0006FF0330011B0BDE8F08F069A0C9BD2692D
:100AD0009B1A002B98DAECE74FF0020B7DE7034BF3
:100AE000034A044812210DF057F900BF981704007B
:100AF000B4190400B81704004368013337D02DE956
:100B0000F0438368013383B0044628D015460E466F
:100B10004FF000084FF001096A462946CDE90089E7
:100B2000FFF74AFFE0B905F124086B6A591C16D09B
:100B3000AF6A7A1C13D0D6F800C09C4513D0D6F803
:100B400004E0BE450FD073454246294620460AD0F0
:100B5000BC4508D0FFF730FF0028E6D000E00020B9
:100B600003B0BDE8F083012003B0BDE8F0830020AE
:100B7000704700BF2DE9F041D1F820C00C46C9688C
:100B80002CF00043043B01F10C069E4284B0054664
:100B900017461FD904F12408102612E042462146C8
:100BA0002846FFF709FF90B9D4F820C0A169E66094
:100BB0002CF00043043B14311B2BA1614FF01001BA
:100BC00008D8BCF1000FE9DB39606FF0010004B018
:100BD000BDE8F0812A46636852F8140B066AB342F6
:100BE00007F104001AD20C26CDE900100296114636
:100BF00028460022FFF7BAFC0028E8D17B79BA79B1
:100C0000FD79A16904331344E2683A602B441A4425
:100C10000B44E260A36104B0BDE8F081024B034ADB
:100C2000034812210DF0B8F898170400B419040015
:100C3000B8170400F0B593B000260D46012707A9A8
:100C40006A46CDE900670446FFF7B6FE064610B1D6
:100C500021E0831C22D1109B01331CD0119B013356
:100C600019D010AA07A92046FFF7A6FEB0B903AA1B
:100C700007A92046FFF77EFF0028EAD19DF9103032
:100C8000002B4FF00802294605A8F0DB0DF010F903
:100C90000028ECD10126304613B0F0BD06463046A0
:100CA00013B0F0BD2DE9F047164600240122C6E935
:100CB0000942824688461D4606F124094A463146C5
:100CC0005046FFF779FE074668B92A463146504636
:100CD000FFF750FF50B1831C1FD1736A013302D05C
:100CE000B36A0133EAD13846BDE8F0872C7904F0C5
:100CF0007004202CE9D1AB68D8F80020934208D0CA
:100D0000E868D8F80410884203D08B4201D08242B0
:100D1000DBD101273846BDE8F0870746E3E700BF8F
:100D20002DE9F04F2DED028B8DB090461C460993B6
:100D300040F622032268C8F804300892D0E9012363
:100D4000724EC8F8082082468946C8F80C3000F177
:100D5000140B089D314628460DF0FCFF2B4603443A
:100D600004463146184605930DF0B4FF012804905F
:100D700000F0B080022804D1059B1B782E2B00F0D8
:100D8000B280DDE90423134408931F460124314651
:100D900038460DF0DFFF0744384631460DF09AFF24
:100DA00078B1022802D001340744F0E73B782E2BBB
:100DB000F9D17B782E2BF6D1013CF5D1BB1C0893E1
:100DC000C7E7059C207800285FD0099B1C6098F835
:100DD0000430222B40F08D8008F108031A46494662
:100DE000504608EE103AFFF7E7FD00284DD1049B6E
:100DF000013B23440793424649465046FFF7BAFE5B
:100E0000002842D198F8042002F07F03112B01D072
:100E1000222BF0D198F8073004998B42EBD1D8F807
:100E2000003098F8051098F80650D9F8047004338B
:100E30000B441D44049BA3B3059BCDF818800135DA
:100E4000DDF81C80ED1A5C1E07E014F8012F9DF8F8
:100E50002F309A421ED144451FD0DAF800301A6A6A
:100E6000974205EB040347D2012202920DF12F02B3
:100E7000CDE9003259463B4600225046FFF776FB4B
:100E80000028E2D0DDF8188009DA0DB0BDEC028B45
:100E9000BDE8F08FDDF81880ADE7DDF8188098F830
:100EA000042013067FF555AFDAF8043001330CD077
:100EB000DAF80830013308D018EE101A5046FFF760
:100EC000B9FE00281ED198F8042002F07F0288F8AD
:100ED00004203EE72B5D2E2B7FF453AFDDE9042386
:100EE0001344089335E7059B5B782E2B7FF449AFBD
:100EF000F4E76FF01300C8E7054B064A06481221D5
:100F00000CF04AFFC1DB6FF00100BEE77017040070
:100F100098170400B4190400B81704002DE9F04F25
:100F20008B469DB00BF1040304930BF10C03CDE948
:100F3000053B016B04464FF001080025D4E90D3054
:100F400010E05A09E66B01385F1CA063676356F82E
:100F500022C003F01F0208FA02F212EA0C0F00F09E
:100F600027813B469942ECD1002800F0F2812268AB
:100F7000E36AD2E908621944904228BF1046B1FBE7
:100F8000F6F306FB13112063E162E06B6563D208A0
:100F900000210CF0C3FF6368013300F05781A368A0
:100FA000013300F05381002201230025CDE90823FD
:100FB00004F1140701222E46D4F800C0E16ADCF8DF
:100FC0002030206B591A0E44B6FBF3F503FB156570
:100FD000854210D26909E26B05F01F0552F82130F5
:100FE00008FA05F51D4342F82150DCF82030E16A8B
:100FF000099A206B591A0A44B2FBF3F103FB11233F
:1010000083420AD25809E16B03F01F0351F82020F4
:1010100008FA03F3134341F8203008AA11A9204627
:10102000FFF7CAFC002840F00E810C25149A24E03A
:101030002068129B006A834280F01A820EA9CDE9D3
:1010400000210295002239462046FFF78FFA00283A
:1010500040F0F9809DF839209DF83A309DF83B60CA
:10106000149904321A449DF83830324403F0700366
:101070000A44102B149200F0EB80199B23F00043DC
:10108000043B02F10C009842D2D9DDE91A62701CCF
:10109000CDE9086201D0511C8ED1D4F80C904D4698
:1010A000B9F1000F00F0DE81EB69DA0340F15681FF
:1010B0006F69002F00F05281D4F800A0DAF81C60AC
:1010C000013F083EB742C0F0CF81B7FBF6F00138D0
:1010D0000CF0EAFC0230A7EB8002B2FBF6F6D4F883
:1010E00030E0E16A2B69079505F12C000546DAF836
:1010F0002020704604F114098E4601469818A0EB92
:101100000E0EBEFBF2F002FB10E28A420AD2570931
:10111000E06B02F01F0250F8271008FA02F20A43AF
:1011200040F82720002E00F01781DAF8202006F082
:101130000107C7F1020A93424FEA8A0080F09881C2
:101140000BA90022CDE90110009249462A4620460B
:10115000FFF70CFA002876D10AF1FF3CD4F800A082
:1011600013E0BBFBF2F302FB13B38B424FF0010021
:1011700014D24FEA531EE16B03F01F0351F82E20E7
:1011800000FA03F3134341F82E30D4F82CE0DAF8D8
:1011900020200B9B216BA2EB0E0B9B446045E0DBF8
:1011A0001CAB03EB8C0C023F5CF8443C3E44A5E7CF
:1011B0002068E26A016A1344B3FBF1F201FB1233C7
:1011C000049A42F8043BD4E90C139942049207D1E3
:1011D0000FE0A26B0133013A8B42C4E90D3208D013
:1011E0005D0903F01F0256F8255008FA02F22A4260
:1011F000EFD1DDE9043293427FF49FAEDDF818B001
:10120000006ADBF8043083420BF11C0204F1140184
:1012100080F02E8104250192002220460295009242
:10122000FFF7A4F9002840F08B80DBF81C304FF06A
:10123000FF32CBE90922142001331021CBE907301A
:10124000CBF80C1000201DB0BDE8F08F216B75E6C7
:10125000109B002B3FF411AFD4F800A0DAF81C600B
:1012600003F1FF3BA6F10809CB4570D3BBFBF9F0B6
:1012700001380CF019FC861CABEB8606B6FBF9F6C0
:101280000F9BE16ADAF82020D4F830E09818401A71
:10129000B0FBF2F102FB110272450BD24FEA521C75
:1012A000E16B02F01F0251F82C0008FA02F202432F
:1012B00041F82C20002E3FF4B9AEDAF8202006F0D9
:1012C0000109C9F1020A93424FEA8A0080F0D080F6
:1012D0000BA90022CDE90110009239462046FFF704
:1012E00045F90028AFD10AF1FF3CD4F800A013E083
:1012F000BBFBF2F302FB13B373454FF0010014D2B2
:101300004FEA531EE16B03F01F0351F82E2000FA41
:1013100003F3134341F82E30E16ADAF820200B9BE7
:10132000D4F830E0A2EB010B9B446045E0DB1CAB42
:1013300003EB8C0CA9F102095CF8443C4E44A5E790
:1013400010F1340F3FF471AF1DB0BDE8F08F0646C9
:1013500096E76FF01B0076E7079DEB699B037DD551
:101360002F6A002F7AD0D4F800A0DAF81C60013F71
:10137000083EB7427AD3B7FBF6F001380CF094FB85
:101380000230A7EB8003B3FBF6F6D4F830E0E16A55
:101390006B6A079505F12C000546DAF820207046A7
:1013A00004F114098E4601469818A0EB0E0EBEFB00
:1013B000F2F002FB10E28A420AD25709E06B02F017
:1013C0001F0250F8271008FA02F20A4340F82720BB
:1013D000002E42D0DAF8202006F00107C7F1020AF9
:1013E00093424FEA8A0043D20BA90022CDE90110B3
:1013F000009249462A462046FFF7B8F800287FF4B5
:1014000022AF0AF1FF3CD4F800A013E0BBFBF2F3DB
:1014100002FB13B38B424FF0010014D24FEA531E6C
:10142000E16B03F01F0351F82E2000FA03F313437E
:1014300041F82E30D4F82CE0DAF820200B9B216BF9
:10144000A2EB0E0B9B446045E0DB1CAB03EB8C0C6A
:10145000023F5CF8443C3E44A6E7079D2D68002D02
:101460007FF422AE216B68E5002638E600268CE783
:10147000024B034A034812210CF08EFC981704001B
:10148000B4190400B81704002DE9F04F2DED028BBC
:101490009BB0012504460491A9464FF00008D4E909
:1014A0000D31D4F830C00FE05A09E76B0139581CF0
:1014B000A163606357F8226003F01F0205FA02F28D
:1014C000324200F02A8103469C45EDD1002900F00C
:1014D00052822368E66AD3E90802B444914228BFE5
:1014E0001146BCFBF0F300FB13C32163E362E06B26
:1014F000C4F83480D20800210CF010FD6368013379
:10150000CDD0A3680133CAD000220123CDE9062340
:101510000122002004F1140796462268E36A116A4A
:10152000266BCB1A03EB000CBCFBF1F001FB10C0E7
:10153000864210D94609E16B00F01F0051F82630B1
:1015400005FA00F0184341F82600D4E90B36116A79
:10155000DDF81CE0CB1A7344B3FBF1F201FB12334C
:10156000B3420AD25809E16B03F01F0351F820205F
:1015700005FA03F3134341F8203006AA0FA92046C9
:10158000FFF71AFA002840F0E9804FF00C08129A91
:101590000CAE23E02168109B096A8B4280F0F58134
:1015A0000092CDE90168002239462046FEF7DEFFB1
:1015B000002840F0D3809DF831209DF832109DF82E
:1015C00033C0129B04320A449DF8301062441A441E
:1015D00001F07003102B129200F0C580179B23F0CE
:1015E0000043043B02F10C019942D3D9DDE9180E06
:1015F000411CCDE9060E02D0BEF1FF3F8DD1D4F8DB
:101600000C804646B8F1000F3FF447AFF369DA03A8
:1016100040F128817769002F00F02481D4F800A0E0
:10162000DAF81C30013FA3F108084745C0F0A88153
:10163000B7FBF8F001380CF037FA0230A7EB80075F
:10164000B7FBF8F704F11400E16AD4F830C0DAF817
:10165000202033690596834606F12C0008EE100A17
:101660000E4661469818A0EB060EBEFBF2F002FB98
:1016700010E28A420BD2E06B4FEA521C02F01F01CB
:1016800050F82C2005FA01F10A4340F82C20002FD5
:1016900000F0E680DAF8202007F00108C8F1020A1D
:1016A00093424FEA8A0080F0708109A90022CDE9B7
:1016B00001100092594618EE102A2046FEF756FFF8
:1016C00000284BD10AF1FF3CD4F800A012E0BEFB89
:1016D000F2F302FB13E38B424FF0010012D25E09DA
:1016E000E16B03F01F0351F8262009FA03F31343BB
:1016F00041F82630E66ADAF82020099B216BA2EB3C
:10170000060E9E446045E2DB1AAB03EB8C0CA8F19D
:1017100002085CF8443C4744A4E72168E26A096A8D
:101720001344B3FBF1F201FB1233049A1360D4E9C2
:101730000C03834211D0012506E0A26B0133013A6C
:101740008342C4E90D3208D0590903F01F0257F84B
:10175000211005FA02F20A42EFD100201BB0BDECC5
:10176000028BBDE8F08F0E9E002E3FF411AFD4F82F
:1017700000A0DAF81C20013EA2F1080B5E450AD356
:10178000B6FBFBF001380CF08FF90230A6EB8003BA
:10179000B3FBFBF31846E16AD4F830C00D9BDAF8CE
:1017A000202008EE107A8E46074661469818A0EB76
:1017B0000E0EBEFBF2F002FB10E28A420AD256097C
:1017C000E06B02F01F0250F8261005FA02F20A43FD
:1017D00040F82620002F00F0D580DAF8202007F00E
:1017E0000106C6F1020A93424FEA8A0080F0CD80DA
:1017F00009A90022CDE90110009218EE101A204626
:10180000FEF7B4FE0028A9D10AF1FF3CD4F800A0ED
:1018100013E0BBFBF2F302FB13B38B424FF001006A
:1018200014D24FEA531EE16B03F01F0351F82E2030
:1018300009FA03F3134341F82E30D4F82CE0DAF818
:101840002020099B216BA2EB0E0B9B446045E0DB43
:101850001AAB03EB8C0C023E5CF8443C3744A5E722
:10186000059EF3699B0340F18180376A002F7DD08C
:10187000D4F800A0DAF81C20013FA2F1080847457F
:101880007CD3B7FBF8F001380CF00EF90230A7EB6F
:101890008007B7FBF8F704F11400E16AD4F830C010
:1018A000DAF82020736A0596834606F12C0008EECC
:1018B000100A0E4661469818A0EB060EBEFBF2F029
:1018C00002FB10E28A420BD2E06B4FEA521C02F09C
:1018D0001F0150F82C2005FA01F10A4340F82C2092
:1018E000002F42D0DAF8202007F00108C8F1020AE0
:1018F00093424FEA8A0048D209A90022CDE901109B
:101900000092594618EE102A2046FEF72FFE0028B6
:101910007FF424AF0AF1FF3CD4F800A012E0BEFB34
:10192000F2F302FB13E38B424FF0010012D25E0987
:10193000E16B03F01F0351F8262009FA03F3134368
:1019400041F82630E66ADAF82020099B216BA2EBE9
:10195000060E9E446045E2DB1AAB03EB8C0CA8F14B
:1019600002085CF8443C4744A5E7059E3668002E13
:101970007FF44CAE91E56FF01B00EFE600278AE79D
:1019800000275FE618EE107A01E6034B034A04488D
:1019900012210CF001FA00BF98170400B4190400DA
:1019A000B81704002DE9F04F044687B00F4600F148
:1019B000140905A92046FFF767FD064640B92068CF
:1019C0000599C3689847064630B110F1340FF0D03E
:1019D000304607B0BDE8F08FBB6A83B307F12C0A2D
:1019E00035460DF1130804F1200B13E02268059B26
:1019F000126A934247D20122CDE9018200954A46FC
:101A000059462046FEF714FF002831D1BB6A013544
:101A1000AB4214D922687B6A126A93422DD201220A
:101A2000CDE901820095524649462046FEF79EFDCB
:101A30000028DBD00646304607B0BDE8F08F2368AB
:101A4000A16A9A69786B0CF041FAD4E9081223680C
:101A5000A06AC7E90B12FF219A690CF05FFA059B97
:101A60004FF0FF32304622627B6207B0BDE8F08F54
:101A700010F1340F9DD00646DDE7064B064A0748B5
:101A800012210CF089F9034B054A04489C210CF003
:101A900083F900BF98170400B4190400B8170400B4
:101AA000C41904002DE9F04F2DED028BC9B0044696
:101AB0002C2200211CA80CF031FA4FF00043282200
:101AC00027A8002124930CF029FA23681B6A01221D
:101AD0003192002B00F0C98100274FF00C09319B97
:101AE000013300F0B18130AA27A92046FEF764FF38
:101AF0000546002840F00C81249B002BC0F20E818B
:101B00006368013300F04E81A368013300F04A811D
:101B100032AE32460CAB25A92046FFF7C3F80028A9
:101B2000C0F2F58000F03E810E9B259A0F98269911
:101B3000934200F090818B4200F09381DDE91D51CA
:101B4000239A26902068259301320023CDE91D15A4
:101B50000B9505932392C3680A9198474FF0FF387D
:101B60000546F0B115F1340F40F0D2800A9BC4F85D
:101B70002080012B40F279810B9B012B40F2758173
:101B80001DA92046FFF780FC0546002840F0C080D4
:101B900020681D9901230593C368984705460028CE
:101BA000E0D123AF0DF1500AA1461022394650462C
:101BB000CDF8508003F0F8FD59F8202B1D9B126AD8
:101BC000934280F015821026CDE900572A460296EE
:101BD00049462046FEF72CFE05460028C2D1249B2C
:101BE00023F00043043B102B32D904F1140B3DAF1A
:101BF00022680B9B126A934280F0F4810122CDE9A6
:101C000001720096002259462046FEF7AFFC0546B9
:101C100000287DD101223946504603F0C5FD2268D7
:101C20001D9B126A934280F0E3810122CDE901728B
:101C300000962A4649462046FEF7FAFD054600284A
:101C400090D1249B23F000430136043B9E42CFD326
:101C500022681D9B126A934280F0CA81042202927C
:101C6000CDE9006A494600222046FEF7E1FD05461F
:101C700000287FF477AF216AC4F814804A1C12D080
:101C80002068A36A826900928568626AA84705464F
:101C900000287FF467AF2368A06A9A69FF210CF0DF
:101CA0003DF9C4F82080206803699847054600285C
:101CB0007FF458AF249EDDF874B0CDF8F48026F0A0
:101CC000004604F11403043E08EE103A00F0968139
:101CD00007460DF1400908E00137012249463DA8B9
:101CE00003F062FDBE4240F2898123681B6A9B4576
:101CF00080F078810123CDE9019318EE101A009746
:101D00005B4600222046FEF731FC0028E4D0054661
:101D1000284649B0BDEC028BBDE8F08F32AE4FF0E3
:101D20000008324627A92046FEF724FFF0B1831CA5
:101D3000EDD10DF19C0CBCE80F001CAE0FC6BCE849
:101D40000F000FC69CE8070086E8070023681B6A9F
:101D500001379F4280F08980309B01337FF4BFAE12
:101D6000284649B0BDEC028BBDE8F08F9DF9CC3020
:101D70009DF8CC20002BD4DA6368013341D0A368EE
:101D800001333ED034A92046FEF754FF0028BEDBC5
:101D900035D0324627A9204601F0C8F90028C0D026
:101DA0000546B5E7DDE93050DDE91D21239B1D9196
:101DB000CDE925500133239308911E9209924FF0EB
:101DC000000801262068C3689847054600284FD0C0
:101DD00015F1340F9CD1089B4FF0FF32012B22628A
:101DE00043D9099B012B40D91DA92046FFF74CFB85
:101DF000054600288CD11D994FF00108E2E79DF8B7
:101E0000CC20DDF8C8E09DF8CFC0CDF8F89002F006
:101E10007F020EF10C0033A9CDE93F198DF8CC20DB
:101E2000419001233DAA27A92046CDF80C81CDF889
:101E3000F4E0CDF808C1CDF810C100F0F9F90028A0
:101E40003FF46FAF054663E70025284649B0BDEC77
:101E5000028BBDE8F08F88423FF461AF8B427FF484
:101E60006DAE82427FF46AAE59E76FF033054FE7FB
:101E700023AFA2464FF0FF331022394607A807933D
:101E800003F092FC5AF8202B1D9B126A934280F0BB
:101E9000AF804FF01009CDE900572A46CDF80890E1
:101EA00051462046FEF7C4FC0546002890D1249BED
:101EB00023F00043043B102B34D904F1140B10AF72
:101EC0002268099B126A934280F08C80CDE90176EA
:101ED000CDF80090002259462046FEF747FB054604
:101EE00000287FF415AF0122394607A803F05CFCF7
:101EF00022681D9B126A93427AD22A46CDE9017666
:101F0000CDF8009051462046FEF792FC0546002889
:101F10007FF45EAF249B23F0004309F10109043BE9
:101F20009945CDD322681D9B126A934260D2042248
:101F300007A9CDE900910292514600222046FEF702
:101F400077FC054600287FF443AF216A4FF0FF3746
:101F5000B942676111D02068A36A826900928568DE
:101F6000626AA847054600287FF432AF2368A06A5A
:101F70009A69FF210BF0D2FF276220680369984716
:101F8000054600287FF424AF249FDDF874B027F0C5
:101F900000474FF0FF3204F11403043F08EE103AFB
:101FA000109245D081460DF1F40A08E009F10109CB
:101FB0000122514610A803F0F7FB4F4538D923689A
:101FC0001B6A9B450ED2CDE901A618EE101ACDF87A
:101FD00000905B4600222046FEF7C8FA0028E5D0B4
:101FE000054695E68E4B8F4A8F4812210BF0D4FEA2
:101FF0008B4B8E4A8C489C210BF0CEFE3D9A149B55
:102000009A427FF4B3AD059B002B30D12369002B9E
:102010003FF47EAE5C681D9A944271D099681E9818
:1020200081426DD084426BD08A4269D01B68EEE752
:10203000109A079B9A427FF4CEAEB8F1000F40F0A1
:1020400082802369002B3FF463AE5C681D9A944242
:1020500000F0C48099681E98814200F0BF808442DD
:1020600000F0BC808A4200F0B9801B68EAE7636830
:1020700001334ED0A36801333DAE0AAF4BD0324698
:10208000394610AB2046FEF70DFE0028FFF63FAEA6
:1020900041D0DDE91D03109F149731460C370C2603
:1020A00012909DF847001897139311AF1596179645
:1020B000199000261B9052460123204616971A9627
:1020C00000F0B6F800287FF422AE0A9863689842C0
:1020D0001AD00B9AA1688A4216D0884214D0934233
:1020E00012D00122013384F840208FD0A36801333D
:1020F0008CD02046FFF7D6FC002887D0054607E69F
:102100005A601E9A9A6091E7DDE91D32C4E90132F6
:10211000E7E73DAE0AAF394632462046FEF7ECFC13
:102120000028FFF6F4AD3FF471AF3146DDE91D60E4
:10213000002347901A462046469600F079F800287A
:102140003FF464AFDAE76368013350D0A36801332A
:102150003DAE4DD0324610AB08A92046FEF7A2FD99
:102160000028FFF6D4AD43D0DDE91D02109B149387
:102170000C33189312900C2311A89DF847701392FA
:1021800031461593002617931690012314AA204672
:1021900019971B971A9600F04BF800287FF4B7ADFB
:1021A0000898636898421DD0099AA1688A4219D09C
:1021B000884217D0934215D00122013384F8402081
:1021C0003FF43FAFA36801333FF43BAF2046FFF736
:1021D00069FC00283FF435AF054699E55A601E9A20
:1021E0009A6042E7DDE91D32C4E90132E4E73DAE21
:1021F00008A932462046FEF77FFC0028FFF687AD8F
:102200003FF41FAF3146DDE91D60002347901A46B9
:102210002046469600F00CF800283FF412AFDBE7AA
:1022200098170400B4190400B8170400C419040076
:102230002DE9F04F2DED028BCE690D46D1E901411C
:10224000A5B0013690462A1D69608246EE61AC60F9
:102250000892059383B11E46D8F80400D8F80C30D4
:102260002A6A1B1A022E1A4405D1D8F81C70D8F815
:1022700014603A44921B2A62DAF80000CDF8188004
:102280000023CDE90B140993C36898470446E0B1D5
:1022900014F1340F3DD10B9B4FF0FF32012BCAF8E4
:1022A000202034D90C9B012B31D908995046FFF7D7
:1022B000EBF8044668BBDAF800006968012309936B
:1022C000C368984704460028E2D105F11C07D046B0
:1022D0004FF0FF331022394611A8119303F064FA2E
:1022E00058F8202B6B68126A934280F00D811026FB
:1022F000CDE900472246029641465046FEF798FA3D
:10230000834660B110F1340FC5D0044601E06FF090
:102310003304204625B0BDEC028BBDE8F08F2B6A5C
:1023200023F00043043BB3426BD90AF1140308EED7
:10233000103A37460DF1640934E0DAF800200C9BBE
:10234000126A934280F0E6800122CDE9019218EEF4
:10235000101A009700225046FEF708F9044600289C
:10236000D7D10122494611A803F01EFADAF800205D
:102370006B68126A934280F0C7800122CDE9019216
:102380000096224641465046FEF752FA044600287F
:102390007FF47EAF013701362B6A23F00043043B04
:1023A0009E422ED2059B5B45C7DD069A4FEA0B1372
:1023B00002EB0B11D3580791BB42BED10C4611A8BA
:1023C000D1E9021203F0F0F9DAF800206B68106A24
:1023D000E168A268834280F09780CDE901210096F0
:1023E000002241465046FEF723FA044600287FF4B7
:1023F0004FAF079B5A68DB680BF1010B17441E4473
:10240000CAE7DAF800206B68126A93427CD2042291
:1024100011A9CDE900610292414600225046FEF723
:1024200007FA044600287FF433AFDAF820104FF0A3
:10243000FF339942CAF8143019D0DAF80000DAF8FC
:102440002830826900928468DAF82420A047044684
:1024500000287FF41DAFDAF80030DAF828009A6916
:10246000FF210BF05BFD4FF0FF33CAF82030DAF8A4
:10247000000003699847044600287FF409AF2B6ADF
:10248000D5F8048023F000434FF0FF32B3F1040984
:1024900019920AF1140B1DD007460DAE07E0013763
:1024A0000122314619A803F07FF9B94512D0DAF8B4
:1024B00000301B6A98452DD20123CDE901630097B6
:1024C0004346002259465046FEF750F80028E6D011
:1024D00004461EE7199A119B9A427FF4DCAE099BD1
:1024E00013BBDAF81030002B3FF413AF5E686A6854
:1024F000964215D09968A868814211D086420FD0C3
:102500008A420DD01B68EEE73D4B3E4A3E489C2177
:102510000BF042FC3A4B3D4A3B4812210BF03CFC8D
:102520005A60AA689A60EDE7DAF80430013347D0C0
:10253000DAF80830013319AE0BAF43D032463946D2
:102540000DAB5046FEF7AEFB0028C1DB3AD0D5E913
:1025500001030D9F119731460C370C260F909DF803
:102560003B00159710930EAF129614961690002606
:10257000189011AA0123504613971796FFF758FE9B
:102580000028A5D10B98DAF80430984231D00C9A83
:10259000DAF808108A422CD088422AD0934228D0F8
:1025A000012201338AF840209BD0DAF80830013349
:1025B00097D05046FFF776FA002892D00446A8E656
:1025C00019AE0BAF394632465046FEF795FA002851
:1025D000FFF67EAF85D03146D5E901600023239018
:1025E0001A4650462296FFF723FE00283FF479AFA3
:1025F000E4E76B68CAF80430AA68CAF80820CFE795
:1026000098170400C4190400B8170400B419040092
:102610002DE9F04F2DED028B0D46BDB082461646DA
:102620001F4601F1240809E0002B52DA42462946F0
:102630005046FEF7C1F9002840F008817479B1795D
:10264000F279DAF800002B6A04340C441444C169AE
:102650001C448C42E8D8B4461E1F4CF8046BE96950
:1026600024974C1C6F68A96825920C3313442B6285
:10267000C5E901170C23002221932B1DCDF880C042
:102680001E96229613971291EC611F922392079245
:102690000693C36898470446002800F0DE8014F1D2
:1026A000340F65D1129B4FF0FF32012BCAF8202066
:1026B0005CD9139B012B59D906995046FEF7E4FECD
:1026C0000446002854D101236968DAF80000079312
:1026D000DFE7AC46BCE80F0026AC0FC4BCE80F0037
:1026E0000FC49CE8070084E8070029465046FEF71F
:1026F00015FC044600283BD1DDE92F122B6A6962E4
:102700003046191FAA6240F8041BF6791794CDE9E8
:102710001B473344069416916C681A91A968EA69BC
:102720001D960C332B62C5E901140C230132199359
:102730002B1D18900F940E91EA6107934FF0010939
:10274000DAF80000C36898470446002800F0AA8021
:1027500014F1340F0CD10E9B4FF0FF32012BCAF84D
:10276000202003D90F9B012B00F2BF806FF03304B0
:1027700020463DB0BDEC028BBDE8F08FDAF80020BA
:102780006B68126A934280F04C8204220BA9CDE957
:1027900000610292414600225046FEF749F8044685
:1027A0000028D5D1DAF820104FF0FF339942CAF84B
:1027B000143018D0DAF80000DAF828308269009274
:1027C0008468DAF82420A04704460028C0D1DAF84B
:1027D0000030DAF828009A69FF210BF09FFB4FF0D8
:1027E000FF33CAF82030DAF800000369984704463E
:1027F0000028ADD12E6A26F000464FF0FF33321F7D
:102800000C930AF1140B6B68059200F0EA810746FD
:1028100031AE1C4609E0012231460CA802F0C4FF8B
:10282000059B0137BB4200F0DC81DAF800301B6AFF
:102830009C4280F0FC81CDE901690097234600228B
:1028400059465046FDF792FE0028E4D00446204643
:102850003DB0BDEC028BBDE8F08F05F11C07D04602
:102860004FF0FF331022394609A8099302F09CFF6C
:1028700058F8202B6B68126A934280F0D2811026A0
:10288000CDE900472246029641465046FDF7D0FF6B
:102890008346002800F0AA8010F1340F3FF402AF05
:1028A0005C4665E705F11C07D0464FF0FF33102268
:1028B00039460BA80B9302F077FF58F8202B6B6872
:1028C000126A934280F0AD811026CDE9004722467E
:1028D000029641465046FDF7ABFF834688B110F1A2
:1028E000340F3FF438AF5C4642E707995046FEF795
:1028F000CBFD044600287FF43BAF012369680693B3
:102900001EE72B6A23F00043043BB3427FF636AF49
:102910000AF1140308EE103A374638E0DAF80020DE
:102920000F9B126A934280F082810CAACDE900725B
:1029300018EE101ACDF8089000225046FDF716FE4A
:10294000044600287FF414AF01220CA90BA802F062
:102950002BFFDAF800206B68126A934280F06181E5
:102960000CAACDE90062CDF80890224641465046B7
:10297000FDF75EFF044600287FF4EAAE013701361A
:102980002B6A23F00043043BB3427FF6F7AEBBF162
:10299000010FC3DC16AA4FEA0B1302EB0B11D3583D
:1029A0000591BB42BAD10C460BA8D1E9021202F044
:1029B000FBFEDAF800206B68106AE168A2688342C7
:1029C00080F02F81CDE9012100960022414650463A
:1029D000FDF72EFF044600287FF4BAAE059B5A6827
:1029E000DB680BF1010B17441E44C9E72B6A23F087
:1029F0000043043BB3426CD90AF1140308EE103AC9
:102A000037460DF1280935E0DAF80020139B126AE9
:102A1000934280F00C810122CDE9019218EE101A48
:102A2000009700225046FDF7A1FD044600287FF4E0
:102A30009FAE0122494609A802F0B6FEDAF800204E
:102A40006B68126A934280F0EC800122CDE901921A
:102A50000096224641465046FDF7EAFE044600280D
:102A60007FF41DAE013701362B6A23F00043043B8F
:102A7000B3422ED9BBF1010FC6DC1EAA4FEA0B13DD
:102A800002EB0B11D3580591BB42BDD10C4609A8EE
:102A9000D1E9021202F088FEDAF800206B68106AB1
:102AA000E168A268834280F0BC80CDE901210096F4
:102AB000002241465046FDF7BBFE044600287FF445
:102AC000EEAD059B5A68DB680BF1010B17441E4401
:102AD000CAE7DAF800206B68126A934280F0A1809E
:102AE000042209A9CDE90061029241460022504624
:102AF000FDF79EFE044600287FF4D1ADDAF82010E1
:102B00004FF0FF339942CAF8143019D0DAF80000B8
:102B1000DAF82830826900928468DAF82420A04725
:102B2000044600287FF4BBADDAF80030DAF828005C
:102B30009A69FF210BF0F2F94FF0FF33CAF8203009
:102B4000DAF8000003699847044600287FF4A7AD2F
:102B50002A6AD5F804B022F000424FF0FF33171F65
:102B60000A930AF114091ED006460DF1C40807E0C5
:102B70000136012241460AA802F016FEB74212D0E1
:102B8000DAF800301B6A9B4551D20123CDE901835D
:102B900000965B46002249465046FDF7E7FC0028B8
:102BA000E6D0044653E6DDE909329A427FF47AAD75
:102BB000079B002B41D1DAF81030002B3FF4D8AD41
:102BC0005E686A68964200F089809968A8688142C8
:102BD00000F08480864200F081808A427ED01B68AB
:102BE000EBE7DDE90B329A427FF4B5AD069B002B93
:102BF00040F06E81DAF81040002C00F0948060689C
:102C00006B68984200F0B781A268A9688A4200F018
:102C1000B281884200F0AF81934200F0AC81246819
:102C2000EAE7A74BA74AA8489C210BF0B5F8A44BAC
:102C3000A64AA54812210BF0AFF8DAF804300133A8
:102C400057D0DAF80830013331AE12AF53D03246E4
:102C5000394616AB5046FEF725F80028FFF6F6ADCC
:102C600049D0D5E90102169B26930C332A9318907C
:102C70000C2317A89DF85F70199231462793002600
:102C800029932890012326AA50462B972D972C96FE
:102C9000FFF7CEFA00287FF4D9AD1298DAF80430A5
:102CA00098421FD0139ADAF808108A421AD0884244
:102CB00018D0934216D0012201338AF840203FF405
:102CC0007AAFDAF8083001333FF475AF5046FEF7BB
:102CD000E9FE00283FF46FAF0446B8E55A60AA68E1
:102CE0009A607CE76B68CAF80430AA68CAF80820C2
:102CF000E1E731AE12AF394632465046FDF7FCFEF1
:102D00000028FFF6A3AD3FF456AF3146D5E9016088
:102D100000233B901A4650463A96FFF789FA00285E
:102D20003FF449AFD8E7D5E90116DDE92D32279800
:102D30002F9128991190CDE92710DAF800003096EC
:102D400042F0004201332D932E92C36810910594F6
:102D500098474FF0FF370126C1460446F8B114F1F9
:102D6000340F7FF405AD109BCAF82070012B7FF65D
:102D7000FDAC119B012B7FF6F9AC27A95046FEF75D
:102D800083FB044600287FF4F3ACDAF800002799AF
:102D900001230593C368984704460028DFD10DF14D
:102DA000B408102241460DA80D9702F0FDFCDAF898
:102DB0000020279B126A9342BFF433AF1025CDE960
:102DC00000482246029549465046FDF731FD04462B
:102DD0000028C4D12E9B23F00043043B102B88BF56
:102DE0000DF1C40830D9DAF80020119B126A934221
:102DF000BFF41DAFCDE9018600950022594650462B
:102E0000FDF7B4FB044600287FF4B2AC0122414632
:102E10000DA802F0C9FCDAF80020279B126A934241
:102E2000BFF4FFAE2246CDE90186009549465046E3
:102E3000FDF7FEFC0446002891D12E9B23F00043B1
:102E40000135043B9D42CED3DAF80020279B126A5D
:102E50009342BFF4E6AE04220DA9CDE900510292DF
:102E6000494600225046FDF7E3FC044600287FF463
:102E700076AFDAF82010CAF814704B1C17D0DAF8C5
:102E80000000DAF82830826900928468DAF8242099
:102E9000A047044600287FF462AFDAF80030DAF881
:102EA00028009A69FF210BF039F8CAF82070DAF887
:102EB000000003699847002861D004464FE700BF2F
:102EC00098170400C4190400B8170400B4190400CA
:102ED000DAF80430013379D0DAF80830013331AE52
:102EE0000EAF75D03246394612AB5046FDF7DAFECA
:102EF000041EFFF63DAC6BD0D5E9012312981E905D
:102F00000C30229014920C2013AA9DF84F40159378
:102F100031461F9021902092002601231EAA504680
:102F2000239425942496FFF783F9044600287FF420
:102F30001FAC0E98DAF80430984263D00F9ADAF892
:102F400008108A425ED088425CD093425AD0012257
:102F500001338AF840203FF44DAEDAF808300133EF
:102F60003FF448AE5046FEF79DFD0446002C3FF46A
:102F700041AEFFF7FDBB6360AB68A3604FE62E9ADE
:102F8000DDF89C80319722F00042131F1C4640D090
:102F9000054607E0013501221EA931A802F004FC14
:102FA000AC4236D0DAF800301B6A9845BFF43FAE29
:102FB0001EABCDE9005302964346002259465046C7
:102FC000FDF7D4FA0028E5D0044640E431AE0EAF58
:102FD000394632465046FDF78FFD041EFFF6C8AB5A
:102FE0003FF408AED5E9014000233B9031461A4634
:102FF00050463A94FFF71CF90446002C3FF4FAAD12
:10300000FFF7B6BB6B68CAF80430AA68CAF8082094
:103010009DE7319A0D9B9A427FF4A5AE059D95B927
:10302000DAF81040002C3FF4A3AB6068279B98426D
:1030300078D0A26828998A4274D0884272D093428C
:1030400070D02468EEE7DAF8043001334BD0DAF8B8
:103050000830013331AE10AD47D03246294612ABAD
:103060005046FDF71FFE041EFFF682AB3DD0129BBB
:103070001E93DDE927420C339DF84F0022930C2369
:103080001494159200241F93219323902590314688
:1030900013AD01231EAA504624942095FFF7C8F8CB
:1030A000044600287FF464AB1098DAF804309842A4
:1030B00033D0119ADAF808108A422ED088422CD0E8
:1030C00093422AD0012201338AF84020A8D0DAF8AE
:1030D00008300133A4D05046FEF7E4FC0446002C2F
:1030E0009ED0FFF745BB31AE10AD29463246504663
:1030F000FDF702FD041EFFF63BAB91D0DDE9274052
:1031000000233B9031461A4650463A94FFF790F818
:103110000446002C84D0FFF72BBBDDE92732CAE937
:103120000132CFE76360289BA3608AE72DE9F04F67
:103130002DED028B154653799279EE790433B1B0B7
:1031400013440A6A33440C46059322F000411433B9
:10315000994204F104038346079365D0D4E9010141
:103160002E68E3690696059E0F90921BC4E9011034
:103170000133DBF800000E91C4E907320023089305
:10318000C36809959847A0460646E8B116F1340F82
:103190003CD10E9B4FF0FF32012BCBF820203BD9C6
:1031A0000F9B012B38D907995846FEF76DF9064653
:1031B00060BBDBF80000D8F8041001230893C36853
:1031C000984706460028E1D108F11C04DA464FF082
:1031D000FF331022214612A8129302F0E5FA5AF8A2
:1031E000202BD8F80430126A934280F04B821025CD
:1031F000CDE900643246029551465846FDF718FB6A
:10320000044620B310F1340FC3D00646304631B027
:10321000BDEC028BBDE8F08F6FF03306304631B065
:10322000BDEC028BBDE8F08F19461AAAFDF764FCCD
:10323000061EEBDB229B002BC0F2E0806B79A979A4
:10324000EA7904330B4413440593226A86E7D8F8DD
:10325000203023F00043043BAB4242D90BF114036E
:1032600008EE103A2F460DF194091CB9069BBB429B
:1032700000F0A680DBF800200F9B126A934280F0DA
:10328000FB810122CDE9019218EE101A009700226D
:103290005846FDF76BF906460028B7D1012249468A
:1032A00012A802F081FADBF80020D8F80430126A84
:1032B000934280F0E7810122CDE9019200953246E8
:1032C00051465846FDF7B4FA064600287FF45EAF33
:1032D00001370135D8F8203023F00043043BAB42DE
:1032E000C3D8DBF80020D8F80430126A934280F08B
:1032F000C981042212A9CDE900510292514600224F
:103300005846FDF795FA064600287FF43FAFDBF8F4
:1033100020104FF0FF339942CBF8143019D0DBF86E
:103320000000DBF82830826900928468DBF82420F2
:10333000A047064600287FF429AFDBF80030DBF811
:1033400028009A69FF210AF0E9FD4FF0FF33CBF81E
:103350002030DBF8000003699847064600287FF418
:1033600015AFD8F82030D8F8047023F0004A4FF099
:10337000FF32BAF1040A25920BF1140900F00D8115
:1033800005461AAC08E001350122214625A802F0C5
:103390000BFAAA4500F00181DBF800301B6A9F425E
:1033A00080F06A810123CDE9014300953B4600226C
:1033B00049465846FDF7DAF80028E4D0064625E7E6
:1033C0002246214612A802F0EFF9DBF80020D8F8D7
:1033D0000430126A934280F05581CDE90144009592
:1033E000224651465846FDF723FA064600287FF448
:1033F000CDAEDDE9052301249F186BE7226A2199F0
:10340000D4E9090462F00042134023904A1CDDE92C
:103410001B01CDE91B100D90DBF800002494CDE9D1
:103420002123002305930C91C36898474FF0FF3880
:1034300001270646F8B116F1340F7FF4E7AE0C9B76
:10344000CBF82080012B7FF6E7AE0D9B012B7FF69A
:10345000E3AE1BA95846FEF717F8064600287FF48E
:10346000D5AEDBF800001B9901230593C36898478C
:1034700006460028DFD121ADD946102229460AA8E8
:10348000CDF8288002F090F959F8202B1B9B126A86
:10349000934280F0F7801024CDE900653246029413
:1034A00049465846FDF7C4F906460028C3D1229B79
:1034B00023F00043043B102B33D90BF1140A0BAD5E
:1034C000DBF800200D9B126A934280F0D580CDE995
:1034D00001570094002251465846FDF747F806462A
:1034E00000287FF493AE012229460AA802F05CF975
:1034F000DBF800201B9B126A934280F0C3803246A7
:10350000CDE90157009449465846FDF791F9064622
:10351000002890D1229B23F000430134043B9C42BD
:10352000CED3DBF800201B9B126A934280F0AA8066
:1035300004220AA9CDE900410292494600225846D8
:10354000FDF776F9064600287FF475AFDBF820100A
:10355000CBF814804B1C17D0DBF80000DBF82830C8
:10356000826900928468DBF82420A0470646002880
:103570007FF461AFDBF80030DBF828009A69FF21A7
:103580000AF0CCFCCBF82080DBF8000003699847F8
:10359000002800F0D18006464DE7259A129B9A42FA
:1035A0007FF4F7ADDDE908354446002B70D1DBF838
:1035B00010301A4672B1D2F804C061688C4557D0F9
:1035C0009068A768B84253D0BC4551D081424FD0D3
:1035D0001268EFE7DBF80C2022B34FF0FF370BE067
:1035E000D2F808E0D4F808C0E64509D0614507D014
:1035F000704505D01268AAB1516860688142EFD168
:10360000D1682868814230D0F4D9687995F806E00D
:1036100095F807C0043070446044091AD1601268FC
:10362000002AE9D163B9F1E59F68A06887420BD011
:10363000824209D0B94207D01B68002B3FF4E6ADA7
:103640005A6861688A42EFD1D9682A689142F3D9F1
:103650006A7995F806C0EF799869043262443A4471
:10366000891A821AD9609A61E6E7C2E90177C1E74F
:103670005160A1689160ABE79B4B9C4A9C4812212A
:103680000AF08AFB984B9B4A99489C210AF084FBDC
:10369000DBF80430013379D0DBF80830013325AF93
:1036A0000DF1380875D012AB3A4641465846FDF741
:1036B000F9FA0028FFF682AE6BD0D4E90123129804
:1036C0001A900C301E9014920C2013AA9DF84FC033
:1036D000159339461B9000271D901C9201231AAAAE
:1036E0005846CDF87CC0CDF884C02097FEF7A0FDE9
:1036F00000287FF463AE0E98DBF80430984260D067
:103700000F9ADBF808108A425BD0884259D0934266
:1037100057D0012201338BF840203FF448AFDBF84B
:10372000083001333FF443AF5846FEF7BBF9002899
:103730003FF43DAF064669E5229DDDF86CA0CDF86B
:103740002C8025F000450BF11403043D1E463FD0AC
:1037500004460DF1940907E00134012249460BA803
:1037600002F022F8A54233D0DBF800301B6A9A45FC
:1037700082D2CDE901970094534600223146584643
:10378000FCF7F4FE0028E7D006463FE525AF0DF133
:10379000380841463A465846FDF7AEF90028FFF68C
:1037A0000DAE3FF404AF3946D4E9017000232F90E9
:1037B0001A4658462E97FEF73BFD00283FF4F7AE19
:1037C000B8E76368CBF80430A268CBF80820A0E71C
:1037D000DDE90A329A427FF432AE059B93B9DBF8F9
:1037E0001060002E3FF412AD70681B9B984276D09B
:1037F000B2681C998A4272D0884270D093426ED0CF
:103800003668EEE7DBF8043001334AD0DBF80830E5
:10381000013325AF0CAC46D03A4621460EAB584694
:10382000FDF740FA061EFFF6F1AC3CD00E9B12935A
:10383000DDE91B420C339DF83F0016930C231094D6
:103840001192139315931790199039460FAD0024D8
:10385000012312AA584614951894FEF7E9FC06466F
:1038600000287FF4D3AC0C98DBF80430984231D0B8
:103870000D9ADBF808108A422CD088422AD0934255
:1038800028D0012201338BF84020A8D0DBF8083083
:103890000133A4D05846FEF705F90646002E9ED007
:1038A000B4E425AF0CAC21463A465846FDF724F95E
:1038B000061EFFF6ABAC92D0DDE91B4000232F9033
:1038C00039461A4658462E94FEF7B2FC0646002E9C
:1038D00085D09BE4DDE91B32CBE90132D1E773608F
:1038E0001C9BB3608CE700BF98170400B419040058
:1038F000B8170400C41904002DE9F04F90F84030C7
:10390000BBB00546059163B943680122013380F8D5
:10391000402006D08368013303D0FEF7C3F8044685
:1039200068B909AA19A905AB2846FDF7F9F9821C5F
:10393000044608D105982F210BF0ADF958B1204667
:103940003BB0BDE8F08F002808BF6FF010042046A0
:103950003BB0BDE8F08F2B681B6AAB6324A92846F7
:10396000FDF7DCFA04460028E9D1DDE92210259AAA
:103970002D9126992B9B0494CDE9251201332B938D
:103980002E90089207914FF0FF3A4FF001082868F7
:10399000C36898470446B8B114F1340FCFD1079BE0
:1039A000C5F820A0012B40F2D580089B012B40F2E6
:1039B000D18025A92846FDF767FD04460028BED121
:1039C000012325990493E2E72BAFA946102239463B
:1039D00011A8CDF844A001F0E7FE59F8202B259B53
:1039E000126A934280F0BF801026CDE9004722463C
:1039F000029649462846FCF71BFF04460028CBD117
:103A00002C9B23F00043043B102B30D905F1140B01
:103A10002FAF2A68089B126A934280F09E80CDE9FE
:103A200001780096002259462846FCF79FFD04467F
:103A3000002884D10122394611A801F0B5FE2A6878
:103A4000259B126A934280F08E802246CDE9017850
:103A5000009649462846FCF7EBFE044600289BD119
:103A60002C9B23F000430136043B9E42D1D32A68AD
:103A7000259B126A934276D2042211A9CDE90061F6
:103A80000292494600222846FCF7D2FE044600284E
:103A900082D1296AC5F814A04B1C12D02868AB6AE1
:103AA0008269009284686A6AA047044600287FF40D
:103AB00073AF2B68A86A9A69FF210AF02FFAC5F83C
:103AC00020A0286803699847044600287FF464AF63
:103AD0002C9B259FCDF8BCA023F0004BBBF1040B21
:103AE00005F114091BD006462B681B6A9F4234D28D
:103AF0000DABCDE90063CDF808803B460022494676
:103B00002846FCF733FD044600287FF418AF013641
:103B100001220DA92FA801F047FEB345E4D12F9A49
:103B2000119B9A427FF43BAF049B002B42D12A6940
:103B3000FAB15468259B9C4200F0898091682698D0
:103B4000814200F08480844200F081808B427ED0EC
:103B50001268EDE76FF03304F1E64F4B4F4A5048DF
:103B600012210AF019F94C4B4E4A4D489C210AF09B
:103B700013F9059B8DF82A20184640F6220204937B
:103B8000ADF828200BF0B7F8DDE925648DF82B009F
:103B9000049B0C9409AA19A9284623940B962296F3
:103BA000FEF736FD044600287FF4C9AE2B681B6A79
:103BB000AB63C4E66B68013352D0AB6801332FAE00
:103BC00007AF4FD0324639460DAB2846FDF76AF8AD
:103BD000041EFFF6B4AE45D0DDE925400D9B1193E0
:103BE0000C33159310900C239DF83B000F94314635
:103BF0001293149300241690189011AA0EAE01236C
:103C0000284617941396FEF713FB044600287FF40A
:103C100096AE07986B6898421DD0089AA9688A42A8
:103C200019D0884217D0934215D00122013385F86C
:103C300040203FF47CAFAB6801333FF478AF2846B7
:103C4000FDF730FF0446002C3FF471AF77E6536078
:103C5000269B93607CE7DDE92532C5E90132E4E784
:103C60002FAE07AF394632462846FCF745FF041E03
:103C7000FFF665AE3FF45BAFDDE9254000233990E8
:103C800031461A4628463894FEF7D2FA0446002CEC
:103C90003FF44DAF53E600BF98170400B419040079
:103CA000B8170400C419040070B5D0E9015386B0F8
:103CB000C1E90153019201AB02AA06460C46FDF789
:103CC0002FF8A0B99DF80C30222B12D104AA21465E
:103CD0003046FCF771FE50B9D4E901123369216115
:103CE00062610E211022A161E2602360346106B09E
:103CF00070BD6FF01300FAE7036943B1994202D136
:103D000007E0994207D01A461B68002BF9D1002022
:103D1000704700F110020B6813600020704700BF6D
:103D2000F0B515460E4689B004464C2228460021BF
:103D30000AF0F4F8B3690E2B4AD00F2B53D004AA23
:103D400031462046FCF716FF00285BD19DF8142071
:103D500002F07F03112B01D0222BF0D1110655D593
:103D6000626801320DD0A26801320AD006A920464D
:103D7000FCF760FF002829DBE1D19DF8143003F047
:103D80007F038DF8143021462B70112B51F8140B42
:103D900008BF079B049A08BF6B609DF815C0736845
:103DA000066A9DF81670101D6044B3429DF81720F6
:103DB00005F1080538442BD2CDE9015200900022CC
:103DC0002046FCF7D3FB002808BF012009B0F0BD56
:103DD000124A222312882A812B70B36901200133F1
:103DE000B36109B0F0BD2B460D4A222103F8081B30
:103DF0001188927829819A70B36901200133B361E7
:103E000009B0F0BD841C08BF0020DFE71346BAE705
:103E1000044B054A0548122109F0BEFF681704004B
:103E20006C17040098170400B4190400B8170400B4
:103E30002DE9F0431F4693B003F00303012B0C461A
:103E40000192054603D090F84030002B70D002AAB2
:103E500007A901AB2846FCF763FF064600283FD1BF
:103E60009DF80C30222B00F09180BB0500F18B8077
:103E7000DDE9082002996260049AA0600023C4E989
:103E80000637C4E9031223627A05059B636106D5F0
:103E9000002B5FD14FF0FF320023C4E904232B68CD
:103EA000586B4FF0FF32E262002857D0EB68002BCE
:103EB0005FD16063E36903F003034FF0FF36012B2A
:103EC000E66205D02B68FF219A690AF027F8E662BE
:103ED000EB6823600026EC60304613B0BDE8F08349
:103EE000B01CF9D1DDF804802F2140460AF0D3FE42
:103EF00002460028F0D1F905EED540F61103404600
:103F00008DF80E20ADF80C300AF0F5FE4FF00009E8
:103F100043468DF80F0002AA07A94FF0FF38284644
:103F2000CDE90489FEF774FB06460028A0D0D3E74C
:103F300043680122013380F8402088D08368013330
:103F400085D0FDF7AFFD0646002880D0304613B07F
:103F5000BDE8F08347F48037E7619BE7E26902F050
:103F60000302012A08D0986901F0BEFF60630028AF
:103F7000A0D16FF00B06AFE7586901F0B5FF6063A1
:103F8000002897D1F5E76FF01006A5E76FF014064B
:103F9000A2E700BF2DE9F04F2DED028BCC698FB069
:103FA00004F00305012D0592079300F0B981670322
:103FB0008846834600F10D81250500F11681A00396
:103FC00040F1ED80079B002B00F0D88008F12C0910
:103FD0000693D8F81C30990300F18980D8F8203076
:103FE000002B40F06481DBF800100B6ACBF838300E
:103FF000D8E908730C930DAB08EE103A0BF11404DA
:104000004FF0010ACDF8208018EE101A5846FDF73F
:104010003BFA00285ED10D99012940F29181DBF82D
:104020000000036A994200F28B81C3689847002818
:1040300040F0AD80002F00F06581DBF80010D1F872
:104040001C807D1EA8F10806B542C0F01B81B5FB9F
:10405000F6F00138049109F027FD0230A5EB800548
:10406000B5FBF6F5284609F01FFDA7EB800005FB20
:104070001607B845049900F0C380002F00F03F8177
:1040800000250DF12F0616E0DBF800200D9B126ACB
:10409000934280F03F81CDE9016A0095224649466E
:1040A0005846FCF7C5FB002871D10135BD4280F0B0
:1040B000EF80DBF800100A6A0C9B934280F03A8193
:1040C000CDE9016A0095002221465846FCF74EFAD8
:1040D0000028D9D0DDF82080D8F81C3043F4002324
:1040E000C8F81C300FB0BDEC028BBDE8F08FDBF8D8
:1040F0000010D8F82870CD69AF423FF476AFD8F8F9
:1041000024300BF11404069A059EED1B954228BF3E
:1041100015460EE010F1340FDED141465846FDF74A
:1041200041FC0028D8D1D8F82870DBF80010D8F866
:1041300024300A6A9A4240F2ED80CDE90165009789
:10414000224649465846FCF773FB0028E2D1D8F8CE
:104150002020D8F82830DBF800102A442B44096AC4
:10416000C8F82020C8F82830059A069BCBF83810EC
:104170002A445B1B059206937FF42BAFD8F81C30C2
:10418000079823F40023C8F81C30ABE7099F10F10F
:10419000340F9FD14FF0FF33CBF8203034E7D8F8FD
:1041A0002040D8F814309C427FF60CAFC8F820307D
:1041B0000DAE002501233246414658468DF8345055
:1041C000FFF7E8FE00288DDBD8F820309C42F1D8BC
:1041D000F8E64FF0FF3224F48023A603CA62CB61D5
:1041E00000F185802205DAD51C46D8F81430D8F8BD
:1041F00020209A4238BFC8F82030A003CFD5E1E68E
:10420000013595FAA5F3B3FA83F318460133049305
:104210000A6A099700250DF1300807460D9B934265
:104220004FEA850676D20422CDE901820096224625
:1042300049465846FCF7FCFA0C9B0028A6D1AF4231
:1042400011D0DBF80020126A934273D20422CDE928
:1042500001820096024621465846FCF787F900285D
:104260007FF438AF0C9B012B5DD9DBF800100A6A94
:10427000934258D8049B0135AB42CFD1DDF8208062
:104280009F0009E047457FF4FBAE01230493BFE79D
:10429000DDF82080DBF800100D9BC8E90937D8F85D
:1042A0001C20CD6942F40032C8F81C202BE708F12D
:1042B000280108F12402CDE90121013B0093D8E94E
:1042C000042349465846FCF719FA00287FF404AF46
:1042D000DBF80030D8F834009A69FF2109F01EFE9F
:1042E0004FF0FF33DBF80010C8F82C307DE600F00B
:1042F0003DF800287FF4F6AED8F81C405CE6DDF807
:104300002080C9E7DDF820800D9BDBF80010C8E9AC
:104310000937C4E70E4B0F4A0F489C2109F03CFDBA
:104320006FF00800DEE60D4B0D4A0B4840F2D3411A
:1043300009F032FD064B0B4A0748122109F02CFD0B
:10434000094B074A044840F28C4109F025FD00BFA3
:1043500098170400C4190400B817040028180400B2
:10436000E4190400B4190400701804002DE9F043A6
:104370000D4693B0064600F114072C22002104A834
:10438000D5F8208009F0CAFD97E807004FF0FF3309
:10439000D5E904C40DF1480E73610EE90700296ADE
:1043A0006A69CDF8308001209142CDF820C009948F
:1043B0000B901FD2994601230DF10F0204A930463C
:1043C00000F072F90446002C4FF001030DF10F02CA
:1043D000294630463ADBFFF7DDFD041E36DB736904
:1043E000013337D0C6F814906A692B6ACDF83C9037
:1043F0009A42E0D805F12C0918E030686B6B8269AD
:10440000009284682A6BA04704463A4649463046E3
:104410001CB9FCF71FF9044658B114F1340F2946B2
:10442000304613D1FDF7BEFA044678B9E96A4B1C51
:10443000E3D1EB69D5E9082123F4003343F4803359
:104440002961EB616A61C5F820800024204613B021
:10445000BDE8F0832A6A6B699A42ACD3CAE700BF11
:10446000F0B5CB690C4659039DB0054605D523F43C
:1044700080234FF0FF32E361E2629A0309D52146BF
:104480002846FFF773FF024610B110461DB0F0BD7D
:10449000E36903F41023B3F5803F03D000221046F4
:1044A0001DB0F0BD63680133F8D0A3680133F5D0C7
:1044B000221D11A92846FCF77FFA02460028E4D104
:1044C0002946129B51F8140B0692076AE068059082
:1044D00006AEBB42C6E901222CD20C27CDE900066C
:1044E00002972846FCF742F802460028CDD19DF8F5
:1044F0001830112B24D1059B0B9603F10C060A975B
:1045000028460C979DF81B5027690F9209930D962A
:1045100009AA6669079711A9012308960E951095B7
:10452000FDF786FE02460028AFD1E36923F480330D
:10453000E361AAE7064B074A0748122109F02CFC61
:10454000064B074A044840F2136109F025FC00BFFE
:1045500098170400B4190400B8170400A018040048
:10456000F41904002DE9F041CB690C4659039CB0C5
:10457000054605D523F480234FF0FF32E361E26264
:104580009A0321D521462846FFF7F0FE0646D0B112
:10459000EB6843B19C4202D16AE09C426AD0194662
:1045A0001B68002BF9D1A3692BB11B681BB13046E6
:1045B0001CB0BDE8F0812B685B6B002BF7D1606B02
:1045C00001F0A6FCF3E7E36903F41023B3F5803FA1
:1045D00001D00026DCE763680133FAD0A368013319
:1045E000F7D011A9221D2846FCF7E6F90646002857
:1045F000CED12946129B51F8142B0696106AE26818
:10460000059206AF8342C7E9016636D24FF00C0827
:10461000CDE90027CDF8088032462846FBF7A6FFF3
:1046200006460028B4D19DF81830112B2BD1059BDC
:1046300022690F9060699DF81B600B97099303F145
:104640000C070792089011A9012309AA28460E9683
:104650001096CDF82880CDF830800D97FDF7E8FD55
:104660000646002894D1E36923F48033E3618FE7A1
:1046700005F10C0123680B6095E7064B064A0748D5
:10468000122109F089FB064B064A044840F21361E7
:1046900009F082FB98170400B4190400B81704004D
:1046A000A0180400F41904002DE9F04F0D46C96963
:1046B00001F00304022C87B04FD0804688031746D0
:1046C0001E464FD42A6A69698A425CD2A1EB02096C
:1046D000B1454B4628BF33460593002B57D01E46A5
:1046E00005F12C0905F1280B05F1240A1FE0D8F883
:1046F0000000A96AC469A1421CD0641A026A6B6AEC
:10470000B44228BF3446934245D20091CDE90174AA
:10471000002249464046FBF729FF00BB2A6AAB6AE4
:1047200022442344361B27442A62AB622FD0EB6914
:104730005B03DCD4CDE901AB0092D5E90423494603
:104740004046FBF7DBFF50B9EB69D8F80000A96AD7
:10475000C46943F48023EB61CFE76FF0080007B032
:10476000BDE8F08F4A0305D521F480214FF0FF32D8
:10477000E961EA6229464046FFF7F8FD0028A1D02A
:1047800007B0BDE8F08F002007B0BDE8F08F0598B6
:1047900007B0BDE8F08F034B034A0448122109F02B
:1047A000FBFA00BF98170400B4190400B8170400FE
:1047B000F8B50C46C96916464A0307461D4605D595
:1047C00021F480214FF0FF33E161E3628B0305D5D3
:1047D00038462146FFF7CAFD00B1F8BD2DB1012DC5
:1047E0000CD0022D04D0206AF8BD26623046F8BDF8
:1047F000002E606905DB30442062F8BD002E206A7F
:10480000F9DA72428242F6D96FF01500F8BD00BFA6
:10481000086A7047CB699B0305D5086A4B699842C3
:1048200038BF184670474869704700BFF0B597B069
:104830001546059105AB07AA0BA90646FCF770FAC9
:10484000044610B1204617B0F0BD4C220146284660
:1048500009F064FB9DF820302B70112B04BF0A9BDC
:104860006B607268099B934223D00A98B1688842B2
:104870001FD08B421DD082421BD03146079A51F87F
:10488000143B9DF821701C6A0C9B9DF82200043299
:104890003A44A342024405F108059DF823000ED2D4
:1048A000CDE90150009230460022FBF75FFE04463E
:1048B000C8E7064B1B882B81204617B0F0BD044B80
:1048C000044A0548122109F067FA00BF7017040076
:1048D00098170400B4190400B81704002DE9F04F2C
:1048E00090F84030BBB00546059183B9436801227A
:1048F000013380F840200AD08368013307D0FDF7E8
:10490000D1F8044618B120463BB0BDE8F08F09AAA3
:1049100019A905AB2846FCF703FA04460028F2D192
:104920009DF82830222B00F0D08009AA19A928462A
:10493000FEF7FCFB04460028E5D19DF82830222B29
:10494000E1D119AA25A92846FCF7D6F8041EDADB1E
:1049500000F00B81DDE92D40209B2390DDE91A2139
:10496000286822940133209300230493CDE91A127E
:10497000C3680892079198474FF0FF3A4FF001083B
:104980000446E0B114F1340FBDD1079BC5F820A057
:10499000012B40F2A480089B012B40F2A0801AA9B1
:1049A0002846FCF771FD04460028ACD128681A9906
:1049B00001230493C368984704460028E2D120AF3E
:1049C000A9461022394611A8CDF844A000F0ECFE0B
:1049D00059F8202B1A9B126A934280F03A811026D4
:1049E000CDE900472246029649462846FBF720FFBC
:1049F00004460028C6D1219B23F00043043B102B22
:104A000031D905F1140B2FAF2A68089B126A934223
:104A100080F02581CDE9017800960022594628468C
:104A2000FBF7A4FD044600287FF46DAF0122394650
:104A300011A800F0B9FE2A681A9B126A934280F00E
:104A400008812246CDE90178009649462846FBF7C1
:104A5000EFFE0446002895D1219B23F00043013648
:104A6000043B9E42D0D32A681A9B126A934280F07C
:104A7000F080042211A9CDE900610292494600228A
:104A80002846FBF7D5FE044600287FF47BAF296A51
:104A9000C5F814A04B1C12D02868AB6A826900923A
:104AA00084686A6AA047044600287FF46BAF2B68CD
:104AB000A86A9A69FF2109F031FAC5F820A0286890
:104AC0000369984770B104465CE70BAA24A92846FD
:104AD000FBF772FF044600283FF427AF13E76FF09F
:104AE000330410E7219FDDF868B0CDF8BCA027F0B3
:104AF000004705F11403043F1C461DD006460DF186
:104B0000340907E00136012249462FA800F04CFE87
:104B1000B74211D02B681B6A9B4580F0A080CDE97D
:104B2000019800965B46002221462846FBF71EFDB1
:104B30000028E7D00446E6E62F9A119B9A427FF4BC
:104B400024AF049BC3B92C69002C3FF4DCAE606831
:104B50001A9B98425AD0A2681B998A4256D0884222
:104B600054D0934252D02468EEE7404B404A41482B
:104B700040F26E7109F010F96B6801334FD0AB68E9
:104B800001332FAE07AF4CD0324639460DAB284625
:104B9000FCF788F8041EFFF6B6AE42D0DDE91A40F5
:104BA0000D9B11930C33159310900C239DF83B0033
:104BB0000F9431461293149300241690189011AA62
:104BC0000EAE0123284617941396FDF731FB0446D9
:104BD00000287FF498AE07986B6898421AD0089A1C
:104BE000A9688A4216D0884214D0934212D001227A
:104BF000013385F84020A6D0AB680133A3D0284606
:104C0000FCF750FF0446002C9DD07CE663601B9BA4
:104C1000A360A8E7DDE91A32C5E90132E7E72FAE64
:104C200007AF394632462846FBF766FF041EFFF6FB
:104C30006AAE88D0DDE91A400023399031461A4621
:104C400028463894FDF7F4FA0446002C3FF47BAF75
:104C500059E6094B094A07489C2109F09DF8064B83
:104C6000074A0448122109F097F800BFC018040051
:104C7000041A0400B817040098170400C4190400AB
:104C8000B41904002DE9F04F2DED028B8B6A016001
:104C9000C5B00446002B00F09780C361C86A0028A5
:104CA00000F09E80A0628A69FF2109F037F94FF079
:104CB000FF33226823626361536AD90640F0278379
:104CC000002B00F01D83106B002800F09280E06341
:104CD000D2E90551B1FBF5F305FB1313002B40F0AE
:104CE000FA82D769B7FBF1F501FB1575002D40F08D
:104CF00000834FF0FF36A7F10803B6FBF3F333440C
:104D0000B3FA83F3C3F12003B7EB830FC0F0EA8259
:104D1000526A25612946C4E90265D20884F84050E8
:104D2000666009F0FBF82368E562D3E90823934243
:104D300028BF1346C4E90C35A26322A92046FCF71C
:104D4000EDF8054678B123689A6A002A63D0DA6ADA
:104D5000002A5BD01B6B002B54D0284645B0BDEC1D
:104D6000028BBDE8F08F2DA92046FCF7D7F8054649
:104D70000028E8D1DDE92E21349B0E92CDE92E12D8
:104D80000133049034930D914FF001092068C368FA
:104D900098470546002843D015F1340FD3D10D9B19
:104DA0002662012B0DD90E9B012B0AD92EA9204674
:104DB000FCF76AFB05460028C5D101232E99049310
:104DC000E4E76FF03305BEE7486901F08DF8E06174
:104DD000002800F0DF802168C86A00287FF462AFF5
:104DE000886901F081F8A062002800F0D380216872
:104DF00059E7D80801F078F8E063002800F0CA808D
:104E0000226865E7E06B01F083F8A6E7A06A01F08D
:104E10007FF823689EE7E06901F07AF8236896E757
:104E200034AFA2461022394609A8099600F0BCFC0E
:104E30005AF8202B2E9B126A934280F07D824FF00D
:104E40001008CDE900572A46CDF808805146204683
:104E5000FBF7EEFC054600289ED1359B23F000436E
:104E6000043B102B474633D904F1140B0DF12808ED
:104E700022680E9B126A934280F06482CDE9018918
:104E80000097002259462046FBF770FB0546002894
:104E90007FF459AF0122414609A800F085FC226841
:104EA0002E9B126A934280F047822A46CDE90189FF
:104EB000009751462046FBF7BBFC054600287FF4CF
:104EC0006BAF359B23F000430137043B9F42CFD3A8
:104ED00022682E9B126A934280F02E82042209A936
:104EE000CDE900710292514600222046FBF7A0FC5A
:104EF000054600287FF450AF216A66614B1C11D033
:104F00002068A36A826900928568626AA84705469C
:104F100000287FF441AF2368A06A9A69FF2108F056
:104F2000FDFF2662206803699847054600287FF444
:104F300033AF359BDDF8B8B00A9623F0004304F197
:104F40001402043B08EE102A3CD01D46234608EE0E
:104F500090AA38AF92460446984607E001340122F1
:104F600039460AA800F020FCA54228D0D8F8003025
:104F70001B6A9B4580F0E681CDE9017900945B4690
:104F8000002251464046FBF7F1FA0028E6D00546DC
:104F90004446D8E623689A6A002A00F0C881DA6A93
:104FA000002A00F0BF811B6B002B00F0B7816FF06F
:104FB0000B05284645B0BDEC028BBDE8F08F18EE1E
:104FC00090AA4446DDE909329A427FF4E8AE049B98
:104FD000002B40F0168225698DB168682E9B98429F
:104FE00000F0B681AA682F998A4200F0B181884208
:104FF00000F0AE81934200F0AB812D68ECE7A74A48
:1050000023688DF86A50082641F22E47ADF8687083
:105010008DF86B6092E80300D3E907261D9220AA61
:1050200082E803002F9A06954FF001102E9D1E96E0
:1050300034211026A2601C922C9202221F906560DF
:105040001B952B9519962A914FF001090492184649
:10505000DDE92331299A0C93CDE923130132002392
:1050600007932992C3680B9198470546D8B115F16B
:10507000340F7FF468AE0B9B4FF0FF32012B22629E
:1050800032D90C9B012B2FD923A92046FCF7FCF920
:10509000054628BB2068239901230793C3689847D6
:1050A00005460028E3D129AF4FF0FF3310223946DF
:1050B00011A8119300F078FB2268239B126A934297
:1050C00080F03A811026CDE900572A4602965146D3
:1050D0002046FBF7ADFB18B310F1340FCBD00546DB
:1050E00015F1340F7FF42FAE049B012B14D1069BD6
:1050F000002B3FF466AE22A90026012738AA2046DD
:10510000CDE93867FBF758FC054600287FF41BAE55
:1051100023681A6AA26317E601232068049397E7BD
:105120002A9B23F00043043BB34259D918EE108A5E
:1051300037460DF1E00B05902FE022680C9B126AB8
:10514000934280F0FF80CDE901B9009700224146EB
:105150002046FBF70BFA05460028C1D1012259462B
:1051600011A800F021FB2268239B126A934280F071
:10517000E3802A46CDE901B9009651462046FBF767
:1051800057FB054600287FF472AF013701362A9B92
:1051900023F00043043B9E4222D2059B002BCCD13E
:1051A000102FCAD11AAD2022294611A800F0FCFA0E
:1051B0002268239B126A934280F0BE802021CDE9B1
:1051C00000650291059A51462046FBF731FB0546E2
:1051D00000287FF44CAF0123203630270593D6E713
:1051E0002268239B126A934280F0A680042211A9B0
:1051F000CDE900610292514600222046FBF718FBE0
:10520000054600287FF433AF216A4FF0FF339942FF
:10521000636113D02068A36A826900928568626A1C
:10522000A847054600287FF422AF2368A06A9A6940
:10523000FF2108F073FE4FF0FF33236220680369FB
:105240009847054600287FF412AF2A9BDDF88C8032
:1052500023F0004B4FF0FF32BBF1040B38921FD00C
:1052600018EE105A07460DAE07E00137012231460D
:1052700038A800F099FABB4512D023681B6A9845FC
:1052800060D2CDE9016900974346002229462046B5
:10529000FBF76CF90028E8D0054621E7A8190400BF
:1052A000389A119B9A427FF4E6AE079B002B57D1A8
:1052B00023696BB15D68239A95424DD09968249813
:1052C000814249D0854247D08A4245D01B68F0E7E9
:1052D0000123069308E7914B914A924840F61F013B
:1052E00008F05AFD904B8E4A8E4840F6230108F094
:1052F00053FD8E4B8A4A8B484FF4026108F04CFDF7
:105300008B4B874A874840F6140108F045FD894BCE
:10531000834A844840F6130108F03EFDE06B00F03C
:10532000F7FD44E6A06A00F0F3FD23683BE6E06980
:1053300000F0EEFD236832E67F4B804A79489C21DD
:1053400008F02AFD7C4B7E4A7648122108F024FDA5
:105350006B602F9BAB6050E65A60249A9A60B5E769
:105360006368013300F09F80A368013338AE0BAF50
:1053700000F09B80324639460DAB2046FBF792FC8D
:10538000051EFFF6ADAE00F09080DDE923030D9D14
:1053900011950C3515950F900C259DF83B00109339
:1053A00031461295149516900025189011AA0EAE4C
:1053B0000123204617951396FCF73AFF054600286F
:1053C0007FF48EAE0B986368984267D00C9AA16800
:1053D0008A4263D0884261D093425FD04FF001028D
:1053E000013384F840203FF463AFA36801333FF4F6
:1053F0005FAF2046FCF756FB0546002D3FF458AF43
:105400006EE6636801336ED0A368013338AE0DAF2A
:105410006BD03246394611AB2046FBF743FC051EE4
:10542000FFF691AC61D0DDE92E02119B19930C338C
:105430001D9313900C2312A89DF84B5014923146E3
:105440001A931C931B900026012319AA20461E952F
:1054500020951F96FCF7ECFE054600287FF473AC00
:105460000D986368984239D00E9AA1688A4235D067
:10547000884233D0934231D00122013384F8402056
:105480003FF4A9ADA36801333FF4A5AD2046FCF776
:1054900009FB0546002D3FF49EAD54E4DDE92332BF
:1054A000C4E901329AE738AE0BAF3946324620469E
:1054B000FBF722FB051EFFF613AE3FF4F9AEDDE964
:1054C00023500023429031461A4620464195FCF76E
:1054D000AFFE0546002D3FF4EBAE01E6DDE92E32CE
:1054E000C4E90132C8E738AE0DAF3946324620462E
:1054F000FBF702FB051EFFF626AC3FF46CADDDE9C1
:105500002E500023429031461A4620464195FCF722
:105510008FFE0546002D3FF45EAD14E4FC18040038
:10552000101A0400B81704005C1904002C190400B8
:10553000E4180400C418040098170400C4190400F7
:10554000B4190400F0B58B6A01609BB00446002BCF
:105550007CD0C361C86A002800F08380A0628A6999
:10556000FF2108F0DBFC4FF0FF3321682362636109
:10557000486AC30640F0C380002800F0D5800B6B5A
:10558000002B75D0E363D1E90503B3FBF0F200FB18
:105590001232002A40F0C180C869B0FBF3F203FB6D
:1055A0001202002A40F0B2804FF0FF35A0F108034C
:1055B000B5FBF3F32B44B3FA83F3C3F12003B0EB51
:1055C000830FC0F085800B6AA363C4E90155C4E969
:1055D0000322C4E90B2284F84020626300260127DD
:1055E00004AA0FA92046CDE90467FBF7E5F90546B3
:1055F00060B123689A6A002A46D0DA6A002A3ED04F
:105600001B6B002B45D028461BB0F0BD2146109BDC
:1056100051F8142B126A934280F08D802020029062
:1056200007AE1020CDE900062A462046FAF79EFF75
:1056300005460028DDD1DDE90810424B0D9A9A425B
:10564000C4E9011029D06FF03305D2E7486900F0B2
:105650004BFCE061002831D02168C86A00287FF443
:105660007DAF886900F040FCA06238B3216876E71E
:10567000C00800F039FCE06300B3216883E7A06A4A
:1056800000F046FC2368BBE7E06900F041FC2368BA
:10569000B3E7E06B00F03CFCB5E70E9AA3F187732B
:1056A000A3F580639A42CED10C9B1A0C012A02D139
:1056B0009BB2012BA7D96FF015059AE723689A6A68
:1056C000C2B1DA6A8AB11B6B4BB16FF00B059AE776
:1056D0001D4B1E4A1E4840F6230108F05DFBE06B9F
:1056E00000F016FC6FF00B058DE7A06A00F010FCCF
:1056F0002368E8E7E06900F00BFC2368E1E7154B5D
:10570000124A134840F6130108F046FB124B0F4AA9
:105710000F484FF4026108F03FFB104B0B4A0C4856
:1057200040F61F0108F038FB0D4B084A084840F6C8
:10573000140108F031FB0B4B0B4A0548122108F00D
:105740002BFB00BF6C6974745C190400101A040010
:10575000B8170400C41804002C190400FC18040035
:10576000E418040098170400B419040003689A6A46
:1057700010B504462AB1DA6A52B11B6B7BB1002026
:1057800010BDC06900F0C4FB2368DA6A002AF4D1B6
:10579000A06A00F0BDFB23681B6B002BEFD1E06B10
:1057A00000F0B6FB002010BDE2B170B4561E0E4DE5
:1057B00002680E444C1E14F8013F83EA020101F016
:1057C0000F01A64255F8211081EA121282EA131342
:1057D00003F00F0355F8233083EA1212EBD170BCAB
:1057E00002607047704700BF1C1A040010B5034BDD
:1057F00003600446FAF7BAFA204610BD641A0400A2
:1058000010B5054B03600446FAF7B0FA204602F0E3
:105810009BFE204610BD00BF641A040008B500F0CE
:10582000B5F9002008BD00BF70B501F5ED51CC0100
:1058300082B004F18006FF25012220460DF1070108
:1058400014448DF8075000F0A7F9A642F4D10020C7
:1058500002B070BD08B501F5ED5102EBC110029A1E
:10586000194600F099F9B0FA80F04009404208BDAD
:1058700008B501F5ED5102EBC1111846029A00F08E
:10588000A3F90028CCBF00200120404208BD00BF82
:1058900038B500210546FAF789FA98B94FF46D2416
:1058A000204604F5805400F09BF958B1B4F5742FEC
:1058B000F6D12846FAF79CFA28460021BDE8384080
:1058C000FAF774BA38BD00BF10B5074C0749204637
:1058D000FAF754FA064B23602046064A0649BDE80B
:1058E000104007F007BF00BF60790020186100205A
:1058F000641A040000600020ED5703002DE9F04F0A
:1059000083B00193002B37D0DFF8749005460E4624
:1059100090461F46C6F30B0ACAF58054296906EA69
:10592000090BBC4228BF3C46594526441BD04B1CA2
:105930004FF4805208460ED0EB681BB16969984756
:1059400048B929692B6808469847D5E904016B686E
:105950004FF480529847AB686869C5F810B0594653
:105960004FF480529847686941462246504408F0F7
:10597000ADFA3F1BA044CDD1019803B0BDE8F08F34
:1059800000F0FFFF10B504460069431C12D0E36825
:105990002BB161694FF48052984740B92069236860
:1059A0009847D4E9040163684FF4805298474FF058
:1059B000FF33236110BD00BF2DE9F84307691D4681
:1059C0007B1C06468846144605D097420BD807F53F
:1059D00080539A4230D3B368214640462A469847BE
:1059E0002846BDE8F88353199F42F4D207F5805347
:1059F0009A42F0D2A7EB04094A462146B3684046D2
:105A0000E71B98477A1908EB09004FF4805C0021E6
:105A1000624528BF62467369174619444F4408F02F
:105A200055FABD42DCD9B368E11908EB0700EA1B5F
:105A300098472846BDE8F883A7EB040C0CF5805C7A
:105A4000E11B2A4640464FF00009E1E729DF704795
:105A500028DF704712DF704708B508F029FAB0FA5E
:105A600080F0400908BD00BF10B5144608F02EFABA
:105A7000204610BDF0B583B0074600230DF10700A6
:105A800016460C46D5088DF80730FFF7E3FF01E016
:105A900000F0DEF92A4621463846FFF7D7FF1128E5
:105AA00003464FF00100F3D0D3B99DF80730D3B9C6
:105AB00007EB560704EB560401E000F0C9F92A464B
:105AC00021463846FFF7C2FF112803464FF0010078
:105AD000F3D02BB99DF8073063B9304603B0F0BD61
:105AE000002003B0F0BD084B4FF0FF31186800F004
:105AF000E9FEDDE7044B4FF0FF31186800F0E2FEED
:105B0000304603B0F0BD00BF048A002030B5184D08
:105B1000296883B00446D9B1240B01E000F098F95C
:105B20002046FFF795FF112803464FF00100F5D0FE
:105B300013B1002003B030BD0DF107008DF8073020
:105B4000FFF788FF9DF807304BB9012003B030BD47
:105B50000A2000F05DFA28600028DDD1E9E7286816
:105B60004FF0FF3100F0AEFE012003B030BD00BFAA
:105B7000048A0020044B186820B100231A461946F5
:105B800000F078BA704700BF048A00200148FFF790
:105B9000F9BE00BF5061002010B4094CA0420AD3E6
:105BA000B0F5742F07D213465DF8044B0A46014640
:105BB0000448FFF7A3BE4FF0FF305DF8044B704779
:105BC000007002005061002010B40C4613460146DC
:105BD000224602485DF8044BFFF7EEBE50610020FC
:105BE00030B5184D296883B00446D9B1240B01E0C3
:105BF00000F02EF92046FFF72BFF112803464FF047
:105C00000100F5D013B1002003B030BD0DF1070045
:105C10008DF80730FFF71EFF9DF807304BB90120C4
:105C200003B030BD0A2000F0F3F928600028DDD170
:105C3000E9E728684FF0FF3100F044FE012003B08F
:105C400030BD00BF048A002008B501210E2003F0FA
:105C5000D9F801210E2003F059F90021162003F094
:105C6000D1F80121192003F0CDF80121192003F00A
:105C70004DF901210B2003F0C5F801210B2003F0A1
:105C800045F901210D2003F0BDF801210D2003F09D
:105C90003DF901210C2003F0B5F8BDE808400121D1
:105CA0000C2003F033B900BFF8B5174682B10546A2
:105CB0000E46002402E00134A74207D02B6816F8F4
:105CC000011B1B68284698470028F4D12046F8BDE0
:105CD0001446FBE72DE9F0410C46D9B10768804630
:105CE000084609F008F87B68104A9342064615D129
:105CF000D0B1002504E00135AE4208D0D8F80070DC
:105D00003B6814F8011B404698470028F3D1284609
:105D1000BDE8F0810D462846BDE8F08102462146E7
:105D20004046BDE8F04118470546F0E7A95C03008E
:105D3000F8B50026C0E900660446866079B10846D9
:105D40000D4608F0D8FF0746013000F09DF830B14D
:105D5000C4E900070670A760294608F0B3FF204693
:105D6000F8BD00BF10B50446006800F0A7F8204653
:105D700010BD00BF70B50446E1B108460D4608F0FD
:105D8000BAFF2368064613B1626890420BD91846E1
:105D9000711C08F039FF034660B1A268C4E900062F
:105DA0000AB902702368A6602946184608F08AFFDF
:105DB000204670BD206808B100F080F80023C4E9D7
:105DC00001332360204670BD30B5836883B004463C
:105DD00000688DF8041000225D1C8DF8052010B1BC
:105DE000626895420AD9991C08F00EFF60B1A36859
:105DF000C4E9000513B903702068A368184401A919
:105E000008F060FFA560012003B030BD826808B5CE
:105E10000B463AB161B1006808F04AFFB0FA80F071
:105E2000400908BD31B11878B0FA80F0400908BDCA
:105E30000368F8E7012008BD08B501F04DFA4FF4FA
:105E40007A73A0FB0323900A40EA835008BD00BF89
:105E5000014638B54FF47A7200238002890D07F0AD
:105E60000BFE044601F038FA0546F1F77FFB01F01E
:105E700033FA431B9C4200D838BD2C44201ABDE89D
:105E8000384001F061BB00BF10B5044601F0B8FD19
:105E9000022804D02046BDE8104007F0F9BF01F009
:105EA00013FA204607F0F4FF044601F0BDFA0CB1E6
:105EB000204610BD02F018FDFAE700BF10B50446F9
:105EC00001F09EFD02280AD144B101F0FDF92046FF
:105ED00007F0E6FFBDE8104001F0A6BA10BD20466D
:105EE000BDE8104007F0DCBF10B582B0019001F0B2
:105EF000EBF9019807F0CCFF044601F095FA14B1D4
:105F0000204602B010BD02F0EFFC204602B010BDEA
:105F100050B110B5044601F0D7F9204607F0C0FF94
:105F2000BDE8104001F080BA704700BF38B51C468C
:105F30009DF8105043B3002908BF1A460123C4E955
:105F40000F01226084F8463002F0B2F8D4E90F1352
:105F50002268A26001FB03F1CB1A134400200A441B
:105F6000FF21A063E36084F84410626084F8451068
:105F700004F1100003F02CF804F1240003F028F8D9
:105F800002F0A0F884F84C50204638BDF8B506461B
:105F900017460D4669B100FB01F05030FFF7A4FF32
:105FA000044690B3002200F1500380F846200360BD
:105FB00007E05020FFF798FF044630B384F84650BE
:105FC0002460C4E90F6502F073F8D4E90F13226866
:105FD000A26001FB03F1CB1A134400200A44FF2105
:105FE000A063E36084F84410626084F8451004F113
:105FF000100002F0EDFF04F1240002F0E9FF02F0CE
:1060000061F884F84C702046F8BD00242046F8BDA5
:10601000F8B5064650200D46FFF766FF044630B33C
:1060200000272060C66380F84670076402F040F8DD
:10603000D4E90F322168A76303FB02F39A1A0A44DA
:106040000B44FF26C4E90131E26084F8446004F1A6
:10605000100084F8456002F0BBFF04F1240002F058
:10606000B7FF02F02FF80223A56384F84C302046D6
:10607000F8BD00BF2DE9F047044684B01F460192E9
:10608000884600F1240602F013F8A26BE36BDFF8F8
:1060900040939A424FF0000A7CD3022F00F0E88030
:1060A000019D002D00F0128102ADBAF1000F00F049
:1060B000DB8002F007F801F007F901F0F9FF94F82E
:1060C0004430FF2B04BF002384F8443094F845305B
:1060D000FF2B04BF002384F8453001F0F3FF28466E
:1060E00001A901F037FC002840F0F68001F0E0FF44
:1060F000A26BE36B9A4261D001F0E4FF01F0D8FF9C
:1061000094F845506DB2002D05DC12E06B1E13F0C3
:10611000FF0F5DB20DD0636A304653B101F0BCFB96
:106120000028F3D001F04AFC6B1E13F0FF0F5DB2A4
:10613000F1D1FF2384F8453001F0C4FF01F0B8FF2E
:1061400094F844506DB2002D15DD04F1100A04E0FE
:106150006B1E13F0FF0F5DB20DD02369504653B193
:1061600001F09AFB0028F3D001F028FC6B1E13F01D
:10617000FF0F5DB2F1D1FF2384F8443001F0A2FF9C
:1061800001F052F901F094FFA26BE36B9A424FF0D9
:10619000010A82D2226CA56B002A40F0E7802668B3
:1061A000002E00F0F9800135A563636A002B7CD1D5
:1061B00001F088FF012004B0BDE8F08704F1100A67
:1061C00001F080FF0199504601F0EAFA01F070FFFA
:1061D00094F845506DB2002D05DC12E06B1E13F0F3
:1061E000FF0F5DB20DD0636A304653B101F054FB2E
:1061F0000028F3D001F0E2FB6B1E13F0FF0F5DB23D
:10620000F1D1FF2384F8453001F05CFF01F050FF2D
:1062100094F844506DB2002D05DC12E06B1E13F0B3
:10622000FF0F5DB20DD02369504653B101F034FB2E
:106230000028F3D001F0C2FB6B1E13F0FF0F5DB21C
:10624000F1D1FF2384F8443001F03CFF01F0ECF879
:10625000002897D14FF08053C9F8043040BFBFF3F6
:106260004F8FBFF36F8F8DE7284601F067FB20E764
:10627000226CA56B002A92D04146E06807F026FE0A
:10628000226CE36821689B1A8B42E360C2F1000232
:1062900004D263681A44E260022F84D1002D83D1B6
:1062A0000123A363636A002B82D004F1240001F070
:1062B000F3FA00283FF47CAF454B4FF080525A6010
:1062C00040BFBFF34F8FBFF36F8F71E701F0FAFE4E
:1062D000284604B0BDE8F08701F0EAFE94F8455086
:1062E0006DB2002D15DD04F1240604E06B1E13F0E1
:1062F000FF0F5DB20DD0636A304653B101F0CCFAA6
:106300000028F3D001F05AFB6B1E13F0FF0F5DB2B3
:10631000F1D1FF2384F8453001F0D4FE01F0C8FE2E
:1063200094F844506DB2002D15DD04F1100604E020
:106330006B1E13F0FF0F5DB20DD02369304653B1D1
:1063400001F0AAFA0028F3D001F038FB6B1E13F01D
:10635000FF0F5DB2F1D1FF2384F8443001F0B2FEAB
:1063600001F062F8002004B0BDE8F087414607BBA9
:10637000A06807F0ABFDA368216C62680B449342F0
:10638000A360FFF410AF0135A563636A2268A260C1
:10639000002B3FF40DAF88E76068013501F086FB04
:1063A000A563636A6660002B7FF47FAF002883D10A
:1063B000FEE6E06807F08AFD226CE36821689B1A1C
:1063C0008B42E360C2F10002BFF466AF61E700BF39
:1063D00000ED00E0F8B50C4679B3002501232160FB
:1063E000C1E90F3581F84630064601F061FED4E977
:1063F0000F322168A56303FB02F39A1A0A440B4487
:10640000FF27C4E90131E26084F8447004F1100010
:1064100084F8457002F0DCFD04F1240002F0D8FDA0
:1064200001F050FEC4E90055E56084F84C602B464D
:106430002A4629462046FFF71DFE2046F8BD00BF2C
:10644000F8B506465020FFF74FFD044670B300250F
:1064500001232060C0E90F3580F8465001F028FE86
:10646000D4E90F322168A56303FB02F39A1A0A44A8
:106470000B44FF27C4E90131E26084F8447004F161
:10648000100084F8457002F0A3FD04F1240002F02E
:106490009FFD01F017FEC4E90055E56084F84C60EB
:1064A0002B462A4629462046FFF7E4FD2046F8BD44
:1064B0002DE9F043044683B016469946EFF3118860
:1064C000402282F31188806BE26B90421ED3022B34
:1064D00005D0002088F3118803B0BDE8F08394F85C
:1064E0004550226CA76B6DB232BB2368002B47D09E
:1064F00001376B1CA76335D001356DB284F8455068
:10650000012088F3118803B0BDE8F08394F845506A
:10651000226CA76B6DB2002AE7D0002B38D1A0689F
:1065200007F0D4FCA368216C62680B449342A3601B
:1065300024BF2368A360DBE7E06807F0C7FC226C98
:10654000E0682168801A8842E060C2F1000205D24A
:1065500061680A44E260B9F1020FC9D1012F38BF66
:106560000127C6E7636A002BCAD004F1240001F0BA
:1065700093F90028C4D0002EC2D001203060A9E7D2
:106580006068019301F092FA019B63600137B0E704
:10659000E06807F09BFC226CE0682168801A884262
:1065A000E060C2F10002D6D2D2E700BF10B582B0DF
:1065B000EFF31184402383F31188836BC26B9A42FB
:1065C0000FD990F845200133FF2A836353B20DD0D1
:1065D00001335BB280F84530012084F3118802B0AA
:1065E00010BD002084F3118802B010BD436A002B57
:1065F000F2D02430019101F04FF90028ECD001993C
:106600000029E9D001200860ECE700BF2DE9F04344
:10661000044685B00F46019201F04AFDA56B002D9E
:1066200040F02781019B002B00F0D28002A801F0EE
:1066300085F9DFF88C8204F1240601F043FD00F0B7
:1066400043FE01F035FD94F84430FF2B04BF0023D6
:1066500084F8443094F84530FF2B04BF002384F8BD
:10666000453001F02FFD01A902A801F073F90028BF
:106670005BD101F01DFDA36B002B40F0AF8001F05A
:1066800021FD0199304601F08BF801F011FD94F8DD
:1066900045506DB2002D05DC12E06B1E13F0FF0FAC
:1066A0005DB20DD0636A304653B101F0F5F80028B1
:1066B000F3D001F083F96B1E13F0FF0F5DB2F1D13F
:1066C000FF2384F8453001F0FDFC01F0F1FC94F863
:1066D00044506DB2002D15DD04F1100904E06B1E6D
:1066E00013F0FF0F5DB20DD02369484653B101F09E
:1066F000D3F80028F3D001F061F96B1E13F0FF0FFF
:106700005DB2F1D1FF2384F8443001F0DBFC00F0EE
:106710008BFE002853D14FF08053C8F8043040BF9F
:10672000BFF34F8FBFF36F8F49E001F0C1FC94F8C6
:1067300045506DB2002D05DC12E06B1E13F0FF0F0B
:106740005DB20DD0636A304653B101F0A5F8002860
:10675000F3D001F033F96B1E13F0FF0F5DB2F1D1EE
:10676000FF2384F8453001F0ADFC01F0A1FC94F862
:1067700044506DB2002D15DD04F1100904E06B1ECC
:1067800013F0FF0F5DB20DD02369484653B101F0FD
:1067900083F80028F3D001F011F96B1E13F0FF0FFE
:1067A0005DB2F1D1FF2384F8443001F08BFC00F09E
:1067B0003BFE01F07DFCA36B53B101F083FC01F0C3
:1067C00077FCA56B002D54D1019B002B7FF435AFD6
:1067D00001F078FC002005B0BDE8F08301F072FC08
:1067E00001F066FC94F845506DB2002D05DC12E016
:1067F0006B1E13F0FF0F5DB20DD0636A304653B1CC
:1068000001F04AF80028F3D001F0D8F86B1E13F01D
:10681000FF0F5DB2F1D1FF2384F8453001F052FC47
:1068200001F046FC94F844506DB2002D15DD04F1E2
:10683000100904E06B1E13F0FF0F5DB20DD0236949
:10684000484653B101F028F80028F3D001F0B6F81B
:106850006B1E13F0FF0F5DB2F1D1FF2384F84430BB
:1068600001F030FC00F0E0FD01F022FCA56B002DF2
:10687000AAD0226C52B1E168636811449942E16088
:1068800024BF2168E160384607F020FB013DA56385
:1068900023692BB901F016FC012005B0BDE8F08397
:1068A00004F1100000F0F8FF0028F3D0044B4FF083
:1068B00080525A6040BFBFF34F8FBFF36F8FE9E73D
:1068C00000ED00E02DE9F043044685B000F1240618
:1068D000019101F0EDFBA36BDFF8DC820027B946E4
:1068E000002B40F0D780019D002D00F0418102ADCA
:1068F000B9F1000F00F0DE8001F0E4FB00F0E4FCF1
:1069000001F0D6FB94F84430FF2B04BF002384F839
:10691000443094F84530FF2B04BF002384F8453001
:1069200001F0D0FB284601A901F014F800285FD13E
:1069300001F0BEFBA36B002B40F0C88001F0C2FB4E
:106940002368002B00F01B810199304600F028FFDE
:1069500001F0AEFB94F845506DB2002D05DC12E05D
:106960006B1E13F0FF0F5DB20DD0636A304653B15A
:1069700000F092FF0028F3D001F020F86B1E13F016
:10698000FF0F5DB2F1D1FF2384F8453001F09AFB8F
:1069900001F08EFB94F844506DB2002D15DD04F12A
:1069A000100904E06B1E13F0FF0F5DB20DD02369D8
:1069B000484653B100F070FF0028F3D000F0FEFF0E
:1069C0006B1E13F0FF0F5DB2F1D1FF2384F844304A
:1069D00001F078FB00F028FD002853D14FF08053E0
:1069E000C8F8043040BFBFF34F8FBFF36F8F49E04B
:1069F00001F05EFB94F845506DB2002D05DC12E00D
:106A00006B1E13F0FF0F5DB20DD0636A304653B1B9
:106A100000F042FF0028F3D000F0D0FF6B1E13F00F
:106A2000FF0F5DB2F1D1FF2384F8453001F04AFB3E
:106A300001F03EFB94F844506DB2002D15DD04F1D9
:106A4000100904E06B1E13F0FF0F5DB20DD0236937
:106A5000484653B100F020FF0028F3D000F0AEFF0D
:106A60006B1E13F0FF0F5DB2F1D1FF2384F84430A9
:106A700001F028FB00F0D8FC01F01AFBA36BEBB18E
:106A800001F020FB01F014FBA36B4FF00109002B78
:106A90003FF429AF2268013BA363002A00F08880FD
:106AA0002369002B74D101F00DFB0127384605B096
:106AB000BDE8F083284600F041FF1DE701F002FB2E
:106AC000002F4AD1384605B0BDE8F08301F0FAFA4C
:106AD00001F0EEFA94F845506DB2002D05DC12E09D
:106AE0006B1E13F0FF0F5DB20DD0636A304653B1D9
:106AF00000F0D2FE0028F3D000F060FF6B1E13F010
:106B0000FF0F5DB2F1D1FF2384F8453001F0DAFACE
:106B100001F0CEFA94F844506DB2002D15DD04F169
:106B2000100904E06B1E13F0FF0F5DB20DD0236956
:106B3000484653B100F0B0FE0028F3D000F03EFF0D
:106B40006B1E13F0FF0F5DB2F1D1FF2384F84430C8
:106B500001F0B8FA00F068FC94E701F0A9FA616A64
:106B600019B1236B1968C1F10501606800F0CEFF0F
:106B700001F0A8FA0027384605B0BDE8F08301F01F
:106B800097FA606800F04CFF074601F09BFADBE6DD
:106B900004F1100000F080FE002884D0064B4FF076
:106BA00080525A6040BFBFF34F8FBFF36F8F7AE7B9
:106BB00000F0E6FF606073E700ED00E0104B5A68FC
:106BC000904208D0DA68904208BF012204D090F8C1
:106BD000463093B170470022002110B403EBC20489
:106BE00043F8321090F84630616013B15DF8044B01
:106BF00070475DF8044BFFF78BB9FFF789B900BF09
:106C00006C960020074B1A681AB19A6802B1704757
:106C1000012210B403EBC20443F8321060605DF847
:106C2000044B70476C96002070B504460E4615461E
:106C300001F03EFA94F84430FF2B04BF002384F89F
:106C4000443094F84530FF2B04BF002384F84530CE
:106C500001F038FAA36B002B45D001F029FA94F823
:106C600045506DB2002D15DD04F1240604E06B1EC5
:106C700013F0FF0F5DB20DD0636A304653B100F0E0
:106C80000BFE0028F3D000F099FE6B1E13F0FF0FEF
:106C90005DB2F1D1FF2384F8453001F013FA01F021
:106CA00007FA94F844506DB2002D15DD04F110067A
:106CB00004E06B1E13F0FF0F5DB20DD02369304668
:106CC00053B100F0E9FD0028F3D000F077FE6B1E11
:106CD00013F0FF0F5DB2F1D1FF2384F84430BDE81B
:106CE000704001F0EFB92A46314604F1240000F06B
:106CF00093FDB2E72DE9F041044601F0D9F9344A99
:106D0000344D1368013313602B68002B30D0324EA2
:106D1000336833B3E36A3148314907680A689F42F0
:106D200038BF03602F48013203EB83030A6000EB96
:106D30008300E263211D02F05BF901F0C3F93368BF
:106D40006BB12A68E36AD26A9A4208D2264B4FF0A6
:106D500080525A6040BFBFF34F8FBFF36F8FBDE8C3
:106D6000F0812A68E36AD26A9A4298BF2C60D2E71F
:106D70002C601368012B02D0E36A174ECBE7194849
:106D8000DFF89080194F144E02F022F9184802F0F3
:106D90001FF9184802F01CF9174802F019F91748B2
:106DA00002F016F9404602F013F9384602F010F9E5
:106DB000134802F00DF9134802F00AF9124802F0E4
:106DC00007F9124B124AC2F800801F60E36AA2E77B
:106DD000788A0020088A0020D88A00208C8A002027
:106DE000888A0020148A002000ED00E0A48A002098
:106DF000288A00203C8A0020508A0020648A0020D3
:106E0000C48A0020F08A0020DC8A0020108A00203A
:106E10000C8A0020908A00202DE9F843DDE909C49E
:106E2000002C66D0BCF1000F60D00D46960098464D
:106E30000223324684F85130A5210746C4F830C0F9
:106E4000604607F06BF82A7884F83420236B2978A1
:106E5000321F1A4422F0070601B36B7884F83530EC
:106E60006B78DBB1AB7884F83630AB78B3B1EB78C4
:106E700084F83730EB788BB12B7984F838302B7964
:106E800063B16B7984F839306B793BB1AB7984F8B5
:106E90003A30AB7913B1EB7984F83B30089D042D7F
:106EA00028BF04254FF00009E5626564201D84F8C1
:106EB0003B90C4F8489002F097F8C5F1050504F13D
:106EC000180002F091F8C4F84C9042463946A5618A
:106ED000246184F850906462304601F0ADF820607F
:106EE0002046FFF707FF2046BDE8F8836046BDE86F
:106EF000F8832046BDE8F8832DE9F04796008046E8
:106F000030460D469946FEF7EFFF002862D007464F
:106F10005420FEF7E9FF044600285FD000230763F2
:106F2000324684F851303846A52106F0F7FF2B7819
:106F300084F834302B78D4F830A003B36B7884F81D
:106F400035306B78DBB1AB7884F83630AB78B3B1E1
:106F5000EB7884F83730EB788BB12B7984F83830C4
:106F60002B7963B16B7984F839306B793BB1AB79AC
:106F700084F83A30AB7913B1EB7984F83B30089D53
:106F8000042D28BF04250027E5626564201D84F8D0
:106F90003B70A764043E02F027F8C5F1050504F133
:106FA0001800564402F020F8E764A56126F00700B7
:106FB00084F85070246164624A46414601F03CF80E
:106FC000099B206003B11C602046FFF793FE01205F
:106FD000BDE8F0874FF0FF30BDE8F0873846FEF798
:106FE00097FF4FF0FF30F3E770B50446534E01F0C2
:106FF0005FF8002C00F08280251D284602F020F862
:10700000A36A1BB104F1180002F01AF829464C4893
:107010004C4D01F0EDFF94F85030012B04BF0023DC
:1070200084F8503001F04EF82B68002B57D13368AC
:10703000A34200D070BD2B68002B66D14049424A64
:107040000968126891426AD0404B1B68002B68D1D6
:107050003F4A13603268336812681B6B9A4266D9E4
:107060003C4C3D4B226802EB820080009100185896
:1070700028BB501E00EB8005AD0081005D59002D3E
:1070800053D1901E00EB8005AD0081005D59002DAD
:107090004BD1D01E00EB8005AD0081005D59002D65
:1070A00043D1101F00EB8005AD0081005D59002D1C
:1070B0003BD1053A02EB8200800091001858114440
:1070C00003EB8100034641684968416008339942F7
:1070D00004BF49684160CB683360226070BD00F036
:1070E000E7FF1E4B1A68126852B11A681C4BD2682F
:1070F000D26852681A6000F0E5FF98E734687BE7D1
:10710000174B4FF0FF321A60F5E7164B4FF08052E5
:107110005A6040BFBFF34F8FBFF36F8F70BD3360B6
:1071200070BD0B4B01221A6070BD0246C7E7306884
:107130003168343101F0D6FB92E700BF088A0020A5
:10714000DC8A0020D88A0020788A0020848A0020E7
:10715000088B00208C8A0020148A00200C8A0020D2
:10716000BC8A002000ED00E098B130B51D4D2B68C1
:10717000834283B004460AD000F09AFF1A4B62693A
:107180009A4207D003B0BDE8304000F09BBF03B087
:1071900030BD7047A36A154A9342F3D0002BF1D15A
:1071A000211D0846019101F04BFF114AE36A106866
:1071B000019983420F4888BF136003EB830300EB00
:1071C000830001F015FF2B68E26ADB6A9A42D9D38B
:1071D000094B4FF080525A6040BFBFF34F8FBFF34F
:1071E0006F8FCFE7088A0020DC8A0020C48A002045
:1071F0008C8A0020148A002000ED00E070B584B075
:10720000002503AA02A901A8CDE9015501F06EFBF2
:10721000019C002C46D00298002843D0039E206396
:107220000223B6003246A52184F8513006F076FEDE
:10723000206B1F4B6363043E0644C4E91155201DB7
:1072400084F8385084F83B50E56201F0CDFE04F13B
:10725000180001F0C9FE26F0070605231549A361B1
:107260002A46E56430462461646284F8505000F098
:10727000E3FE20602046FFF73DFD0F4B1C6000F051
:10728000EFFD012811D1402383F311880B490C4AEB
:107290000C4B4FF0FF340C6010601D6000F0E2FEFC
:1072A00004B070BD044B00221A6004B070BD00BF72
:1072B00049444C45CD750300B88A0020BC8A0020A3
:1072C000D88A0020048B0020024A1368013313601F
:1072D000704700BF848A0020014B1868704700BFC8
:1072E000048B0020024A136818441060704700BFE6
:1072F000048B00202DE9F04F404B1B6883B0002B1E
:1073000046D13F4B1E6801361E60002E4ED0DFF87E
:1073100008B1DBF80030B3425FD83A4F3B681D68D4
:10732000002D65D0DFF8F480DFF8F4A0DFF8F490EA
:10733000002522E0019101F083FEA36A019904F186
:10734000180013B101F07CFE0199E36AD8F800201F
:1073500003EB830093420AEB800088BFC8F800303B
:1073600001F046FED9F800203B68E16AD26A1B684A
:10737000914228BF0125002B3AD03B68DB68DC68CE
:107380006368211D9E420846D4D2CBF8003004E049
:107390001D4A13680133136000251C4B1B68002B2A
:1073A0000CBF2846012003B0BDE8F08F154B184AEA
:1073B0001868184914681C6010600A6801320A6075
:1073C0001A6812685AB9DFF850B04FF0FF33CBF8A3
:1073D0000030DBF80030B3429FD90025DDE71B68A1
:1073E000DFF834B0DB68DB685B68CBF8003090E72F
:1073F0004FF0FF33CBF80030CFE700BF848A002086
:10740000048B00200C8A0020808A0020088B00203A
:10741000108A0020C08A0020BC8A00208C8A0020AC
:10742000148A0020088A00202DE9F04F83B000F074
:107430003FFE3A4B1A68013A1A601B68002B55D17F
:10744000374B1B68002B51D0364D2B68002B62D078
:10745000354EDFF8EC80354FDFF8E8904FF0010A49
:10746000EB68DC6804F1040B04F1180001F0E8FD9E
:10747000584601F0E5FDE36A326803EB830093426E
:10748000594608EB800088BF336001F0B1FD3B68CE
:10749000E26ADB6A9A4231D3C9F800A02B68002B5C
:1074A000DED1234B1A681268002A2FD01A68214BAC
:1074B000D268D26852681A601F4E346844B1012500
:1074C000FFF718FF08B1C9F80050013CF8D134604B
:1074D000D9F8003053B1194B4FF080525A6040BF79
:1074E000BFF34F8FBFF36F8F012000E000200190AA
:1074F00000F0E8FD019803B0BDE8F08F2B68002B89
:10750000AED10B4B1A681268002ACFD1094B4FF04D
:10751000FF321A60D0E7DFF82C90CDE7848A002094
:10752000788A0020C48A00208C8A0020088A0020E3
:107530000C8A0020BC8A0020808A002000ED00E038
:10754000148A0020088B002070B548B9184B4FF002
:1075500080525A6040BFBFF34F8FBFF36F8F70BD33
:10756000144A15491368154D013313600E6804461B
:107570002868043001F064FD2B68A4195C600FD208
:107580000F4B18682968043101F042FD0D4B1A6851
:10759000944238BF1C60FFF747FF0028D6D070BD6B
:1075A000094B18682968043101F032FDF3E700BF88
:1075B00000ED00E0848A0020048B0020088A00206F
:1075C0000C8A0020BC8A0020108A00202DE9F84F88
:1075D0003A4CDFF804913A4D3A4EDFF800813A4FC9
:1075E000DFF8FCB02368EBB100F062FDD9F80C3095
:1075F000D3F80CA00AF1040001F022FD2B68013B36
:107600002B602368013B236000F05CFD9AF8513049
:10761000002B34D0012BE5D15046FEF779FC2368CE
:10762000002BE1D13368012B08D94FF08053CBF800
:10763000043040BFBFF34F8FBFF36F8F00F0E8FE01
:10764000D8F800301BBB3B68DB6A002BCAD133681B
:10765000012BC7D81D4B1E4A1B6812689B1A012BB1
:10766000C0D91C4A136801331360D8F80030A3B1A5
:107670003B68DB6A03B93368FFF7D6FEB2E7DAF896
:107680003000FEF745FC5046FEF742FCAAE73B6897
:10769000DB6A002BA6D13368A4E73B68DB6A002BCA
:1076A000EAD13368012BE7D8084B1868084B1B68F0
:1076B000C01A0128E0D900F075FDDDE77C8A0020C2
:1076C000788A0020148A0020088A0020BC8A0020C2
:1076D000048B0020848A0020F08A00208C8A0020FD
:1076E00000ED00E0294B1B681BB1294B01221A60F9
:1076F0007047274A70B5274C1360226823681268C8
:107700001B6B9A423CD9244D244B2A6802EB820021
:1077100080009100185808BB501E00EB8006B60090
:1077200081009E5956BB901E00EB8006B60081007A
:107730009E591EBBD01E00EB8006B60081009E59EC
:10774000E6B9101F00EB8006B60081009E59AEB965
:10775000053A02EB8200800091001858114403EBB7
:10776000810003464168496841600833994204BF7B
:1077700049684160CB6823602A6070BD0246EDE72E
:1077800020682168343101F0ADF8BCE7848A00201C
:10779000088B0020088A00208C8A0020148A002090
:1077A00070B5174D2B680C4603F1180101F030FC41
:1077B000144B1E682868043001F042FC631C17D08B
:1077C0002B68A4195C6007D30F4B18682968BDE8C3
:1077D0007040043101F01CBC0C4B1868296804315E
:1077E00001F016FC0A4B1A68944238BF1C6070BD49
:1077F00029680848BDE87040043101F0F9BB00BFBA
:10780000088A0020048B0020108A00200C8A0020A7
:10781000BC8A0020DC8A002070B5194D2B68164602
:107820000C4603F1180101F0E3FB164B5EB11B6837
:107830002868043001F004FC29681348BDE8704052
:10784000043101F0D5BB1E682868043001F0F8FB54
:107850002B68A4195C6007D30C4B18682968BDE835
:107860007040043101F0D4BB094B18682968043119
:1078700001F0CEFB074B1A68944238BF1C6070BD04
:10788000088A0020048B0020DC8A0020108A002057
:107890000C8A0020BC8A002030B5C368DC6804F183
:1078A000180583B0284601F0CBFB1C4B1B683BBB83
:1078B000211D0846019101F0C3FB194AE36A1068D3
:1078C00001998342174888BF136003EB830300EBE1
:1078D000830001F08DFB144BE26A1B68DB6A9A425D
:1078E00082BF124B01201860114B1A68126898BFB2
:1078F000002052B90F4B4FF0FF321A6003B030BD79
:107900000D48294601F074FBE5E71A68094BD26877
:10791000D26852681A6003B030BD00BF848A00206C
:107920008C8A0020148A0020088A0020088B0020FE
:107930000C8A0020BC8A0020C48A0020034A044B21
:1079400012681B68C0E90023704700BFC08A00208E
:10795000048B0020F0B50D4683B0044600F0A8FB70
:107960002B68144A591C10681DD0DFF84CC0D4E9AC
:107970000061DCF80070BE4208D0814206D80120C8
:10798000019000F09FFB019803B0F0BD471ABB4285
:107990000BD91B1A0B44DCF8001012682B60002076
:1079A000C4E90012ECE70020EAE700232B60012085
:1079B000E6E700BF048B0020C08A0020014B0122B3
:1079C0001A607047088B0020094B186818B9094BDA
:1079D0001B6813B1704700207047074A074B1068B7
:1079E0001B68013B984214BF01200220704700BF72
:1079F000C48A0020088B0020DC8A0020788A0020BE
:107A0000054B1B6833B1054B1B68002B0CBF0220D4
:107A10000020704701207047D88A0020848A002007
:107A200070B5044682B0C8B11D4DC36A2A68D26AD7
:107A3000934215D28269002A04DB2A68D26AC2F115
:107A400005028261174E626903EB830306EB830331
:107A50009A420ED02B68DB6AE362012002B070BD4F
:107A60002B68406CDC6AA0422CBF0020012002B0D1
:107A700070BD211D0846019101F0E2FA2A680A4B07
:107A8000D06A1A680199E062904200D9186000EB50
:107A9000800006EB800001F0ABFA0120DEE700BFBA
:107AA000088A0020148A00208C8A002068B130B532
:107AB000836CC16A426C013B914283B0044683648B
:107AC00000D023B1002003B030BD00207047011D5D
:107AD0000846019101F0B4FA0A4A636C1068E36247
:107AE0008342094888BF1360C3F1050503EB830394
:107AF00000EB83000199A56101F07AFA012003B03F
:107B000030BD00BF8C8A0020148A002070B130B5CF
:107B1000426CC36A914238BF11468B4283B004461F
:107B200002D0826C012A02D003B030BD7047826956
:107B3000114DC162002A03EB83034269A8BFC1F162
:107B4000050105EB8303A8BF81619A42ECD1011DB9
:107B50000846019101F074FA084BE06A1A6801992D
:107B6000904288BF186000EB800005EB800003B0F6
:107B7000BDE8304001F03CBA148A00208C8A002015
:107B8000044B1A681AB119688A6C01328A64186841
:107B9000704700BF088A00202DE9F0431D4EDFF832
:107BA0007C9085B04FF000080CE0DB68DC681F6853
:107BB000251D284601F044FA636A20469847E36988
:107BC000012B0AD033681A68002AEED1124A1168D4
:107BD0003160136005B0BDE8F083A3693B449F4268
:107BE000294610D3D9F80030002BEBD0CDE900871F
:107BF0000294FFF705FF0023D9F800001A466946F2
:107C0000FEF738FADEE730686360246101F000FABD
:107C1000D8E700BF0C8B0020108B0020908D002037
:107C20002DE9F04F894E8A4CDFF82C82894DDFF820
:107C30002CA28BB03368D3F800B0BBF1000F00F07A
:107C4000A980DB68D3F800B0FFF73EFBFFF744FBE9
:107C500022688242814600F2AE808345206040F275
:107C6000BF8000222868ABEB0901FEF7DDFFFFF7BC
:107C7000DBFB40B94FF08053CAF8043040BFBFF37C
:107C80004F8FBFF36F8F2868002202A9FEF7BEFC5A
:107C90000028CFD0029B002B73DBDDF81090D9F8C1
:107CA00014301BB109F1040001F0CAF9FFF714FB0D
:107CB000236898420746C0F08580029B2760092B05
:107CC000E1D801A252F823F0F17C0300F17C03001B
:107CD000F17C0300877C03004B7D0300737D030070
:107CE000F17C0300F17C0300877C03004B7D0300E3
:107CF0000398D9F81830C9F81090C2182CBF012188
:107D00000021BA42C9F804205FD8381A834228D823
:107D1000D9F8243048469847D9F81C302868012BF8
:107D2000B2D10028B0D0D9F81820039B0021134409
:107D3000CDE907390691FFF763FE002328681A464C
:107D400006A9FEF797F928689EE7039BC9F81090EB
:107D5000DA19BA42C9F81830C9F8042039D8002B0A
:107D600091D0D8F8000009F1040101F051F9286818
:107D70008AE799F82C30002B85D14846FEF7C8F8E1
:107D800081E7039BDDE904019847029B002BFFF686
:107D90007AAF82E7FFF798FAFFF79EFA22689042DF
:107DA000814608D3D8F80020C4F800901268B2FACF
:107DB00082F2520956E7FFF7EFFEC4F80090FFF792
:107DC00033FB60E7FFF7E8FE77E7B84201D9002907
:107DD0009ED0306809F1040101F01AF9286853E7D0
:107DE000FFF722FB3268D268D768391D0846019137
:107DF00001F026F9F8690199012803D07B6A384619
:107E0000984740E7BA693F610BEB0200484578604C
:107E100003D9306801F0FCF8F0E7A9EB0B039A42B4
:107E20000FD82B68002BE9D00023CDE9063B08973B
:107E3000FFF7E6FD002328681A4606A9FEF71AF99F
:107E4000DCE7D8F8000001F0E3F8D7E70C8B00205E
:107E50003C8D0020908D0020108B002000ED00E074
:107E6000F0B51F4C89B000F023F92568F5B100F09A
:107E700029F92068C0B1002407AA06A905A8CDE900
:107E8000054400F041FDDDE905310222CDE9002184
:107E90000293079A134914482346FEF7BDFF134B7C
:107EA0001860001B18BF012009B0F0BD104F114E23
:107EB000384601F08DF8304601F08AF80E4A0F4935
:107EC00000950F4B17600E600E4A10212020FEF720
:107ED0002DF820600028CAD00B49FEF793FEC6E7B4
:107EE000908D0020F81A0400217C0300948D00205E
:107EF000148D0020288D00200C8B0020108B00207A
:107F0000408D0020148B0020F01A04002DE9F04F62
:107F1000074685B03020884616461D46FDF7E4FF2B
:107F20000446A0B1DFF8849000F0C2F8D9F8003020
:107F30008BB100F0C7F80E9B6362C4E90686276028
:107F40002562201D01F050F8002384F82C302046D3
:107F500005B0BDE8F08FDFF858B0DFF858A0039304
:107F6000584601F035F8504601F032F80A4A0B49FC
:107F7000039B00932020C2F800B0C1F800A0084B7A
:107F8000084A1021FDF7D2FFC9F800000028D0D020
:107F90000549FEF737FECCE70C8B0020108B002044
:107FA000408D0020148B0020F01A0400908D0020DA
:107FB000148D0020288D002050B5144E346885B0F3
:107FC000C4B10529CDE9001202900BDCFFF718FDC2
:107FD000022812D0002330681A466946FEF74AF894
:107FE00005B050BD1A46204600236946FEF760FAE8
:107FF00005B050BD204605B050BD3068089A00233A
:108000006946FEF737F805B050BD00BF908D0020DF
:1080100010B5044682B000F04BF86069003818BF14
:108020000120019000F04EF8019802B010BD00BF91
:10803000402383F31188FEE730B46FF00203084C4D
:1080400040F80C4C4FF0807540F8045C40F8081C78
:1080500040F8202C40F8243C30BC4438704700BF26
:10806000318003000F4C08B5E02384F8223000F083
:108070007BF80D4B0D4A00211960D4F8883043F489
:108080007003C4F88830536843F040435360236959
:1080900043F01003236100F069F9402383F3118852
:1080A000FEE700BF00ED00E0988D002030EF00E01B
:1080B000402383F31188024A136801331360704729
:1080C000988D0020034A1368013B13600BB983F3BA
:1080D00011887047988D002041DF704712DF70478C
:1080E00070B51D4B00221A6082B01B680193019B82
:1080F000EFF31186402383F311881849184BD1F808
:1081000004451A601B680093009BFFF7E5F8201AEE
:1081100020F07F4323F0010320F07F459BB96C1EC4
:108120006DB10025FFF7E6F8013C631C45EA000548
:10813000F8D125B10B4B4FF080525A6040BF86F307
:10814000118802B070BDFFF75BFC0228E7D0FFF793
:10815000D1F80546EDE700BF401101400010014095
:108160000011014000ED00E00B4B0C4930B41F2022
:108170000B4DC3F8080501220224E020C3F80423B4
:108180002A601A60C3F8444381F811034FF40033A6
:108190000B6030BC704700BF0010014000E100E000
:1081A000081001402DE9F041054684B0EFF310823C
:1081B00072B6634CA36883B9624B63480121A16026
:1081C000D3F8801001402160C3F88000D3F88410F8
:1081D00061604FF0FF31C3F8841002B962B65B4EA4
:1081E000D6F80485FFF7F0FB78B3594F594AAF42F0
:1081F00028BF2F4607EB080323F07F4301214FF0F0
:10820000000CC6F80813C6F84035C2F800C0136861
:1082100001934FF480330198C6F80433BFF34F8FB6
:1082200025BBC6F80833156012684B4B0392039ABE
:108230001D601B680293434B029AC6F804134FF467
:108240000032D6F80415C3F88021A3685BB1EFF3C0
:10825000108272B63B4B2168196061685960002337
:10826000A36002B962B604B0BDE8F081F1EE103A45
:1082700023F09F03E1EE103AF1EE103A314D4FF446
:1082800080634022C5F8842103A8C5F884318DF8A5
:108290000CC0FFF723FF9DF80C30002B4DD12B466F
:1082A00020BFD3F80011D3F804210A43F8D0274B9C
:1082B0002848294A4FF48031C3F80813002101608F
:1082C00000680390039811601268029201220299DB
:1082D000C3F80423D3F804351A4AA3EB080828F09E
:1082E0007F48474528BF47464FF40033012FC2F867
:1082F000803120D9781EFEF7F5FF184BDB68DA01D4
:108300000FD5174A1368DB070BD5164B516803FBD3
:1083100007F7A7F57427A7F51077BF0A01EB8717B2
:108320005760FEF7E7FF00288FD00F4B4FF08052C9
:108330005A6040BF89E7F4D087E7FFF7CDFEB6E784
:108340008096002000E100E0FC06FFBD0010014027
:10835000FDFFFF004011014000110140F0ED00E081
:10836000001000E040420F0000ED00E00748006808
:1083700080F3088862B661B6BFF34F8FBFF36F8F8B
:108380004FF0E00080F3118800DF00BF00700200B2
:10839000064B19680868B0E8F04F80F30988BFF30E
:1083A0006F8F4FF0000080F311887047088A00201B
:1083B000EFF30980BFF36F8F144B1A681EF0100F94
:1083C00008BF20ED108A20E9F04F10604DF8043D01
:1083D0004FF0400080F31188BFF34F8FBFF36F8FD2
:1083E000FFF780F94FF0000080F3118808BC19688E
:1083F0000868B0E8F04F1EF0100F08BFB0EC108A0C
:1084000080F30988BFF36F8F704700BF088A002090
:10841000704700BF0A490B4A0B4B9B1A03DD043B14
:10842000C858D050FBDC094809494FF0AD32026012
:1084300004300439FBD100F08DF9EEF709FF00009C
:1084400028400400006000206063002000F8032042
:1084500000080000FEE7FEE7FEE7FEE7FEE7FEE7B6
:10846000FEE7FEE7FEE7FEE708B50020EFF778F845
:10847000EFF736F8114BBBB1114B63B1EEF7CCFF00
:1084800000F020FAAFF30080EEF7C6FF00F01AFA12
:10849000AFF30080F2E7EEF7BFFF00F013FAEEF75C
:1084A000BBFF00F00FFAF6E7EEF7B6FF00F00AFAAE
:1084B000EEF7B2FF00F006FAF6E700BF000000009A
:1084C0000000000000B583B000F054FCFDF7BCFBD9
:1084D0000E4B019301230E4900934FF48062002359
:1084E0000C48FEF709FD4FF4407000F011FBFEF759
:1084F00085FEBFF34F8F0849084BCA6802F4E0625B
:108500001343CB60BFF34F8F00BFFDE79C8D00206E
:10851000001B04006984030000ED00E00400FA057C
:1085200038B507480C461546EFF7D8F900B938BDFD
:108530002A4621460248BDE83840EFF7E3B800BFBD
:1085400088640020FDF7A0BCFDF7B8BC084A0949C3
:1085500008B513681844884202D81060184608BD50
:1085600005F046FC0C2303604FF0FF33184608BDAE
:108570006861002000F80320114B1A78EAB90178ED
:10858000104810B40A464FF0804402F00102C1F3D3
:108590004001C4F88015C4F878250268D20706D4D3
:1085A000E021012280F80013C0F88021026001223E
:1085B00005485DF8044B1A7070470448704700BFC7
:1085C0007C96002000E100E00000AD0B0C00AD0B3C
:1085D0000C4B012230B4C3F88020BFF34F8FBFF3A0
:1085E0006F8F094C094D0A490A4A00234FF0804019
:1085F00023604FF460742B60C0F8084330BC0B60FC
:108600001370704700E100E0A08D0020A48D0020D1
:10861000A88D00207C960020044B02684FF080411A
:108620004FF46070C1F808031A607047A88D0020ED
:108630004FF080434FF46072C3F80423704700BFCB
:108640004FF080434FF46072C3F80823704700BFB7
:10865000044B4FF080414FF460700022C1F80803D2
:108660001A607047A88D002010B54FF0804386B087
:10867000D3F80443620705D5D3F8082103F58473C2
:10868000002A4ED1A30603D52A4B1A68002A3FD1EF
:10869000600603D5284B1A68002A2FD1210602D57F
:1086A000264B1A680ABBE20502D5254B1A6892B917
:1086B000A3050ED5234B1A685AB100221A601A6816
:1086C000214B0592059A1B68022006B0BDE81040B8
:1086D000184706B010BD00221A601B4A1B6804939D
:1086E00001201368049A9847E2E700201860164AB0
:1086F0001B6803931368039A9847D4E700221A6013
:10870000124A1B68029301201368029A9847C5E732
:10871000002018600D4A1B6801931368019A98475E
:10872000B6E700221A600A4A1B6800931368009A91
:108730009847A7E714010040180100401C010040C1
:108740002001004024010040A88D0020A48D0020BD
:10875000A08D0020534B1B685A1C16D0524A082B80
:1087600012680ED0514AD2F8883043F47003C2F830
:108770008830BFF34F8FBFF36F8F4D4B4D4A1A6058
:108780007047032A2CD9082288E04B4A4B4B1278B9
:108790001B68082A4FEA1313E4D113F00C0F1FD003
:1087A000454A464B12781B68082A4FEA1313D9D161
:1087B00013F00C0F27D0414B3F4A1B681278C3F3CC
:1087C0000313082ACED1032BCCD84FF08043D3F823
:1087D0000024D20744BF6FF00102C3F80024C1E7B0
:1087E000304A11684FF080430022481CC3F80C2126
:1087F000C3F81021C3F83825D2D02B4B08291A68AA
:10880000B0D1032ABFD84FF080522D4BD2F80414B8
:10881000C3F82015D2F80814C3F82415D2F80C14A4
:10882000C3F82815D2F81014C3F82C15D2F8141474
:10883000C3F83015D2F81814C3F83415D2F81C1444
:10884000C3F84015D2F82014C3F84415D2F8241404
:10885000C3F84815D2F82814C3F84C15D2F82C14D4
:10886000C3F85015D2F83014C3F85415D2F83414A4
:10887000C3F86015D2F83814C3F86415D2F83C1464
:10888000C3F86815D2F840140648C3F86C15D2F83E
:1088900044140268C3F87015511C8CD0024B1B683D
:1088A0008FE700BF300100103401001000ED00E040
:1088B0006C6100200090D003E00F00F0E80F00F0A2
:1088C00000C0004008B5EEF751FE054B4FF0805256
:1088D0005A6040BFBFF34F8FBFF36F8F08BD00BF1B
:1088E00000ED00E0704700BF704700BF044B03601D
:1088F00010B46423034C0C605DF8044B13607047A4
:10890000AC8D0020008E0020054B036010B44FF4A6
:108910008073044C0C605DF8044B1360704700BF1B
:10892000908F0020E48F002070B51F4D84B0286820
:108930004FF0FF3203A9FDF769FE0028F7D0039C32
:10894000237A6668052B0CD8DFE803F02629211B63
:108950001403D4E90523D4E90301E4690094B04782
:10896000039C206810B1FDF7A9FA039C2046FDF78F
:10897000A5FADCE7D4E90523D4E90301B047039C59
:10898000EFE7D4E90412E068B047039CE9E7D4E9D3
:108990000301B047039CE4E7B047039CE1E7E068CC
:1089A000B047039CDDE700BFE89300202DE9F043CA
:1089B000304B314D5B6885B0C3F30803019001AFC4
:1089C00053B10023286839461A46FDF771FD012886
:1089D00009D105B0BDE8F083286839466422FDF767
:1089E00049FB0128F5D0DFF89480D8F80000002278
:1089F00040000421FDF7CAFA06460028E9D0DFF856
:108A00008090D9F80000FEF7EFFAFFF751FB01E084
:108A1000FDF730FB002203A92868FDF7F7FD0446A7
:108A20000023642203A93046002CF1D12868FEF708
:108A3000C5F82E60FFF746FBD9F80000FEF794FB5F
:108A4000D8F800300B4A28685B00C8F8003053683B
:108A5000C3F30803394633B123462246FDF728FD08
:108A600005B0BDE8F0836422FDF704FB05B0BDE866
:108A7000F08300BF00ED00E0E8930020E4930020C5
:108A8000EC9300202DE9F8439DF8206005460F4641
:108A9000904699469EB1B0000C30FDF7F5F90446BA
:108AA00058B10023C0F804800672036005B147B9CD
:108AB0000EBB2046FFF77AFF0120BDE8F8831020A7
:108AC000EBE73846FDF7E0F980462060D0B13A4642
:108AD000294605F0FBF9002EEBD0711EC9B209EB57
:108AE0008101A9F1040252F8043FAB4208BFC2F869
:108AF00000809142F7D1B200494604F10C0005F024
:108B0000E5F9D6E72046FDF7D9F94046D5E700BF9D
:108B100070B540230B4D82B0044600221846042154
:108B20002B60FDF733FA084D084B019306460223EC
:108B3000009307492E60A2B200230648FEF7DCF935
:108B400002B070BDE4930020E8930020EC93002075
:108B5000081B04002989030010B504464069054B31
:108B6000236008B1FEF72AF8606808B1FDF7A6F99E
:108B7000204610BD1C1B040010B504464069074B7D
:108B8000236008B1FEF71AF8606808B1FDF796F99E
:108B90002046FFF7D9FC204610BD00BF1C1B040077
:108BA00010B4074C8172002101820460C1815DF81C
:108BB000044B028141604161C1728181704700BFF5
:108BC0001C1B040010B50446807A218101FB00F0D3
:108BD000FDF75AF960600120FDF732FC606110BDBD
:108BE00010B54FF0FF3104464069FDF76BFE0023DE
:108BF000A3816069E3811A4623821946BDE81040CB
:108C0000FDF738BAF8B516460AB93046F8BD04463D
:108C10000D4640694FF0FF31FDF754FEE37A3BB952
:108C2000A28923899B1A9BB29E4228BF1E4626B367
:108C3000A27A0027E38960689BB202FB0300294601
:108C400005F044F9E38921899BB20133B3FBF1F2CA
:108C500001FB12339BB2E381A3899BB2994214D0EA
:108C6000A389A27A01370133B9B29BB2B142A38181
:108C70001544DFD3002E08BF0126002360691A4681
:108C80001946FDF7F7F93046F8BDE389A27A0137B6
:108C9000B9B29BB28E4223821544CBD8EAE700BF1B
:108CA000F8B516460AB93046F8BD04460D46406987
:108CB0004FF0FF31FDF706FEA3899BB2B34202D20B
:108CC000A689B6B206B3A27A0027238A61689BB24E
:108CD00002FB0311284605F0F9F8238A2089A27ABD
:108CE0009BB20133B3FBF0F100FB11339BB2238243
:108CF000A3890137013BB9B29BB28E42A3811544CF
:108D0000E3D8002E08BF0126002360691A461946E1
:108D1000FDF7B0F93046F8BD83899BB21BB183895A
:108D20009BB28B4201D80020704770B5038A058939
:108D3000847A466811FA83F1B1FBF5F305FB131150
:108D4000104604FB0161224605F0C0F8012070BD09
:108D5000BFF34F8F0549064BCA6802F4E062134324
:108D6000CB60BFF34F8F00BFFDE700BF00ED00E019
:108D70000400FA054FF08043194AD3F8001419484B
:108D800030B41160D3F80054D3F80024164C1749BE
:108D90002A43C3F80024D4F84025026001224FF48E
:108DA0000030C3F818259A60C1F88000BFF34F8FD8
:108DB000BFF36F8F0E4C03F588334FF0A0454FF48F
:108DC00080304FF0FF31C3F84803C3F808035A60FE
:108DD0009A60C5F80815C4F8081530BC704700BF84
:108DE000F0930020F493002000A0004000E100E098
:108DF0000003005008B54FF080434E22C3F81C25F5
:108E0000FFF7A6FF20281BD83C4B53F820301F2B20
:108E100086BF3B4A03F01F034FF0A0420E290FD834
:108E2000DFE801F0655F59534D474039322B241D6F
:108E3000160F080003F5E07340F2037142F82310A7
:108E4000704703F5E07340F2036142F82310704766
:108E500003F5E07340F2035142F82310704703F525
:108E6000E07340F2034142F82310704703F5E073CA
:108E700040F2033142F82310704703F5E07340F2EB
:108E8000032142F82310704703F5E07340F2031109
:108E900042F82310704703F5E0734FF4403142F875
:108EA0002310704703F5E0734FF4003142F82310AC
:108EB000704703F5E073134942F82310704703F538
:108EC000E073114942F82310704703F5E073042161
:108ED00042F82310704703F5E0730C2142F8231089
:108EE000704703F5E073032142F82310704703F540
:108EF000E073002142F82310704700BF6C1A040091
:108F000000030050040002000C00030020280FD8CA
:108F10000B4B53F820301F2B86BF0A4A03F01F0368
:108F20004FF0A04229B1012101FA03F3C2F808353C
:108F30007047012101FA03F3C2F80C35704700BFF6
:108F40006C1A040000030050202818D80D4B53F869
:108F500020201F2A8ABF0C494FF0A04102F01F02B7
:108F6000D1F8140501239340034214BFD1F804251E
:108F7000D1F81025134214BF0120002070470020B3
:108F8000704700BF6C1A040000030050202817D857
:108F90000D4B53F820101F298ABF0C4A4FF0A042F6
:108FA00001F01F01D2F8140501238B40034214BFC6
:108FB000D2F80415D2F810150B4202D1C2F80835C8
:108FC0007047C2F80C3570476C1A0400000300505B
:108FD00000F108034FF0FF310022C0E90333816044
:108FE00002604360704700BF00230361704700BF09
:108FF0004368026810B49C688C609C684B600132C6
:10900000616099605DF8044B08610260704700BFC1
:1090100030B40D686B1C10D000F108031C465B686F
:109020001A68AA42FAD902684B60013299608C60D2
:109030006160086130BC0260704704696368F2E7F0
:10904000036910B4D0E901125C688A6084425160FF
:1090500008BF5A601A685DF8044B0021013A0161AB
:109060001A601868704700BFF0B5054699B01F46F2
:1090700000230E46144605A819460322D5F8D05001
:1090800001F062F938BB0146AD00082303AA05A828
:10909000CDE9034501F098F9E8B9611905A801F097
:1090A000B7F9C0B937B923461022314605A801F0F7
:1090B000C7F980B905F1100302A90191009419467E
:1090C000324605A8029301F0F9F9044B002818BFB5
:1090D000184619B0F0BD014819B0F0BD360CF000CB
:1090E0002DE9F04F864C80469E460F4694460FCCA5
:1090F000B7B00DF11C0A55460FC594E80F0004F1F6
:10910000100685E80F000FCE0FAD0FC596E80F00D3
:10911000303485E80F000FCC17AD0FC50FCC0FC54D
:1091200094E80F00D8F8D040CDF80CE0042C85E886
:109130000F0001D0082C6BD1409A231DB2EB830F96
:109140004FEA830B03D06F4837B0BDE8F08F07EBD1
:109150000C019CFA8CF30CF118060CF109003B6031
:109160009BFA8BF5802326F00F06321A7D60384477
:109170000B72002101F09CFD409B1B09ABF1100B11
:1091800000F0BB80042C47D0DDF80C90CDF808B07F
:109190004B4617ADB1464FF0000823ACBB461E4608
:1091A00024E0029FCDF814A0069701F00DF90346C4
:1091B0002946204610353BBB01F02AF984464FF082
:1091C000100E4B465A4649462046BCF1000F1BD1B3
:1091D0000DEB0E07CDE90067CDF810E001F06EF958
:1091E000103688B9409BB8EB131F58D2002319469C
:1091F0000222204601F0A8F8014608F101080823E0
:1092000005AA20460029CCD03F4837B0BDE8F08FF2
:109210003E4837B0BDE8F08FDDF80C90CDF808B0CF
:1092200033460FAD4E464FF0000823ACBB4699467F
:1092300026E0029FCDF814A0069701F0C5F803467A
:10924000294620461035002BDED101F0E1F8844696
:109250004FF0100E4B465A4649462046BCF1000FCF
:10926000D2D10DEB0E07CDE90067CDF810E001F08B
:1092700025F910360028C7D1409BB8EB131F0ED23A
:10928000002319460222204601F05EF8014608F14B
:109290000108082305AA20460029CAD0B4E7DDF852
:1092A00008B0039D0023194601222046CDE9055B45
:1092B00001F04AF801460028A6D1082305AA204655
:1092C00001F082F800289FD105EB0B01204601F048
:1092D0009FF80146002897D1409A284601F0E8FC03
:1092E000409B009540A901912A462046194601F06D
:1092F000E5F800283FF428AF86E723ACD1E700BFAC
:10930000941B0400230CF000360CF000210CF0003C
:109310002DE9F04F2DED028B164687B007321C4623
:10932000D308129D0393002800F0BC800F4600294B
:1093300000F0BF80002C54D0BDF80C1080462046B1
:1093400000F0BCFF0228064640F2AA8003285DD147
:109350002378032B40F2A480039B681C591E012331
:10936000019301F0A7FC019B0493019B76429AB202
:1093700006F007064FF0FF0A4AFA06FA08EE102A2E
:109380005E1E4FF6FF72103B5FFA8AFA2E4402927D
:10939000059318EE101A2A464046B84700287DD19A
:1093A00033780AEA03033370049B102B40D0BDF8D6
:1093B000043022461946284600F0ACFE022852D05E
:1093C000029B013B0293E4D13E4B03990193284653
:1093D00001F070FC019B184607B0BDEC028BBDE8A4
:1093E000F08F99B22A461C46B84703460028ECD1B4
:1093F000611E70076A5C42F080025CD16A540023EF
:10940000184607B0BDEC028BBDE8F08F039B00F15E
:109410000709A3EBD90105EBD90001F04BFC4FEA9A
:10942000D903B9F1870F019388BF102304939CE7F8
:10943000059B05EB030904EB030B07E0002BB6D0FB
:10944000B84758BB33780AEA030333701023194630
:109450005A46484600F05EFE0346022B4A464FF04D
:1094600010014046EAD1019B002BC8D0013DE9180C
:10947000012315F8012F13448D422B704FEA23234B
:10948000F7D1019B013C2344022214F8011F0A4436
:109490009C4222704FEA2222F7D1B0E7034694E7BC
:1094A000094B92E7094B184607B0BDEC028BBDE8AB
:1094B000F08F074B8FE7764206F0070632416A5479
:1094C00089E700BF010CF000320CF000250CF00021
:1094D000140CF0002DE9F0438FB0884607A9174619
:1094E000044601F0A5FA054600284ED1D4F8D05024
:1094F000042D01D0082D4ED1D4F8C4300C2B62D8E5
:10950000B8F1000F45D02E1D760106AA04ABCDE9B7
:109510000032029707A905AB00222046059600F00D
:10952000DFFD00283CD1069B0498D4F8C42023F02A
:109530000303083304F1840918449200494601F0FA
:10954000B3FBD4F8C400069A04992B1D9E0002EBCD
:10955000800200964B4620460692FFF7C1FD054665
:1095600050B9B8F1010F33D0034622464946204690
:10957000FFF77AFDB0B105462046E42101F09AFBE1
:1095800038464FF4BF5101F095FB28460FB0BDE8B7
:10959000F0836E01B9E71B4D28460FB0BDE8F0839C
:1095A000194DE9E7D4F8D430012243F00103C4F89F
:1095B000D430C4F8CC2000234846C4F8C43040213D
:1095C00001F078FBDCE7114D28460FB0BDE8F083D1
:1095D0003146204601F06EFB2B4622464946204686
:1095E000FFF742FD0028C6D1D4F8D430084AC4F8A9
:1095F000CC8023F4803343F00103C4F8D430C4F8A2
:10960000DC20D8E7210CF000260CF000040CF00060
:10961000CDAB23012DE9F04F9DB0002800F03B8138
:109620001646002A00F03D810D4621B98B4658466A
:109630001DB0BDE8F08FB14F04464FF0FF313868E0
:1096400001F058FB002840F01981AD4BD4F8DC2024
:109650009A4216D0DFF8B8B22946304601F02AFB0C
:10966000D4F8C430002B40F00D81386801F05CFB69
:109670000028DCD0A34801F0EBFA58461DB0BDE845
:10968000F08FD4F8D430DA0740F10E81D4F8CC3022
:10969000113300F20F81D4F8D080B8F1040F05D057
:1096A000B8F1080F02D0DFF86CB2D5E7D4F8C420C7
:1096B0000C2A00F2FC8004F14003029304F1840AB6
:1096C000002A00F0FD809200514604F1480001F0AC
:1096D000EBFAD4F8C420029908F104039B0000932C
:1096E000920053462046FFF7FBFC83460028B3D187
:1096F0000346224651462046FFF7B6FC8346002823
:10970000AAD104EB88090122D9F80C301BBA9B18A6
:109710001BBAC9F80C304FEA880B16D3D9F80830B9
:109720001BBA9B181BBAC9F808300ED3D9F80430FD
:109730001BBA9B181BBAC9F8043006D354F828305A
:109740001BBA13441BBA44F82830002309A8194651
:10975000032200F0F9FD002840F0AF800146082305
:1097600007AA09A8CDE9074B00F02EFE002840F01B
:10977000A480494609A800F04BFE002840F09D80D7
:10978000614AD4F8D4301A4200F0A2802B0915F0B7
:109790000F0B049300F0998001330493CDF80CB0C3
:1097A0005B469D420DD0EA1A11463046059201F003
:1097B00081FA059A3346314609A800F041FE002897
:1097C0007BD104F1300B10220298594601F06CFA5B
:1097D0005846102101F06EFA102306A90191CDF828
:1097E00000B009A85A461946069300F067FE002803
:1097F00063D1039AA81A3044594601F055FAD4F8B7
:10980000D430DB0509D45A460298049B314600F057
:10981000CBF9834600287FF41FAFD9F80C30049AA7
:109820001BBAD3181BBAC9F80C3017D3D9F80830B3
:1098300001221BBA9B181BBAC9F808300ED3D9F8FD
:1098400004301BBA9B181BBAC9F8043006D354F86D
:1098500028301BBA13441BBA44F828305146012360
:1098600022462046FFF700FC834600287FF4F4AE32
:10987000D4F8CC300133C4F8CC30F1E6234801F001
:10988000E7F9E2E60023C4F8C43004F18400402183
:1098900001F010FAE9E6DFF880B058461DB0BDE8E7
:1098A000F08FDFF878B0C2E6DFF874B0D4E6DFF806
:1098B00074B0D1E6DFF870B0CEE6DFF870B0CBE67A
:1098C0005046402101F0F6F91BE71023039368E7A7
:1098D00004F1300318461021039301F0EBF9039BC8
:1098E0001022194609A800F0ABFD0028E5D1D4F8F4
:1098F000D43043F48033C4F8D43047E78C9600204A
:10990000CDAB23013C1B040000010100241B04001B
:109910000E0CF000210CF000270CF000000CF00001
:10992000080CF000040CF000070CF000360CF000FE
:1099300070B5002849D00D46002943D0244E044676
:109940004FF0FF31306801F0D5F990BB002001F0F5
:1099500021FA50BB20462A460121FFF7BBFD0446F1
:10996000012001F017FAB8B9306801F0DDF950B9FB
:10997000012001F00FFA08B9204670BD154801F02A
:1099800067F9204670BD144801F062F9012001F02A
:1099900001FA0028F0D0F1E70E4801F059F93068DB
:1099A00001F0C2F90028E3D0EDE70C4801F050F9CE
:1099B000D0E70B4801F04CF9002001F0EBF900284A
:1099C000C8D0F2E7074C204670BD074C204670BD5A
:1099D0009C960020741B04003C1B0400541B0400D4
:1099E000241B0400200CF000250CF00000284CD0B3
:1099F000F0B50D4689B0002938D00446E42101F0C5
:109A000059F901A9204601F013F810B1204809B016
:109A1000F0BD204F4FF0FF31386801F06BF980BB8B
:109A2000002001F0B7F940BB01A92A46204600F00A
:109A300063FB0646012001F0ADF9D0B9386801F0AA
:109A400073F978B9002EE1D12046E42101F032F912
:109A500029462046FFF76CFF0F4B002818BF184619
:109A600009B0F0BD0D4801F0F3F8EBE70C4809B080
:109A7000F0BD0C4801F0ECF8E0E70B4801F0E8F825
:109A8000D2E70A4801F0E4F8CAE70948704700BF86
:109A9000110CF0009C960020120CF0003C1B0400FE
:109AA000200CF000741B0400541B0400241B040051
:109AB000250CF00030B4029D4DB1064D941EAC4211
:109AC00002D830BCFFF724BC034830BC70470348C1
:109AD00030BC7047FDFF0700310CF000300CF00087
:109AE00038B504464FF4806001F040F9054D064852
:109AF0000649074A00232B6003600B68236013604C
:109B000038BD00BFC8B102502CB1025004B10250A0
:109B100008B102500138072805D8DFE800F00A0E26
:109B2000041204040406094870478B698B60002006
:109B30007047CB688B60002070470B698B600020FA
:109B400070474B698B600020704700BF310CF100FB
:109B50000B6802E0082B0B6006D8426813424FEAFC
:109B60004303F7D00020704700487047310CF100E4
:109B7000084B094A002119601368002BFCD10748E3
:109B80000749084A03604FF480604FF0FF330860D4
:109B9000136070472CB1025010B90250C4B102508A
:109BA00008BA025008B10250012BF8B516461CD075
:109BB00010221D460C4601F05FF8E0B1AF1E3146A1
:109BC00004EB0710102201F057F8A0B1022D0ADDB6
:109BD0000025204610342146102201F04DF80135B1
:109BE00048B1BD42F5D10020F8BD1146102201F068
:109BF00043F80028F7D10148F8BD00BF020CF0007F
:109C0000002877D0F8B50C46002971D01D46002BEE
:109C10006ED0064622B1012200232A60C0F8D83057
:109C20002B68002B62D029462046FFF791FF0028C1
:109C30005BD128682146FFF76DFF002855D1364BD0
:109C40003649374A01271F609C460F60CCF80070E8
:109C5000A368136011688B42F8D1324F3249334AFE
:109C6000334B4FF0000CC7F800C004270F600A21E7
:109C700011606FF03A021A60079B012B4FF080537E
:109C80003AD0D3F8002C013243D0D3F8002C294B22
:109C9000A3FB02321209A368274C2849284F03FB73
:109CA00002F303EB4303DB039B092360254B2C6882
:109CB0000C601A60069A244C3A604FF4806222606D
:109CC00001224FF0FF3441F8C44C43F80C2CD6F875
:109CD000D8302A6823F07F4343EA0263C6F8D830BD
:109CE0002A6843EA0223C6F8D830F8BD1748F8BD01
:109CF0001748F8BD16487047D3F80C2C013206D02F
:109D0000D3F80C2C0B4BA3FB0232FA40C3E716220C
:109D1000C1E70622BFE700BFC4B1025040B1025004
:109D200030B102502CB102500CB1025038B1025087
:109D300000B10250ABAAAAAAD8B10250CCB10250CD
:109D4000D0B10250D4B1025008BA0250310CF10027
:109D5000350CF100F0B4C900002401F1FF3C2646A7
:109D6000274606E09F4216D00126654519D82C46A5
:109D70001F46630904F01F0150F823301F2923FAFE
:109D800001F304F1010518BF03F00103002CE9D130
:109D900001263546EBE701369642E6D10248F0BC93
:109DA00070470020F0BC7047360CF100002861D0ED
:109DB0002DE9F0414C1EB4F5047F27D233B32AB30A
:109DC000CD00012B05F1FF3E30D000218C460F461F
:109DD0000E4603F1FF384C0901F01F0550F82440EE
:109DE0001F2D24FA05F418BF04F0010421B901263F
:109DF000B44631462746EEE7B34213D0A74201D11D
:109E00000CF1010C464504D1624502D21A48BDE866
:109E1000F0813C4601318E4506F10106EAD2002070
:109E2000BDE8F08100264FF0010CF3E70026B446B0
:109E300037463446610904F01F0350F821101F2BE8
:109E400021FA03F118BF01F001013CB15FB98C4563
:109E500001D0614608E00136614605E0012634463E
:109E60008C460127E6E73E46B242CFD30134AC42EE
:109E7000F6D1D4E700487047370CF1002DE9F04FD8
:109E800089B01D46149BDDF84CA004460E461746CB
:109E90004BB94FF08053D3F8002C013200F0A98069
:109EA000D3F800BC08E04FF08053D3F80C2C0132FB
:109EB00000F0A280D3F80CBC7C480AF5C1622A608D
:109EC000129A00234FF0FF31136000F013FF0028B7
:109ED00040F08680764A774B7749106004321960EB
:109EE00013680693069BD907FAD5714A714B002176
:109EF00011601B680793043213680793079BDB0705
:109F0000FAD56C4B6D4A1B680793DDF81C901368FB
:109F10000793079BD807FAD5644800F005FF00288F
:109F20005AD1654B994540F0B680D4F8D43013F43B
:109F300000790ED1D90512D52B68129A1B681360CF
:109F40003BB1D4F8D4309B055BD5484609B0BDE899
:109F5000F08FDFF87C91484609B0BDE8F08F002F04
:109F600000F08780564A574B1168B2681B689A42C6
:109F700045D10A2943D194F8DB3005930AF5C26A2A
:109F8000042500274FF0805804A8FFF7A9FD049886
:109F9000820602D510F01A0039D0D4F8D810059AEC
:109FA0000B0A03F47F030B4323F07F43082AC4F812
:109FB000D83077D0149B4FEA420CCDE900730022D1
:109FC00005AB31462046CDF814C0FFF719FE002836
:109FD0005FD1013DD8D1B4E73B4800F039FEA0E79E
:109FE0003A48DFF8F09000F033FE484609B0BDE88B
:109FF000F08F4FF0900B5FE74FF4047B5CE7DFF8E6
:10A00000D890FFF7B5FD484609B0BDE8F08F129B28
:10A010005246C3F800B0594600F03CFD002838D144
:10A02000D8F8043C129A013318BFD8F8043C1168E0
:10A0300008BF51230293D8F8083C01332ED0D8F83A
:10A04000083C03934B1EB3F5047F0FD2029A029192
:10A050005046FFF77FFE48B90299039A4FF4806398
:10A060005046FFF7A3FE00283FF46BAF129B1F6022
:10A0700093E723F00F03C4F8D430149B0122CDE9F9
:10A080000093314605AB2046FFF7BAFD00283FF4A8
:10A0900075AF814655E7DFF83C9056E740F237331D
:10A0A0000393CFE7DFF834904BE700BFA49600207E
:10A0B00004BF025000BF025012FA12FA08BF025049
:10A0C00038B1025030B102503C1B0400241B040084
:10A0D000330CF000350CF000300CF100320CF100C4
:10A0E00030B4DDE90234049D02940024CDE9035428
:10A0F00030BCFFF7C3BE00BF10B586B005AB01246E
:10A10000CDE901240093002204ABFFF7B7FE06B0AF
:10A1100010BD00BFF0B4441831B114F8015D4E1EFB
:10A1200015B931460029F8D1D41833B114F8015DBE
:10A130005E1E45B93346002BF8D10D1E18BF012510
:10A140002846F0BC70478B4222D325D84C1EA6422D
:10A1500028BF2646002E23DB0136941900258219DC
:10A1600004E0012D38BF012590420BD012F8016D9B
:10A1700014F8017DB742F4D3F6D9002D08BF0225AB
:10A180009042F3D18B4218BF00252846F0BC70479F
:10A1900001252846F0BC704702252846F0BC7047D0
:10A1A0000025EFE79942F0B50DD801EB03044FEA23
:10A1B000540467D3002C7DD04FF0000C171F2146AC
:10A1C000051F624632E003F1804C0CF1FF3C051F95
:10A1D000002600EB8C0C05EB810E34465CF8047F06
:10A1E000E64546EA0706F9D116F1FF3744F1FF3C90
:10A1F0006FEA0C0C99420CF0010C3ED201F1804E3A
:10A200000EF1FF3E171F02EB8E0507EB830355F897
:10A21000042FAB4246EA0206F9D116F1FF3644F1AB
:10A22000FF32D24302F0010291B3051F002305EB78
:10A23000810E28463C46194650F8046F54F8045FD6
:10A24000AE4218BF002103F0010318BF002388BFEE
:10A2500041F0010138BF43F001038645ECD1A9B1BB
:10A2600082F00100BCF1000F00D108408CF0010425
:10A2700002B91C4000EB4400F0BDC3B1171F1946E2
:10A280000022D3E700263446B446B7E7002BE7D1D7
:10A29000BCF1000F03D132B160461446EAE782F008
:10A2A00001000023E2E7104613461446E1E760464A
:10A2B0001C46DEE720462346DBE700BF421808467F
:10A2C00030B112F8013D411E1BB908460028F8D1F3
:10A2D00070471A064FEAC00018D4590600F1FF3241
:10A2E00015D49906A0F1020211D4D906A0F10302F7
:10A2F0000DD41907A0F1040209D45907A0F10502F1
:10A3000005D49B07A0F1060201D407387047104618
:10A31000704700BFA1B100EB810001E001390FD00F
:10A3200050F8043D002BF9D04801A0F1200202E0D2
:10A330000138904206D0002B4FEA4303F8DA704709
:10A3400008467047704700BF78B3032A70B50E46C1
:10A350001546044601D9052A1CD1012E18D8ABB9DF
:10A36000022D19D0052D17D04C21204600F0A2FC5B
:10A37000052D88BF4FF0FF3213D900200123C4E917
:10A380000826C4E90B00C4E90D3370BD094870BD4F
:10A39000094870BD094870BD56B94C21204600F0EF
:10A3A00089FC074B53F82520E7E74FF4700070470E
:10A3B000044870BD0E00F0000600F0000200F0003E
:10A3C000041C04001200F000C8B110B50C4682B1A4
:10A3D0008CB9082B0DD15368102B0ED1136843B1E3
:10A3E00001238362D2E90012103000F05DFC2046A8
:10A3F00010BD044810BD044810BD044810BD4FF402
:10A40000700070470400F0000500F0000300F00049
:10A4100070B108B5036A013B022B05D831B1102297
:10A4200000F042FC002008BD034808BD034808BDF9
:10A430004FF47000704700BF0200F0000100F00010
:10A4400038B349B31AB338B512F00F051BD1046AFB
:10A4500024F00404032C01D003B31D4613462A46FE
:10A4600001F022FE58B1A0F57100052818D8052882
:10A4700016D8DFE800F005030A0303080A4838BDD0
:10A480004FF4700038BD094838BD094838BD074849
:10A4900070474FF47000704706487047064838BD53
:10A4A0004FF4750038BD00BF0200F0000A00F00054
:10A4B0000600F0000800F0000900F000F8B5079F62
:10A4C00048B30E460546002A35D0994239D8002FA8
:10A4D00041D02B6A23F00401032906991FD00029DB
:10A4E00032D03968B14233D3300703D0012B1CD8A6
:10A4F000EB6A23B311463346069A284601F0E0FE84
:10A50000044660B3A0F57104052C37D8DFE804F0E9
:10A510000310251010174FF470042046F8BDA9B1A0
:10A5200039680F2914D93107E4D0032BE2D1DFE7D2
:10A53000144C2046F8BD0029C9D0134CEDE7134C4C
:10A54000EBE7134C2046F8BD002ED3D0114CE4E7C6
:10A55000114C2046F8BD114CDFE7114CDDE72B6AAA
:10A5600023F00403032B01D03E60D6E7069829466A
:10A57000102200F099FB10233B60CEE74FF47504E6
:10A58000CBE700BF0200F0000800F0000A00F00076
:10A590000C00F0000900F0000D00F0001100F000C8
:10A5A0000600F0002DE9F84F1E460A9B002B6AD0EA
:10A5B0000D4600296FD0044600287DD0022E5ED8BB
:10A5C00016B10B9B002B79D0D4F8B872B7F5107F79
:10A5D0004CD8D4F8BC127B1C994247D895F800900F
:10A5E000B9F1070F53D8B9F1050F50D009F00603A0
:10A5F0000737022B4FEAD7073CD07B000133934249
:10A600003BD10A9807F1030B4FF45D7100F1040A86
:10A610002BF0030800F04EFB414650463B466A1CB7
:10A6200000F002FC002838D14FEA9B0B5B465946EC
:10A6300022465046FFF7B6FD022855D119F0040F07
:10A640003ED10A9B214603F194004FF4377200F08B
:10A650002BFB4946504600F06DFC0446002845D1CE
:10A66000022E45D00A9A264B13601CE0254C20464A
:10A67000BDE8F88F7B1C9342C3D0234CF7E7234CF3
:10A680002046BDE8F88F224C2046BDE8F88F214CCB
:10A690002046BDE8F88F204CE9E7204C0A984FF49B
:10A6A0005D7100F007FB0B9B002BE0D04FF4637152
:10A6B000184600F0FFFADAE7194CD8E7194CD6E74C
:10A6C0000A9B7A1C4C334146184698462A443B461E
:10A6D00000F0AAFB0028E0D140465B4659462246DE
:10A6E000FFF760FD0228ACD00C4CC0E70E4CD5E75C
:10A6F0000B99504600F0FCFC0028B3D00446CDE78F
:10A70000010000EC9508F0000F08F0001108F000BF
:10A710000E08F0000708F0000D08F0001008F00027
:10A720000208F0001208F0003008F0002DE9F043B4
:10A7300083B0019300283DD01646002A67D00268F6
:10A740001F46354B9A4204461BD18FB3052914D0BE
:10A75000072912D8D0F84C33C56C21F0020203F15E
:10A760000709042A03F11F034FEAD9094FEA5313DB
:10A7700005F0010522D0022907D0284803B0BDE822
:10A78000F083274803B0BDE8F0833A6809F1010877
:10A7900042453ED3304645F0020500F8015B9B0080
:10A7A000221D494600F096FB48BBC7F80080E5E74C
:10A7B0001C48E3E71C4803B0BDE8F0833A684FEA61
:10A7C000490808F10108424523D3042930460CBF4B
:10A7D0000D4645F006059B0000F8015B221D494629
:10A7E000019300F077FB50B909F10100019B04F1DE
:10A7F0004C023044494600F06DFB0028D5D030466D
:10A80000396800F057FA002308483B60B6E708486B
:10A81000B4E70848B2E700BF010000EC1508F000FB
:10A820001A08F0001708F0001408F0001B08F000E8
:10A830001608F0001808F0002DE9F04782B0DDE9B5
:10A840000A98002A5CD01D46002B5ED0B9F1000F9B
:10A850005DD0B8F1000F5CD0074600285BD08A4677
:10A86000002948D0144618464FF44C7100F022FAE3
:10A870004FF45D71484600F01DFAD4F8BC621F36F3
:10A880007609B200013E04F1D801404605EB860688
:10A8900000F00AFA002373602B1DD4F8BC22009349
:10A8A000514638464346FFF705F90646C8B12846E3
:10A8B0004FF44C7100F0FEF948464FF45D7100F022
:10A8C000F9F90C9B23B140F66811184600F0F2F933
:10A8D00040464FF4537100F0EDF9304602B0BDE848
:10A8E000F087204643464A46294602F06DFE06465A
:10A8F0000028E6D0DBE7094E304602B0BDE8F0871D
:10A90000074E304602B0BDE8F087064EE5E7064E3A
:10A91000E3E7064EE1E7064EDFE700BF9008F000F0
:10A920000208F0000308F0000408F0000508F00039
:10A930009108F0002DE9F041002940D016461F464D
:10A940000A682B4B9A420C4631D1054600283AD072
:10A950000268013B9A422ED1002E45D0002F45D0EF
:10A96000069BB3B300F194014FF4377204F1500029
:10A9700000F082F90435211D68BBD4F808333A6829
:10A980000733B2EBD30F4FEAD3081ED3069B2846FA
:10A99000324600F0DDFB0446F8B9C7F8008006989F
:10A9A0004FF4537100F086F92046BDE8F081114C58
:10A9B0002046BDE8F081104C2046BDE8F0810F4CE8
:10A9C0002046BDE8F0810E4CF2E70E4CC7F800803F
:10A9D000EEE70D4CECE70D4CEAE73968304600F045
:10A9E00069F900233B60DAE7094CE1E7094CDFE74E
:10A9F000020000EC3408F0003208F0003308F000E8
:10AA00003108F0003808F0003708F0003A08F0008C
:10AA10003508F0003608F0000B2804D8034B53F833
:10AA2000203003B118470020704700BF781D040094
:10AA300030B5042285B00123C0F8D0200B606846F1
:10AA40000023CDE90033CDE902330C4600F04EF887
:10AA50000546C8B9DDE90030DDE90212E360003BDC
:10AA6000C4E9040118BF0123A26108B143F0020345
:10AA700009B143F004030AB143F008030022284659
:10AA80006360A26005B030BD014800F0E1F8E1E785
:10AA90001C1C040030B585B004460D4610480392D6
:10AAA0004FF0FF3100F026F9039A68B9204600956F
:10AAB0000123002101F0E6FF0446094800F034F9C3
:10AAC00038B9204605B030BD064800F0C1F8039AF9
:10AAD000ECE7054800F0BCF8204605B030BD00BFEB
:10AAE000A4960020241B04003C1B040000234FF408
:10AAF000FA714FF47A72C0E900228160C36018468F
:10AB0000704700BF10B500F031F8A0B900F01EF991
:10AB100020B1032400F070F8204610BD00F03AF98F
:10AB2000034680B90D4A1268120EF02A06D0052499
:10AB300000F00EF9EEE70424204610BD0849094A4A
:10AB40000968914201D00624F2E7074A0120136008
:10AB500000F020F904460028DED0E8E728B90250CA
:10AB600024BA02500000E0200CBA025008B5184880
:10AB700000F0A4F898B9174800F0A0F8B8B9164842
:10AB800000F09CF8D8B9154B124A15481A6000F02D
:10AB900095F8C0B9134B124A1A60002008BD12483C
:10ABA00000F056F80B4800F089F80028E7D00F486D
:10ABB00000F04EF8084800F081F80028E3D00C4877
:10ABC00000F046F8DFE70B4800F042F8E2E700BF8C
:10ABD000A496002094960020A09600209C96002029
:10ABE000989600208C9600204C1C0400681C0400E1
:10ABF000841C0400A41C040008B500F03BF80F48B6
:10AC000000F06AF804210D4800F054F80C4800F0F8
:10AC100063F80B48042100F04DF80A4800F05CF896
:10AC200040B9094800F058F8BDE80840064804213A
:10AC300000F040B8054800F00BF8F2E7A4960020B9
:10AC400094960020A096002098960020841C040072
:10AC5000BFF34F8F0549064BCA6802F4E062134305
:10AC6000CB60BFF34F8F00BFFDE700BF00ED00E0FA
:10AC70000400FA05704700BFA2B1013A30B40139AF
:10AC80008518421E002012F8013F11F8014F95422D
:10AC900083EA040340EA0300F5D1003818BF01201D
:10ACA00030BC70471046704703F010B903F01CB970
:10ACB00003F034B90A46002103F030B910B5044658
:10ACC00010B10020206010BD0248FFF7C1FF002036
:10ACD000206010BDC41C040010B5044610B1002053
:10ACE000206010BD0248FFF7B3FF0020206010BDB8
:10ACF000C41C040010B5044680B10123BFF35B8F70
:10AD000054E8002F44E800310029F9D1BFF35B8FEC
:10AD1000012AF3D0BFF35F8F002010BD0148FFF779
:10AD200097FFEAE7E81C040010B5044620B1BFF322
:10AD30005F8F0020206010BD0348FFF789FFBFF33D
:10AD40005F8F0020206010BD081D040000207047A8
:10AD500000207047014B1860704700BF08BA0250CE
:10AD6000014B1860704700BF04BA025010B504468A
:10AD700030B1054B18680442FCD0044B1C6010BD78
:10AD80000348FFF765FFF4E700BA025008BA025023
:10AD9000281D040010B54FF0FF3104461748FFF797
:10ADA000A9FFE8B9164A54B11368A3B1012B18D012
:10ADB000013B1360BDE810401048FFF7B5BF1068B5
:10ADC00038B9104B10490124C3F800450B68002B1B
:10ADD000FCD101301060BDE810400848FFF7A4BF67
:10ADE00010BD09490B68002BFCD106480749C0F883
:10ADF00000356FF07E430B601368D9E7A096002002
:10AE0000F893002000A0025010B9025004BA02507A
:10AE10003AB10A44013812F8013D00F8013F8A4274
:10AE2000F9D10020704700BF002A48D02DE9F04139
:10AE30000446002845D015465A1E053234D811F074
:10AE4000030631D18B422FD8CF1C27F003028A4250
:10AE500032D8A2EB030840441A462946FFF726FFE2
:10AE6000414620464FEA9708FFF724FFB8F1010F4B
:10AE70001DD0FF0804EB87000438231F04EB88056E
:10AE800053F8042F55F8041D12BA09BA8342196009
:10AE90002A60F5D118F0010007D054F827301BBA0A
:10AEA00044F82730002000E00748BDE8F08123681F
:10AEB0001BBA30462360F8E70448BDE8F081044837
:10AEC00070470348F1E700BF050DF000090DF000E1
:10AED000040DF00030B40AB300B3DBB113F0030586
:10AEE00018D18B4216D3A9B1904208D002D913448D
:10AEF000984217D3904202D243189A4212D9114471
:10AF0000431E11F8014D03F8014F8A42F9D128463A
:10AF100030BC7047044D284630BC7047034D28466E
:10AF200030BC7047024DF6E7050DF000040DF0004F
:10AF3000060DF000F0B50446D0F848038DB000F1DE
:10AF40001F062023B6F5187F00937ED20F46694670
:10AF500001F0F0FB054610B128460DB0F0BD7609B2
:10AF6000334604F19002012101F024FD012108463D
:10AF7000052304F5127201F01DFD3346224601211E
:10AF8000022001F017FD334604F1D802012104200C
:10AF900001F010FD04F5907233460121052001F007
:10AFA00009FD424A13680193019BDB07FAD5404B28
:10AFB00040493E4A196013680293029BD807FAD5AC
:10AFC0003B4B3D49394A196013680393039BD907EA
:10AFD000FAD5374B3949354A196013680493049BF5
:10AFE000DB07FAD5324B364A1A6007F00603022B0C
:10AFF0002FD004F1480233460121032001F0DAFC8E
:10B000002A4A13680593059BDC07FAD5284B2D497E
:10B01000264A196013680693069BD807FAD5244B75
:10B0200029492A4A196013680793079BD907FAD55B
:10B03000274A284B126812F4805F08BF1D4600980B
:10B0400001F062FC28460DB0F0BD234D28460DB03E
:10B05000F0BD01F069FE002826D01C4A1368089351
:10B06000089BDB07FAD51D4B184A196813680A9329
:10B070000A9BD807FAD51A4A1A4B11601B68099324
:10B08000099B5F40F90708D5343A13680B930B9B73
:10B09000DB07FAD5064B144A1A60314604F1480022
:10B0A000032201F05BFCCAE7104DC8E7B0B00250C4
:10B0B00080B0025080210888804118318061088862
:10B0C0000051183180310C8800681051B4B0025022
:10B0D00088B002501008F0000F08F0000CB00250C9
:10B0E000E4B00250DCB00250C03000294021F00032
:10B0F00070B5D0E9D2421F3484B0640900F148032E
:10B100000D4601EB84061F3201EBC401039100934D
:10B1100000F5B4710346CDE901565209903000F0B4
:10B12000D3FE70B930462146FFF7F4F830B9214616
:10B130002846FFF7EFF808B904B070BD024804B024
:10B1400070BD024804B070BD1008F0003008F00077
:10B150002DE9F043D0E9D2451F3485B0640903EBF3
:10B16000C40E1E4603EB84071F3500F1480300930D
:10B17000CDE9027E03460196904690306A0900F0C0
:10B18000A3FE054640B130464FF45371FFF792FDE0
:10B19000284605B0BDE8F08338462146FFF7BAF8E7
:10B1A00060B121463046FFF7B5F838B14FEA84095F
:10B1B0004A4640463146FFF72BFEE4E7004DE2E702
:10B1C0002008F1002DE9F04F97B0DDE920744FEA37
:10B1D000043E4EEA844E4EEA83149D4D44F0045CD6
:10B1E0009C012E680096009EF607FAD5229DDFF896
:10B1F0006482974EC8F800C0920142EA834242EA54
:10B20000053545F010454FEA834832680192019AAE
:10B21000D207FAD58F4ADFF838C215604EEA811E90
:10B220004EF0104E8E01DCF800200292029AD507F3
:10B23000F9D53D0345EA8745864A854FC2F800E0C7
:10B2400044EA050949F004593A680392039AD2077F
:10B25000FAD5804ADFF8F8E1C2F8009044EA033CEE
:10B2600048EA0C0747F004574FEA033ADEF800209B
:10B270000492049AD207F9D5764ADFF8D4E1176030
:10B280004CEA814949F010498F04DEF8002005920C
:10B29000059AD207F9D56F4ADFF8B4E1C2F80090F9
:10B2A00045F0104545F48075DEF800200692069AB8
:10B2B000D207F9D5DFF89CE1674ADFF89491CEF820
:10B2C000005042EA80124FEA801ED9F800500795DC
:10B2D000079DED07F9D5DFF87CB1DFF884915C4D6F
:10B2E000CBF8002049EA00394FEA003B2A6808926F
:10B2F000089AD207FAD5574DC5F80090239A574DB2
:10B3000045EA8249524A12680992099AD507F9D545
:10B31000504A4F4DC2F800904CF0245949F400199E
:10B320002A680A920A9AD207FAD54A4D484AC5F8BD
:10B3300000904EEA030343F0484343F48213156838
:10B340000B950B9DED07FAD54EEA0B05DFF804E1EE
:10B350003F4ACEF8003045EA080545F00455136829
:10B360000C930C9BDB07FAD53A4B394A1D604CEA2B
:10B37000804040F0045013680D930D9BDD07FAD513
:10B38000344BDFF8E0C0324A18604AEA0C0C13680C
:10B390000E930E9BD807FAD52E4B2D4DC3F800C047
:10B3A00047EA013746EA070C4CF004500A032B68C1
:10B3B0000F930F9BDB07FAD5264B254D18604CF0F9
:10B3C000104C2B681093109BDB07FAD5214B204DB6
:10B3D000C3F800C02B681193119BDB07FAD51D4BF6
:10B3E0001B4D1860274347F004572B681293129B9C
:10B3F000DB07FAD5174B16481F60239B44EA080465
:10B4000044EA033444F0104403681393139BDD07AC
:10B41000FAD5104B0E481C60324342F0245242F4DD
:10B42000101203681493149BDC07FAD5094B0848E3
:10B430001A600E4346F0484646F4A2160368159378
:10B44000159BDB07FAD5034B1E6017B0BDE8F08FE4
:10B45000B0B0025080B002500040102100410021E5
:10B4600000011021400128292DE9F04F9FB0AF4F76
:10B470002D9D289E2C0344EA854C4CEA831C4FEA00
:10B48000854E01944CF0104C9D013C680494049C42
:10B49000E407FAD54FEA801BA54F4BEA033848EA88
:10B4A0008646DFF88882C7F800C046F010461F03C2
:10B4B000D8F800400594059CE407F9D5DFF87082C0
:10B4C000DFF868C24BEA00340294C8F8006044F028
:10B4D000245848F40018DCF800400694069CE6075F
:10B4E000F9D5DFF84C92914EC9F8008045EA070C77
:10B4F0004EEA0C0E4EF0104E34680794079CE40799
:10B50000FAD5299CDFF82892DFF82082C9F800E0FC
:10B5100047EA811646EA84468C0146F010460094BC
:10B52000D8F800400894089CE407F9D5009CDFF89F
:10B530000082DFF8F891C8F8006044EA013E4EF05E
:10B54000245848F40018D9F800400994099CE607EB
:10B55000F9D52A9CDFF8D891744EC9F800804FEADB
:10B56000043A4AEA844A2A9C4AEA050A4AF0104AFE
:10B570004FEA844934680A940A9CE407FAD52B9C64
:10B5800047EA844606430396694E684CC6F800A015
:10B59000039E46F0484A4AF0C00A26680B960B9E66
:10B5A000F607FAD5624C614EC4F800A049EA0C0ACD
:10B5B0004AF0104A34680C940C9CE407FAD52C9C91
:10B5C00047EA84460E430396594E584CC6F800A0ED
:10B5D000039E2E4346F0484A26680D960D9EF607B8
:10B5E000FAD5019C44EA8216514C46EA09094F4EAD
:10B5F000C4F800A049F010494FEA821A34680E944A
:10B600000E9CE407FAD54A4C484EC4F800904AEA2A
:10B61000824A4AF0104A4AF4405A4FEA8249346852
:10B620000F940F9CE407FAD5414E404CC6F800A099
:10B6300026681096109EF607FAD53D4EDFF8F8A062
:10B640003A4CC6F800A026681196119EF607FAD566
:10B65000374EDFF8E8A0354CC6F800A026681296F1
:10B66000129EF607FAD5324EDFF8D4A02F4CC6F85A
:10B6700000A04EF0104E4EF4402E26681396139EF6
:10B68000F607FAD52A4E2B4CC6F800E044EA804E65
:10B690003036800434681494149CE407FAD547EAE1
:10B6A0008347DFF88CA0214CCAF800E04BEA07067C
:10B6B00046F0484646F003064FEA834A236815934E
:10B6C000159BDB07FAD5DFF868E0184CCEF8006070
:10B6D000029B43F0045646F4801623681693169B8B
:10B6E000DB07FAD5124CDFF844E02660DEF80030C4
:10B6F0001793179BDC07F9D50D4CDFF830E0266077
:10B7000040F0045040F48240DEF800301893189B5B
:10B71000DB07F9D5009B054C4AEA01011943044BAC
:10B7200041F04841186041F480410BE0B0B0025054
:10B7300080B002500041009000310C90C0400C904D
:10B74000C030202923681993199BDE07FAD5194BBD
:10B750001948196003681A931A9BDC07FAD5154B30
:10B760001549C3F8008049EA02322A4342F01042E8
:10B770000B681B931B9BD807FAD50E4B0E491A601A
:10B780002F4347F010470B681C931C9BDA07FAD530
:10B79000084B094A1F604CF0104141F43011136806
:10B7A0001D931D9BDB07FAD5024B19601FB0BDE846
:10B7B000F08F00BF80B00250B0B002502DE9F04FC2
:10B7C00099B0DFF870C2269C239D270347EA84497D
:10B7D00049F0104646F0800699464FEA844EDCF860
:10B7E00000300193019BDC07F9D5914B914C1E6011
:10B7F0004FEA894949EA801949F0104646F4005653
:10B800004FEA801A23680293029BDB07FAD5884B24
:10B81000884C1E604AEA003C4CF0245646F4001660
:10B8200023680393039BDB07FAD5814B814C1E6091
:10B830004EF0104646F4025623680493049BDB073F
:10B84000FAD5229B7B4C4FEA834E4EEA811E784B01
:10B850004EF0104E1E604EF4005E8E01236805937C
:10B86000059BDB07FAD5724B724CC3F800E046EA41
:10B87000013949F0245B4BF4001B23680693069BB7
:10B88000DB07FAD54FEA053E694B6A4CC3F800B0B6
:10B890004EEA854E4EF0104E4EF0800E4FEA85482F
:10B8A00023680793079BDD07FAD5249B604C40EA89
:10B8B000834545F048455F4BC4F800E045F4035527
:10B8C0001C680894089CE407FAD5594B594C1D6034
:10B8D00048F0104545F4025523680993099BDB079E
:10B8E000FAD5259BDFF848E1524CCEF8005041EAEA
:10B8F000834343F0484545F4025523680A930A9B65
:10B90000DB07FAD547EA8217494B4A4C1D6047EAE4
:10B91000080848F01047950123680B930B9BDB0741
:10B92000FAD5434B434C1F6045EA824242F0104235
:10B9300042F4405223680C930C9BDD07FAD53C4B34
:10B940003C4C1A6023680D930D9BDA07FAD5384BEF
:10B95000394C384A1C6013680E930E9BDB07FAD5EE
:10B96000334B364C334A1C6013680F930F9BDF0731
:10B97000FAD52F4B324C1C602E4A49F0104444F447
:10B98000402413681093109BDD07FAD5284B2D4DEA
:10B99000284A1C6045EA8045800413681193119B76
:10B9A000DC07FAD5224B284C224A1D604AEA0404DF
:10B9B00013681293129BDB07FAD51D4B1D4A1C60BE
:10B9C0004CF0045444F4801413681393139BDF0762
:10B9D000FAD5174B174A1C6013681493149BDD07A4
:10B9E000FAD5134B134A1C6040F0045040F48240D7
:10B9F00013681593159BDC07FAD50D4B0D4A18609B
:10BA00000E4346F0484646F4042613681693169BE8
:10BA1000D907FAD5064B074A1E6013681793179B80
:10BA2000DB07FAD5024BC3F800B019B0BDE8F08FC0
:10BA300080B00250B0B0025000310C90C0400C9069
:10BA4000C030202900410090032008C82DE9F043B0
:10BA5000974AABB013680993099BDF07FAD5954B5A
:10BA60009549934A196013680A930A9BDE07FAD531
:10BA7000904B92498E4A196013680B930B9BDD071C
:10BA8000FAD58C4B8E498A4A196013680C930C9B2B
:10BA9000DC07FAD5874B8B49854A196013680D93EB
:10BAA0000D9BD807FAD5834B8749814A19601368E3
:10BAB0000E930E9BD907FAD57E4B844A1A601B2041
:10BAC00000F030FD0446182000F02CFD8442784A36
:10BAD00009D913680F930F9E16F00106F9D0754B24
:10BAE0007B4A1A6009E013681093109BDB07FAD5B4
:10BAF000704B784A1A60044600266D4A1368119309
:10BB0000119BDF07FAD56B4B7349694A19601368BB
:10BB10001293129BDD07FAD5664B704A1A601C20FF
:10BB20001D2118220B238DE80F000F230E220D215B
:10BB30000C20FFF747FB01340C200D210E220F23B0
:10BB40008DE80F0024F0010413231222112110208C
:10BB5000FFF738FB0125A11E08AB07AA1B2008959B
:10BB600000F02CFD022800F06A81032800F04081DB
:10BB7000012800F0168100274D4A13681F931F9B70
:10BB8000DB07FAD54B4B5649494A19601368209395
:10BB9000209BDD07FAD5474B5249454A1960136887
:10BBA0002193219BD807FAD5424B4F4A1A60043C97
:10BBB00039D44FF0170916254FF01A081521142013
:10BBC000CDE900011A231622CDE90259FFF7FAFA4E
:10BBD000142003468DE82201162201F07BFB08ABFE
:10BBE00007AA21461B2000F0E9FC00EB8700043087
:10BBF000072816D8DFE800F0A1A8A59D9995840430
:10BC000012271122102315211420CDE904270393B4
:10BC1000CDE90001029517231622FFF725FC4FF00E
:10BC2000FF37023CCAD519201C21162215231824DF
:10BC3000CDE90121CDE9030400930E2214230D2147
:10BC40000C20FFF7BBFD1A4A002F40F081801368DB
:10BC50002693269BDC07FAD5164B2449144A196013
:10BC600013682793279BD807FAD51248204B214900
:10BC7000214C0F4A0460002E14BF1E460E46136866
:10BC80002893289BD907FAD50A4B094A1E601368E6
:10BC90002993299BDB07FAD5064B184A1A6018230B
:10BCA0001D221C21012001F029FC2BB0BDE8F083EE
:10BCB000B0B0025080B0025000020021008220216A
:10BCC000408220218082242140066E490096692905
:10BCD000C0066649C0066249000662410016624914
:10BCE00040D62129C0D32029C0142129C05521299B
:10BCF0004007564940075E490007524900065A4925
:10BD00000E270D220C2315211420CDE904270393BF
:10BD1000CDE90001029517231622FFF7A5FB0027A6
:10BD20007FE718271D221C23EDE718271D221C235F
:10BD300069E7182719221C23E5E71227132210238D
:10BD4000E1E70E270F22DDE70E270F220C235AE72B
:10BD500013682293229BD907FAD54C4B4C494D4A84
:10BD6000196013682393239BDB07FAD547484A4B96
:10BD70004A494B4C474A0460002E14BF1E460E46EB
:10BD800013682493249BDF07FAD5404B414A1E6079
:10BD900013682593259BDD07FAD53C4B414A1A6071
:10BDA0007DE73C4A13681393139BD807FAD5374BAA
:10BDB0003D49384A196013681493149BD907FAD582
:10BDC000324B3A49334A196013681593159BDB07C8
:10BDD000FAD52E4B36492F4A196013681693169BD5
:10BDE000DF07FAD5294B334A1A604FF0FF37C3E615
:10BDF000284A13681B931B9BDF07FAD5234B2E4958
:10BE0000244A196013681C931C9BDD07FAD51F4B4D
:10BE10002A49204A196013681D931D9BD807FAD53B
:10BE20001A4B27491B4A196013681E931E9BD9079A
:10BE3000FAD5164B234A1A604FF0FF379CE6154A95
:10BE400013681793179BDD07FAD5104B1649114A53
:10BE5000196013681893189BD807FAD50B4B134930
:10BE60000C4A196013681993199BD907FAD5074B27
:10BE70000F49084A196013681A931A9BDB07FAD511
:10BE8000024B0C4A1A60002776E600BF80B00250D1
:10BE9000C0D32029B0B002504007364940073E4980
:10BEA0000007324900063A49000532494005364943
:10BEB00080053A49C0053E490005424940054649CA
:10BEC00080054A49C0054E492DE9F04F0D4687B01F
:10BED00004461146284600929846FEF71BFAD4F80D
:10BEE000BC32009904F1D80A1F3306465B0952465A
:10BEF0002846FEF757F9002E70D001286ED0D4E9FD
:10BF0000AEB0394B584593F91A2093F91CC00092F2
:10BF10004FF0200793F91B2093F91D30059738BF88
:10BF2000584605A90192CDF808C0039300F002FC21
:10BF3000074618B1384607B0BDE8F08F2B490BF122
:10BF40001F094FEA59194B46C1F800B0224601219A
:10BF500000F030FD0121084604F5DC72052300F0F5
:10BF600029FD4B4604F1480201210B2000F022FD7F
:10BF7000D4F8BC329DF808409DF800001F335246AB
:10BF80005B099DF80CA0012100F014FD42464B46D0
:10BF90002046012100F00EFD109A4B46504601212B
:10BFA00000F008FD06F11F035B099DF804002A4616
:10BFB000012100F0FFFCFFF749FD11982246494698
:10BFC00000F0CCFC12985246494600F0C7FC059898
:10BFD00000F09AFC384607B0BDE8F08F044F3846B1
:10BFE00007B0BDE8F08F00BF581D040090B00250AC
:10BFF0003008F10038B5224B224A0121054619606C
:10C000001368002BFCD1204A1368002BFCD11F4A77
:10C010001368002BFCD11E4A1368002BFCD11D4B6A
:10C020001C68002CFCD14FF0FF30FEF793FE2B6A0A
:10C0300023F00403032B184B18680CBF20F04000BA
:10C0400020F08000FEF78CFE144B00221A602B6A51
:10C0500023F00402032A18BF6C6A114A4FEA8303D3
:10C0600018BF04F0010403F01C031C4314602B6A86
:10C07000072B02D10B4B01221A60002038BD00BFF4
:10C0800000B9025070B4025020BD025020BC0250D2
:10C0900038BD025038BC025004BA0250BCB4025041
:10C0A000C0B402507CB40250002800F0BF80F8B544
:10C0B0001D46436B0E4617460446002B35D0012B18
:10C0C00002D1B5F5803F33D265484FF0FF31FEF71E
:10C0D00011FE002857D10020FEF75CFE00284ED14B
:10C0E000604B01221A60236A032B28DC002B28DA1C
:10C0F0005D4A1368002BFCD15A4A1360236A23F06F
:10C100000403032B594B18680CBF40F0400040F06B
:10C110008000FEF725FE0120FEF73CFE002836D108
:10C120004F48FEF701FE28B9F8BDB5F5805FCBD3C7
:10C130004F48F8BD4F48FEF78BFD0020F8BD072B98
:10C14000D6D1636A012BD3D8636B012BD0D8A36BF4
:10C15000012BCDD82046FFF74DFF0028C8D1A36A98
:10C16000012B6CD033F0020263D0236A5A1E062AD8
:10C170001BD8DFE802F0104B101A1A1A10003E48C4
:10C18000FEF766FDACE73D48FEF762FDA3E73C48DD
:10C19000FEF75EFDC4E73B4B22681A6062685A6096
:10C1A000A2689A60E268DA60236A23F00403032B32
:10C1B00031D0A36B012B4CD0334A344B1760202075
:10C1C0001D60636B012B2CD0314A324B16601D6011
:10C1D000FEF7CCFD244A1368002BFCD1236A013BF7
:10C1E000062B10D8DFE803F00414040F0F0F04002F
:10C1F000244A294B126822601A6862605A68A26059
:10C2000008331B68E3600123236371E7234BC3E713
:10C21000224A234BEEE7636B012B01D01020D3E7BA
:10C220004020204A204B16601D60D1E74FF471007A
:10C2300070471E491E4A0B600123136095E71D4B92
:10C2400022691A6062695A60A2699A60E269DA60DA
:10C250008BE7194A194B176080201D60B1E700BFBA
:10C26000A496002010B8025010B9025004BA02502F
:10C270000500F1003C1B0400541B0400241B0400B7
:10C28000741B040040B4025030BD025034BD025053
:10C2900030BC025034BC025044B4025060B402506E
:10C2A00064B4025028BC02502CBC025038BA025070
:10C2B00078B4025000B4025028BD02502CBD025088
:10C2C0002DE9F041002800F081801D46036A072B0C
:10C2D0000F46044616D055B9032B0FD1036B6BB92B
:10C2E000C0E90F55C0E9115500F13C0710252B4658
:10C2F00039462046BDE8F041FFF7D6BE2E4630460F
:10C30000BDE8F081436B002B37D1B5F5805F39D2A2
:10C3100015B9236B002B35D167484FF0FF31FEF77D
:10C32000E9FC002840F097800020FEF733FD00284C
:10C3300040F09980614B01221A60236A032B23DCB1
:10C34000002B23DA5E4E5F4A1368002BFCD15B4959
:10C350005D4A0B60106840F04000FEF701FD0120CF
:10C36000FEF718FD00287AD15348FEF7DDFC0028BF
:10C37000C5D05648FEF76CFCC1E7012BC8D1B5F516
:10C38000803FC5D3524EBAE7072BDBD1636A012B3E
:10C3900078D8636B012B57D8A36B012B00F28480F4
:10C3A0002046FFF727FE06460028CCD1A36A012BC2
:10C3B0006AD033F0020271D0236A013B062B13D8F6
:10C3C000DFE803F009440912121209004FF4710664
:10C3D0003046BDE8F0813F4B22681A6062685A60BF
:10C3E000A2689A60E268DA603B493C4A01230B602C
:10C3F0001560002D3BD1226B0AB9394A1360314BCD
:10C400001E68002EFCD1236A013B062B9BD801A29B
:10C4100052F823F031C4030051C4030031C40300B7
:10C4200047C3030047C3030047C3030031C40300ED
:10C43000284A2C4B126822601A6862605A68A2600F
:10C4400008331B68E3607EE7274E7CE7274BC3E792
:10C45000264A274BEEE72748FEF7FAFB64E7264813
:10C46000FEF7F6FB80E72548FEF7F2FB62E7636B19
:10C47000012B1BD0224A234B176010201D60FEF7B2
:10C4800075FCBCE7204E5EE7204B22691A606269AA
:10C490005A60A2699A60E269DA608DE71C491D4A18
:10C4A0000B600123136087E71B4E4CE71B4A1C4BB4
:10C4B000176040201D60E2E7A496002010B80250EB
:10C4C0000100F10010B9025004BA02503C1B0400F4
:10C4D0000500F10040B402507CB40250BCB40250DC
:10C4E00024B5025044B402500300F10060B402507D
:10C4F00064B40250241B0400741B0400541B040089
:10C5000030BC025034BC02500200F10000B40250B2
:10C5100038BA025078B402500400F10028BC02502E
:10C520002CBC025030B4214A84B013680093009BA5
:10C53000DC07FAD500F1A05303F52C439B001B4AFE
:10C54000186813680193019BD907FAD5184B1A682C
:10C5500012F11F0348BF02F13E035B11591E0FD4B5
:10C56000124A144D144C13680393039BDB07FAD54E
:10C570000B182B6023680293029B2BB90139F2D26E
:10C58000580104B030BC704701314801A0F12001CE
:10C590004FF0004202E001388142F2D013424FEAEC
:10C5A0005202F8D004B030BC704700BFB4B00250A3
:10C5B000ACB00250E4B00250DCB0025070B41C6861
:10C5C00085B001F01F0644B91E2E06D01068F04059
:10C5D00000F0030005B070BC70470F4D2C6801944B
:10C5E000019CE407FAD500F1A05404F52C44A40002
:10C5F000094D20682C680394039CE407FAD5074C86
:10C6000000EB6111064821600168029102991160F6
:10C6100000211960DAE700BFB4B00250E4B0025064
:10C62000DCB00250A0F12003B3F5426F61D8F0B442
:10C630008F2882B053D900F11F035B095B013F33A0
:10C640009B09013311B18B4255D80B46DC004FF4E6
:10C650008051B1FBF4F1202928BF202102B11160E3
:10C66000264C274D0126002226600239144603FA83
:10C6700006F640F6FC778C4204F10104B6BF2A604E
:10C680002F6092191E2C05F10405F4D11D4C1E4D8E
:10C69000226032442A6000F13F011C4A1C4DDFF841
:10C6A00090C0E56021F03F0110604031194F1A4EF3
:10C6B0001A4D1B48CCF800109B011A493B603360AF
:10C6C0002B60E3620360D3610A680192019AD2078A
:10C6D000FAD5154A0020136002B0F0BC704700F193
:10C6E000470400F16603E4064FEA5313A6D0013372
:10C6F000A4E70E4870470D48EEE700BF1CB8025093
:10C7000000B0025078B002507CB0025090B002509D
:10C7100020F80F0098B002509CB00250A0B0025018
:10C72000A8B00250B4B00250ACB002502221F000C8
:10C7300094B0025038B504460D4619484FF0FF3109
:10C74000FEF7D8FA60B90020FEF724FB80B9204636
:10C750002A460021FFF766FF0446A0B9204638BDEF
:10C760001048FEF775FA0020FEF714FB0028EED003
:10C770000D48FEF76DFA20462A460021FFF752FFCA
:10C7800004460028EAD00120FEF704FB20B9044843
:10C79000FEF7CAFA204638BD0448FEF759FAF6E714
:10C7A00094960020241B0400541B0400741B0400F6
:10C7B0002DE9F0434E4C89B023680193019BDD07BE
:10C7C000FAD54C4B13449B000A181D681E2A05F12C
:10C7D0001F0588BF1E224FEA551502FB05F288BFD0
:10C7E000C0F11E01B2F5806F04D94FF48061B1FB36
:10C7F000F5F1091A002976DD00F1A05000F52C4072
:10C8000005F1010E4FF0000C394ADFF8F4803A4C84
:10C8100087002EF00106604613680293029BDB0737
:10C82000FAD5D7F8009013680393039BDB07FAD57A
:10C83000C8F80090002355B101339D422060FBD120
:10C84000AE4204D92B4601339E422060FBD10CF14D
:10C85000010C614507F10407DED1254A13680493F2
:10C86000049BDC07FAD5254B214A19681368059308
:10C87000059BD807FAD5224B19607DB100231E49CC
:10C880001A4601339D420A60FBD1AE4206D91A49CD
:10C890002B46002201339E420A60FBD1144A1368E2
:10C8A0000693069BD907FAD5164B114A19681368E7
:10C8B0000793079BDB07FAD5114B196035B10023AD
:10C8C0000D491A4601339D420A60FBD1AE4207D999
:10C8D000094A002301E00EF1010E76451360FAD1FA
:10C8E00009B0BDE8F08305F1010E2EF00106B4E7B2
:10C8F000B4B0025024AC0014D8B002507CB0025046
:10C90000D4B0025078B0025008B558B90F4B00228D
:10C910001A600120FEF73EFA98B90D48FEF704FAB6
:10C9200050B908BD202801464FF0070228BF20213A
:10C930000020FFF73DFFE9E7BDE808400548FEF7A6
:10C9400087B90548FEF784F9E7E700BF1CB8025035
:10C95000949600203C1B0400741B040010B4124C7D
:10C9600085B023680193019BDB07FAD502F1A05241
:10C9700002F52C4293000C4A1C6813680393039B36
:10C98000DB07FAD5094B1C6051B10438084A00EBAB
:10C99000810113680293029B40F8043F8842F8D15A
:10C9A00005B05DF8044B7047B4B00250E4B00250DB
:10C9B000DCB0025070B42F4D85B02C680094009C00
:10C9C000E407FAD500F1A05000F52C408000294C76
:10C9D0000568206801900198C607FAD52648012607
:10C9E00005609BB1043A254E02EB830452F8040F14
:10C9F0003060A242FAD15E1C26F00102934205D2B9
:10CA00001E4C0020013393422060FBD1194A26F0CE
:10CA1000010013680293029BDC07FAD5184B0B4404
:10CA20009B001B681F33B0EB531F4FEA53121DD2FC
:10CA300010490B680393039BDB07FAD50E4B0544A3
:10CA4000121A1D6012D000230C481946013393427C
:10CA50000160FBD15A1C22F00101994206D9074816
:10CA6000002300E001328A420360FBD105B070BCB4
:10CA7000704700BFB4B00250D4B00250D8B00250DA
:10CA800024AC0014F8B5069E002E33D001292FD80F
:10CA9000012B31D81C4C074600251C482560046832
:10CAA000002CFCD11A4D2C68002CFCD1194D2C689F
:10CAB000002CFCD1184D2C68002CFCD1174D2C6893
:10CAC000002CFCD1012B19D01548164B02602020F8
:10CAD0001E6001290BBF144B144B154A154A1760F1
:10CAE0001E60FEF743F9144B18680028FCD1F8BD0E
:10CAF0001248F8BD1248F8BD1248F8BD1248134B51
:10CB0000026080201E60E4E700B9025070B4025059
:10CB100020BD025020BC025038BD025038BC02502B
:10CB200030BD025034BD02502CBC025034BC025007
:10CB300028BC025030BC025010B902500200F40070
:10CB40000100F4000300F40028BD02502CBD025087
:10CB50002DE9F043644A93B013680093009BD90712
:10CB6000FAD5624B6249634A196013680193019BCD
:10CB7000DB07FAD5604B1B68DF0400F1AF805A4A2F
:10CB800013680293029BDE07FAD5584B5B49594A5A
:10CB9000196013680393039BDD07FAD5564B1B6896
:10CBA000DC0400F18580534B554E4F494F4FDFF861
:10CBB0006CC14FF00109DFF868E1524D00241A689A
:10CBC0000492049AD007FAD530681A680692069A39
:10CBD000D207FAD5CEF800002A680592059A12B954
:10CBE0005DE052080134D007FBD514F01F0568D171
:10CBF0001D680995099DE807FAD5434DD5F80080D1
:10CC00001D680B950B9DED07FAD5DFF814E13D4D3E
:10CC1000CEF800802D680A95E0070A9D05D505F03D
:10CC20000704032C4AD0052C48D002F00302032A43
:10CC300005D105F00305032D08BFC9F100090A68F5
:10CC40000C920C9AD407FAD5304A3A600A680D92D1
:10CC50000D9AD007FAD52E4A3A600A680E920E9ABB
:10CC6000D207FAD52B4A3A600A680F920F9AD50775
:10CC7000FAD5294A3A600A681092109AD407FAD570
:10CC80001B4A3A601A681192119AD007FAD51A4ACB
:10CC90001268D2048FD5484613B0BDE8F0830A6805
:10CCA0000792079AD207FAD5C7F800C0203486E762
:10CCB0004FF00109484613B0BDE8F083C9F10009FF
:10CCC000B3E7DFF860E0013D4EEA053E0D680895E8
:10CCD000089DED07FAD5C7F800E089E74FF0000995
:10CCE000484613B0BDE8F083B0B0025080B00250A7
:10CCF00000082A51B4B0025088B0025000182A51DE
:10CD000028B00250DCB002502CB0025000032A4977
:10CD100080022E49C0C228A1C002324980F2296196
:10CD2000E4B00250800228612DE9F047894ABAB088
:10CD300013680093009BD807FAD5874B8749884A28
:10CD4000196013680193019BD907FAD5854B1B68BD
:10CD5000DB0400F19181824A13680393039BDE0791
:10CD6000FAD5814B7E4A196813680593059BDD0748
:10CD7000FAD57E4A7E4B11601B680493049F07F02E
:10CD80000303032B00F0748207F00703052B714A9D
:10CD900000F0278113681993199BDC07FAD56E4BB5
:10CDA00074496C4A196013681A931A9BD807FAD50C
:10CDB000694B714A1A60FFF7CBFE013000F01D820B
:10CDC000644A13681B931B9BD907FAD562486B4BC7
:10CDD0000360013F40F071825E49DFF8D0C1604BD3
:10CDE000674E624D624CB8460A681C921C9AD20784
:10CDF000FAD5C0F800C008F120081A681D921D9AE3
:10CE0000D707FAD537681A681F921F9AD207FAD542
:10CE10002F6022681E921E9F002FE5D017F001039D
:10CE200011D17F08FE07194603F10103F9D54948DE
:10CE300002682092209AD507FAD5524A464842EA1B
:10CE4000013198440160434A13682193219BDC0718
:10CE5000FAD5414B4C493F4A196013682293229BF3
:10CE6000D807FAD53C4B494A3A4CDFF84491484E32
:10CE7000414D1A609A4623682393239BD907FAD51C
:10CE8000CAF8009023682493249BDA07FAD5CAF8DD
:10CE9000006023682593259BDB07FAD5CAF800506C
:10CEA000FFF756FE0130E6D12A4A13682693269BE7
:10CEB000DC07FAD5284B3749264A196013682793AF
:10CEC000279BD807FAD5244B3349224A19601368A7
:10CED0002893289BD907FAD51F4B2A491D4A196068
:10CEE00013682993299BDB07FAD51B4B2B49194A59
:10CEF000196013682A932A9BDE07FAD5164B284936
:10CF0000144A196013682B932B9BDD07FAD512483E
:10CF1000244A104BDFF89C90DFF89CE0224EDFF8AB
:10CF20009CC002601A682C922C9AD407FAD5C0F8DB
:10CF300000901A682D922D9AD107FAD50849094D0B
:10CF4000C0F800E000241A682E922E9AD207FAD573
:10CF5000066035E0B0B0025080B0025000081251B7
:10CF6000B4B0025088B0025000B00250E4B0025099
:10CF7000DCB0025080021249C0020249C0100229EE
:10CF80000CB00250C0000C61C0011E41C0111E490E
:10CF900080021E49C0311C98C0100E21C03010986C
:10CFA00040021249809184A800182651C0F00D61FA
:10CFB000C0111E2140320C8840622488409224888F
:10CFC0000A682F922F9AD207FAD52A68D20460D421
:10CFD00001341A683092309AD207FAD5C0F800C0EE
:10CFE000B1E713680993099BDB07FAD5854B86499E
:10CFF000864A196013680A930A9BDF07FAD5814BAA
:10D000008349824A196013680B930B9BDE07FAD59C
:10D010007C4B80497D4A196013680C930C9BDD079B
:10D02000FAD5784B7C497D4A196013680D930D9BA6
:10D03000DC07FAD57A4B754A1B68D80440F1928018
:10D0400013680E930E9BD907FAD56E4B75496F4A3C
:10D05000196013680F930F9BDB07FAD5694B724970
:10D060006A4A196013681093109BDF07FAD5654B65
:10D070006E4A1A60002054E0644A13680293029BCF
:10D08000DF07FAD55F4B6A4A1A6001203AB0BDE863
:10D09000F087002C3FD0A8EB0404012C33D0621E93
:10D0A00002F01F01002A4FF00107B8BF04F11E0271
:10D0B0008F4051111A683292329AD207FAD55D4ADE
:10D0C000564C026022683392339AD507FAD55A4AF1
:10D0D000524C156822683492349AD207FAD5574CCC
:10D0E000574A2944216017601A683592359AD20749
:10D0F000FAD5544A02601A683692369AD507FAD59C
:10D10000514A02600EE71A683192319AD107FAD576
:10D110004E4A026006E707F00303032B40F0C58088
:10D1200001203A4A13683793379BDC07FAD5354B11
:10D130004749364A196013683893389BD907FAD59E
:10D14000304B4449354A196013683993399BDB07E2
:10D15000FAD5334B1B6813F4805F18BF01203AB037
:10D16000BDE8F08713681193119BDE07FAD5254BB4
:10D1700039492A4A196013681293129BDD07FAD5C0
:10D18000274B1B68DC04C3F30030CAD51F4B1A6859
:10D190001392139AD107FAD51A4B304A1B491A60D9
:10D1A0000B681493149BDA07FAD5164B1E4A1749DD
:10D1B0001A600B681593159BDB07FAD5114B284AAB
:10D1C00012491A600B681693169BDF07FAD50D4BB0
:10D1D000244A0E491A600B681793179BDE07FAD58D
:10D1E000084B214A09491A600B681893189BDD0700
:10D1F000FAD5044B1D4A1A603CE700203AB0BDE85E
:10D20000F08700BF80B0025040120229B0B0025037
:10D21000C01124618071109800181A51B4B00250E6
:10D2200088B002508031022180211861C0601098BE
:10D23000C0000E410002224120B00250D4B0025082
:10D24000D8B0025040821C98C0900C88C0700C88E6
:10D2500080310C88004818510098185180510229DB
:10D2600040121071C061249840021071C0901C8857
:10D27000343A13680693069BDC07FAD5104B114924
:10D28000114A196013680793079BD807FAD50C4B0E
:10D290000E490D4A196013680893089BD907FAD5FF
:10D2A000074B0B4A1A6000203BE707F00707052FE2
:10D2B0004FF001003FF435AFE8E64FF00008ADE570
:10D2C00080B00250C0100221B0B0025080110C6139
:10D2D000C0601098F0B595B07D4C1A9E370347EAB0
:10D2E000864747F0045545F0800526680096009E65
:10D2F000F607FAD51B9C764E920142EA0434754A31
:10D3000044F01044156044F4002432680192019AFC
:10D31000D507FAD56F4A6E4E146047EA811747F079
:10D3200010478A0134680294029CE407FAD54FEA58
:10D33000033C4CEA834C674B654C1F604CF0045631
:10D3400046F0800623680393039BDF07FAD5614B01
:10D350005F4C1E6023680493049BDD07FAD55D4B88
:10D360005D4F5E4C5A4E1C6047EA81478C0433681F
:10D370000593059BDB07FAD5564B554E1F604CF0C5
:10D38000104C4CF4807C33680693069BDD07FAD57D
:10D39000504E534D4E4FC6F800C045EA80158601E9
:10D3A0003B680793079BDB07FAD54A4F4D4BDFF8E5
:10D3B00020C13D6043EA003E0703DCF800300893DB
:10D3C000089BDD07F9D5434DDFF828C1C5F800E01B
:10D3D0001C9B30354CEA834E2B680993099BDB0775
:10D3E000FAD53C4B3A4DC3F800E02B680A930A9BF0
:10D3F000DB07FAD5374B3C4DDFF8FCC01D60344DE0
:10D4000046EA0C0C2B680B930B9BDB07FAD5314BD0
:10D410002F4DC3F800C03E4346F0045646F40026A4
:10D420002B680C930C9BDF07FAD52A4D2F4B2E60EF
:10D4300043EA804030352B680D930D9BDE07FAD50B
:10D44000244B234D18602B680E930E9BDB07FAD5F7
:10D45000204B274D1E481D60144344EA013444F01C
:10D4600004550E0303680F930F9BDF07FAD5194B82
:10D4700017481D6044F0104403681093109BDB07AD
:10D48000FAD5144B12481C6003681193119BDF07F7
:10D49000FAD5104B0E481D60164346F0245646F44C
:10D4A000101603681293129BDC07FAD5094B084843
:10D4B0001E600A4342F0484242F4A21203681393EA
:10D4C000139BDB07FAD5034B1A6015B0F0BD00BF04
:10D4D000B0B0025080B0025080200090802008211F
:10D4E00000401021000110218020202980200021EF
:10D4F0004021282900410021024010C830B42D4CA1
:10D5000088B0206800900098C507FAD52A4C2B48AF
:10D510002B4D2560303440EA834523680193019BFD
:10D52000D807FAD5900140EA8240234B214A1D607A
:10D5300040F0104444F4C04413680293029BDB079C
:10D54000FAD51D4B1B4A1C6013680393039BDD0730
:10D55000FAD58B0143EA8141174B1A4D1D60154ADC
:10D5600041F0104545F4C04513680493049BDB0764
:10D57000FAD5114B0F4A1D6013680593059BDD0713
:10D58000FAD50D4B0B4A1C6041F0584113680693C5
:10D59000069BDC07FAD5084B064A196040F0584054
:10D5A00013680793079BDB07FAD5034B186008B095
:10D5B00030BC7047B0B0025080B00250807100980B
:10D5C000C0210229806118902DE9F04385B0002820
:10D5D0004CD00E4600294ED01546002A4DD0002BC7
:10D5E0003FD0D0F8BC22039305F14C0700F5B67389
:10D5F0001F3201F1040905F10408CDE90187009308
:10D600005209494600F592730446FEF75DFC074651
:10D61000A8B94FF43772214606F15000FDF744FBDC
:10D62000174B336021464FF4377205F19400FDF734
:10D630003BFB144B2B60384605B0BDE8F08300245B
:10D640004846346021462C604C22FDF731FB4046B1
:10D6500021469022FDF72CFB0B4F384605B0BDE864
:10D66000F0830A4F384605B0BDE8F083084F3846CE
:10D6700005B0BDE8F083074FDDE7074FDBE700BFEC
:10D68000020000EC010000EC3008F0000508F0009A
:10D690000208F0000308F0000408F000004870479A
:10D6A000A81D04000048704784200400004870470B
:10D6B00060230400004870473C260400004870477F
:10D6C0001829040000487047F42B040000487047F4
:10D6D000D02E040000487047AC3104000048704769
:10D6E00088340400004870476437040000487047DD
:10D6F000403A04000B460146184600F06BBB0000A0
:10D7000081F0004102E000BF83F0004330B54FEAF2
:10D7100041044FEA430594EA050F08BF90EA020F5F
:10D720001FBF54EA000C55EA020C7FEA645C7FEAF2
:10D73000655C00F0E2804FEA5454D4EB5555B8BF15
:10D740006D420CDD2C4480EA020281EA030382EA86
:10D75000000083EA010180EA020281EA0303362D18
:10D7600088BF30BD11F0004F4FEA01314FF4801CEB
:10D770004CEA113102D0404261EB410113F0004FFD
:10D780004FEA03334CEA133302D0524263EB4303B4
:10D7900094EA050F00F0A780A4F10104D5F1200E52
:10D7A0000DDB02FA0EFC22FA05F2801841F10001AD
:10D7B00003FA0EF2801843FA05F359410EE0A5F181
:10D7C00020050EF1200E012A03FA0EFC28BF4CF0B2
:10D7D000020C43FA05F3C01851EBE37101F0004568
:10D7E00007D54FF0000EDCF1000C7EEB00006EEB75
:10D7F0000101B1F5801F1BD3B1F5001F0CD34908FF
:10D800005FEA30004FEA3C0C04F101044FEA445255
:10D8100012F5800F80F09A80BCF1004F08BF5FEADC
:10D82000500C50F1000041EB045141EA050130BDBC
:10D830005FEA4C0C404141EB0101013C28BFB1F5CE
:10D84000801FE9D291F0000F04BF01460020B1FA19
:10D8500081F308BF2033A3F10B03B3F120020CDAEC
:10D860000C3208DD02F1140CC2F10C0201FA0CF0CA
:10D8700021FA02F10CE002F11402D8BFC2F1200C2F
:10D8800001FA02F120FA0CFCDCBF41EA0C019040E5
:10D89000E41AA2BF01EB0451294330BD6FEA04042E
:10D8A0001F3C1CDA0C340EDC04F11404C4F1200219
:10D8B00020FA04F001FA02F340EA030021FA04F32B
:10D8C00045EA030130BDC4F10C04C4F1200220FA82
:10D8D00002F001FA04F340EA0300294630BD21FAC0
:10D8E00004F0294630BD94F0000F83F4801306BF86
:10D8F00081F480110134013D4EE77FEA645C18BF7A
:10D900007FEA655C29D094EA050F08BF90EA020F10
:10D9100005D054EA000C04BF1946104630BD91EA08
:10D92000030F1EBF0021002030BD5FEA545C05D10B
:10D930004000494128BF41F0004130BD14F580044A
:10D940003CBF01F5801130BD01F0004545F0FE41BE
:10D9500041F470014FF0000030BD7FEA645C1ABFF3
:10D96000194610467FEA655C1CBF0B46024650EA2A
:10D97000013406BF52EA033591EA030F41F4002156
:10D9800030BD00BF90F0000F04BF0021704730B5DC
:10D990004FF4806404F132044FF000054FF00001B1
:10D9A00050E700BF90F0000F04BF0021704730B572
:10D9B0004FF4806404F1320410F0004548BF404247
:10D9C0004FF000013EE700BF42004FEAE2014FEA9C
:10D9D00031014FEA02701FBF12F07F4393F07F4F77
:10D9E00081F06051704732F07F4208BF704793F07A
:10D9F0007F4F04BF41F40021704730B54FF460748D
:10DA000001F0004521F000411CE700BF50EA01028F
:10DA100008BF704730B54FF000050AE050EA010238
:10DA200008BF704730B511F0004502D5404261EBA8
:10DA300041014FF4806404F132045FEA915C3FF4E9
:10DA4000D8AE4FF003025FEADC0C18BF03325FEA86
:10DA5000DC0C18BF033202EBDC02C2F1200300FA37
:10DA600003FC20FA02F001FA03FE40EA0E0021FA5C
:10DA700002F11444BDE600BF53B94AB9002908BFFA
:10DA800000281CBF4FF0FF314FF0FF3000F082B98B
:10DA9000ADF1080C6DE904CE00F01AF8DDF804E0F1
:10DAA000DDE9022304B07047430803F05533C01A80
:10DAB000830803F0333300F03330184400EB1010C8
:10DAC00000F00F3000EB002000EB0040000E70472C
:10DAD0002DE9F047089D04468C46002B40F08380DA
:10DAE0008A42174647D9B2FA82F242B1C2F1200007
:10DAF00024FA00F09140974040EA010C94404FEA2C
:10DB00001748230CBCFBF8F61FFA87FE08FB16C16A
:10DB100043EA014306FB0EF1994209D9FB1806F1CD
:10DB2000FF3080F01981994240F21681023E3B4459
:10DB30005B1AA4B2B3FBF8F008FB103344EA0344C9
:10DB400000FB0EFEA64509D93C1900F1FF3380F019
:10DB50000581A64540F2028102383C4440EA064075
:10DB6000A4EB0E0400261DB1D4400023C5E90043F8
:10DB70003146BDE8F08702B9FFDEB2FA82F2002A30
:10DB800050D1CB1B4FEA174E1FFA87F80126B3FB83
:10DB9000FEFC210C0EFB1C3341EA034108FB0CF395
:10DBA0008B4207D979180CF1FF3002D28B4200F278
:10DBB000E9808446C91AA3B2B1FBFEF00EFB101136
:10DBC00043EA014408FB00F8A04507D93C1900F1DD
:10DBD000FF3302D2A04500F2D9801846A4EB080416
:10DBE00040EA0C40BFE78B4209D9002D00F0B1801C
:10DBF0000026C5E9000130463146BDE8F087B3FA9A
:10DC000083F6002E4AD18B4202D3824200F2B880C2
:10DC1000841A61EB030101208C46002DA8D0C5E9D0
:10DC2000004CA5E7C2F1200320FA03F6974001FA61
:10DC300002F04FEA174ED9403043030CB1FBFEF619
:10DC40001FFA87F80EFB161143EA014306FB08F1A1
:10DC5000994204FA02F409D9FB1806F1FF3C80F05E
:10DC60008D80994240F28A80023E3B445B1A81B229
:10DC7000B3FBFEF00EFB103341EA034100FB08F357
:10DC80008B4207D9791800F1FF3C73D28B4271D9CE
:10DC900002383944CB1A40EA064678E7C6F1200C30
:10DCA00003FA06F422FA0CF31C4320FA0CF701FAEB
:10DCB00006F34FEA144E21FA0CF11F433B0CB1FB63
:10DCC000FEF91FFA84F80EFB191143EA014109FB22
:10DCD00008FA8A4502FA06F200FA06F308D9611832
:10DCE00009F1FF3048D28A4546D9A9F102092144F9
:10DCF000A1EB0A01BFB2B1FBFEF00EFB101147EA27
:10DD0000014700FB08F8B84507D9E71900F1FF31D2
:10DD10002ED2B8452CD90238274440EA0940A7EB57
:10DD20000807A0FB02894F45C64649461AD317D0BB
:10DD30005DB1B3EB0E0267EB010707FA0CFCF24092
:10DD40004CEA0202F740C5E9002700263146BDE84B
:10DD5000F0872E4628460BE70646E9E61846FDE61C
:10DD60004345E5D2B8EB020E69EB04010138DFE769
:10DD70000846D2E760468DE78146B9E7664675E713
:10DD800030464AE7ACF1020C394413E702383C4410
:10DD900024E700BF704700BF1FB514461A46094B61
:10DDA0001B680546D8684CB1074B0091CDE901349A
:10DDB00006492B4600F036F801F022F9044B1C46C8
:10DDC000F3E700BF706100201C3D0400293D040002
:10DDD000573D040010B5054C13462CB10A460146C8
:10DDE0000220AFF3008010BD2046FCE700000000D9
:10DDF000014B1868704700BF7061002008B5074BE1
:10DE0000044613B10021AFF30080054B1868836A04
:10DE100003B19847204603F0A9FA00BF00000000B4
:10DE2000583D04000EB403B5014603AB054853F852
:10DE3000042B0068019300F04DF902B05DF804EB8B
:10DE400003B070477061002070B50D4D0D4C641B20
:10DE5000A4100026A64209D10B4D0C4C03F088FA01
:10DE6000641BA4100026A64205D170BD55F8043BE2
:10DE700098470136EEE755F8043B98470136F2E73C
:10DE80004063002040630020406300205C6300206A
:10DE9000024B0146186800F099B800BF706100207D
:10DEA000024B0146186800F041B800BF70610020C5
:10DEB00030B501390024A24201D1002005E0035D04
:10DEC00001340D5DAB42F6D0581B30BD0A4491427F
:10DED00000F1FF3300D1704710B511F8014B03F882
:10DEE000014F9142F9D110BD884210B501EB0204F7
:10DEF00002D98442234607D8431EA14208D011F814
:10DF0000012B03F8012FF8E7024401468A4200D1B1
:10DF100010BD13F8014D02F8014DF7E70244034626
:10DF2000934200D1704703F8011BF9E737B5002988
:10DF300048D051F8043C0190002BA1F10404B8BF73
:10DF4000E41802F055F9204A01981368154633B9D0
:10DF50006360146003B0BDE8304002F04FB9A342E3
:10DF60000BD921686218934204BF1A685B6863602A
:10DF700004BF521822602C60ECE71A465B680BB1B4
:10DF8000A342FAD911685518A5420BD1246821443F
:10DF90005418A3421160DDD11C685B6853602144B2
:10DFA0001160D7E702D90C230360D3E72568611914
:10DFB0008B4204BF19685B68636004BF4919216024
:10DFC0005460C7E703B030BDFC930020F8B5CD1C0A
:10DFD00025F0030508350C2D38BF0C25002D06460D
:10DFE00001DBA94203D90C2333600020F8BD02F005
:10DFF000FFF821490A6814469CB9204F3B6823B9B1
:10E000002146304600F008FE38602946304600F0D0
:10E0100003FE431C23D10C233360304602F0EEF89C
:10E02000E3E723685B1B17D40B2B03D923601C4445
:10E03000256004E06368A2420CBF0B605360304669
:10E0400002F0DCF804F10B00231D20F00700C21AD7
:10E05000CCD01B1AA350C9E722466468CCE7C41C85
:10E0600024F00304A042E3D0211A304600F0D4FD8E
:10E070000130DDD1CFE700BFFC93002000940020E9
:10E080009368013B002B10B4936008DA9469A342B3
:10E0900001DB0A2903D15DF8044B00F0F1BE1368DF
:10E0A000581C1060197008465DF8044B7047F8B5AD
:10E0B00006460F461446D518AC4201D1002007E0B1
:10E0C00014F8011B3A463046FFF7DAFF431CF3D140
:10E0D000F8BD00002DE9F04F0D469DB0144698465E
:10E0E000064618B183690BB901F016FF894B9D42B2
:10E0F0001BD175686B6ED90705D4AB899A0502D41C
:10E10000A86D01F0ACFFAB891B0701D52B69EBB9FA
:10E110002946304600F006FFC0B16B6EDC070ED515
:10E120004FF0FF301DB0BDE8F08F7B4B9D4201D119
:10E13000B568DFE7794B9D4208BFF568DAE7AB8940
:10E140009805EDD4A86D01F08BFFE9E70023099352
:10E1500020238DF82930CDF80C803023DFF8C081E2
:10E160008DF82A304FF0010923469A4613F8012B07
:10E170000AB1252AF9D1BAEB040B0BD05B46224633
:10E1800029463046FFF793FF013000F0AA80099A34
:10E190005A4409929AF80030002B00F0A280002324
:10E1A0004FF0FF32CDE905230AF1010A04930793EA
:10E1B0008DF853301A935446052214F8011B584821
:10E1C00001F0C6FF049AD8B9D10644BF20238DF8C8
:10E1D0005330130744BF2B238DF853309AF8003087
:10E1E0002A2B15D0079A544600204FF00A0C2146DE
:10E1F00011F8013B303B092B4ED9B0B1079214E026
:10E20000A0EB080309FA03F313430493A246D2E7F1
:10E21000039B191D1B680391002BBBBF5B4242F09F
:10E22000020207930793B8BF049223782E2B0CD1D8
:10E2300063782A2B35D1039B1A1D1B680392002B90
:10E24000B8BF4FF0FF3302340593DFF8E4A0217824
:10E250000322504601F07CFF40B14023A0EB0A00AE
:10E2600003FA00F0049B03430134049314F8011BE8
:10E270002C488DF82810062201F06AFF00283FD0B4
:10E28000294B1BBB039B073323F00703083303937E
:10E29000099B3B44099367E70CFB02320C460120C3
:10E2A000A5E700230134059319464FF00A0C2046D8
:10E2B00010F8012B303A092A03D9002BC5D005915B
:10E2C000C3E70CFB012104460123F0E703AB0093F5
:10E2D0002A46164B04A9304600F0CCF80746781CB5
:10E2E000D6D16B6ED90705D4AB899A0502D4A86D37
:10E2F00001F0B6FEAB895B063FF512AF099811E756
:10E3000003AB00932A46094B04A9304600F056FBA4
:10E31000E4E700BFD03E0400F03E0400B03E04003D
:10E320005C3D0400663D040075E40300AFE00300BB
:10E33000623D04002DE9FF4755EC104B002D0E46C1
:10E3400019462B46BBBF05F100431D4600232D2374
:10E350000B700D9BDDF830A0914623F02008BCBF68
:10E3600022461446B8F1460F05D0B8F1450F00D14A
:10E370000136022100E0032103AB019302AB0093BD
:10E3800045EC104B5346324600F0CEFEB8F1470F35
:10E39000074602D119F0010F22D0B8F1460F07EB62
:10E3A000060910D13B78302B0AD1002200232046E9
:10E3B000294602F033FF18B9C6F10106CAF8006019
:10E3C000DAF800309944002200232046294602F062
:10E3D00025FF08B1CDF80C903022039B4B4507D3A5
:10E3E000039B0E9ADB1B3846136004B0BDE8F08730
:10E3F000591C03911A70F0E7F7B503460029B8BF1E
:10E40000494203F8022BB4BF2D222B220929427066
:10E410002ADD0DF10704A4460A27A6460A4691FB09
:10E42000F7F607FB16153035632A04F1FF340EF8B2
:10E43000015C3146F1DC3031AEF1020504F8011C1B
:10E44000441C294661450AD30DF10902A2EB0E02D4
:10E45000654588BF00221344181A03B0F0BD11F8B7
:10E46000012B04F8012FEDE7302330318370C170A8
:10E47000031DF1E72DE9F04F2DED028B8DB00C4619
:10E48000DDF8608016461F46054601F0E3FDD0F832
:10E4900000A0504600F02FFC00230A932368059348
:10E4A000D8F8003094F818B0073323F0070303F1CD
:10E4B0000802C8F80020D3E90023C4E91223D4E9F4
:10E4C000128929F000430793CDF8188008EE100A4E
:10E4D0009F4BDDE906014FF0FF3202F0D1FE88BB11
:10E4E000DDE906019A4B4FF0FF3202F0ABFE48BB6C
:10E4F000002200234046494602F09AFE10B12D2327
:10E5000084F84330934B9448BBF1470F94BF98462F
:10E51000804603232361059B23F0040222604FF011
:10E520000009009733460BAA2146284600F0D8F987
:10E53000013040F090804FF0FF300DB0BDEC028B09
:10E54000BDE8F08F42464B464046494602F098FEF1
:10E5500040B14B46002BBCBF2D2384F843307F488D
:10E560007F4BD1E763680BF0DF0206925A1C3FD164
:10E5700006236360059B616843F480620023039374
:10E580000AABCDE901B309AB49EC108B00932260D3
:10E590000DF123032846FFF7CDFE069B0999472B73
:10E5A000804608D1C81C02DB6368994241DDABF1AB
:10E5B000020B5FFA8BFBBBF1650F20D801395A467D
:10E5C00004F150000991FFF717FF0A9A1318012A66
:10E5D0008146236102DC2268D20701D50133236121
:10E5E0009DF82330002B9CD02D2384F8433098E7EE
:10E5F000069A472ABED1002BBCD10123B9E7BBF153
:10E60000660F18D1002963680BDD216113B92268F8
:10E61000D00702D501330B442361A1654FF00009F7
:10E62000DEE713B92268D20701D50233F4E70123EC
:10E63000F2E74FF0670B0A9B994205DB23682161E3
:10E64000D807EAD54B1CE7E70029D4BFC1F1020285
:10E6500001221344E0E723685A0507D423694246A0
:10E6600031462846B84701302CD164E7BBF1650F2D
:10E6700040F2E080D4E912010022002302F0CEFD36
:10E68000002834D0374A012331462846B8470130A4
:10E690003FF451AFDDE909239A4202DB2368D80732
:10E6A00010D518EE103A524631462846B847013088
:10E6B0003FF441AF4FF0000804F11A090A9B013BF7
:10E6C000434509DC23689B0700F10581E0680B9B4B
:10E6D0009842B8BF184630E701234A4631462846DB
:10E6E000B84701303FF427AF08F10108E6E7099B7E
:10E6F000002B39DC1B4A012331462846B84701303C
:10E700003FF419AFDDE90923134302D12368D90788
:10E71000D8D518EE103A524631462846B84701304F
:10E720003FF409AF4FF0000904F11A0A099B5B425C
:10E730004B4501DC0A9B92E70123524631462846AD
:10E74000B84701303FF4F7AE09F10109EEE700BF29
:10E75000FFFFEF7F6D3D0400713D0400793D040033
:10E76000753D04007D3D04000A9AA36D9A42A8BF3E
:10E770001A46002A914637DC4FF0000B29EAE97966
:10E7800004F11A02A36D0593A3EB09035B4533DC87
:10E79000DDE909239A423BDB2368DA0738D40A9A79
:10E7A000059B0999D31AA2EB01099945A8BF99467F
:10E7B000B9F1000F35DC4FF0000829EAE97904F1DE
:10E7C0001A0ADDE909239B1AA3EB090343457FF7E6
:10E7D00079AF0123524631462846B84701303FF40D
:10E7E000AAAE08F10108ECE7134631464246284636
:10E7F000B8470130C0D19EE6012331462846059234
:10E80000B84701303FF497AE059A0BF1010BB9E719
:10E8100018EE103A524631462846B8470130BED16C
:10E8200089E6059A4B46424431462846B8470130AE
:10E83000C1D180E60A9A012A01DCDB0738D5012321
:10E84000424631462846B84701303FF474AE18EED0
:10E85000103A524631462846B84701303FF46BAE75
:10E86000D4E912010022002302F0D8FCD8B90A9B97
:10E8700008F10102013B31462846B84701300ED16C
:10E8800059E60123524631462846B84701303FF445
:10E8900052AE08F101080A9B013B4345F1DC4B46AF
:10E8A00004F15002DCE64FF0000804F11A0AF2E726
:10E8B00001234246DFE701234A4631462846B8474E
:10E8C00001303FF438AE08F10108E3680B995B1A98
:10E8D0004345F0DCFAE64FF0000804F11909F4E7CB
:10E8E0002DE9F047164699468A680B69DDF82080C5
:10E8F0009342B8BF1346336091F8432007460C4655
:10E900000AB1013333602368990642BF336802338A
:10E910003360256815F0060506D104F1190AE3688D
:10E9200032689B1AAB4226DC94F84320131E2268FF
:10E9300018BF012392062BD404F1430249463846FE
:10E94000C04701301ED02368E568326803F0060333
:10E95000042B08BFAD1AA36822690CBF25EAE57530
:10E9600000259342C4BF9B1AED1800261A34B54205
:10E970001AD1002008E00123524649463846C047D4
:10E98000013003D14FF0FF30BDE8F0870135C6E715
:10E99000E1185A1C302081F84300224494F84510B5
:10E9A00082F843100233C7E701232246494638461E
:10E9B000C0470130E6D00136D9E700002DE9FF4716
:10E9C0000C469146277E0C99782F80469A4604F192
:10E9D000430207D8622F0AD8002F00F0D880582FA2
:10E9E00000F0A38004F1420684F842703AE0A7F1F7
:10E9F0006303152BF6D801A050F823F055EA030065
:10EA000069EA0300E5E90300E5E90300E5E903003D
:10EA1000E5E9030069EA0300E5E90300E5E903002D
:10EA2000E5E90300E5E9030075EB030099EA03005B
:10EA300057EB0300E5E90300E5E9030097EB03006A
:10EA4000E5E9030099EA0300E5E90300E5E90300CD
:10EA50005FEB03000B681A1D1B680A6004F1420695
:10EA600084F842300123A3E0256808682E0600F1EF
:10EA700004030AD505680B60002D03DA2D236D42CF
:10EA800084F843305E480A2319E015F0400F05680A
:10EA90000B6018BF2DB2EFE70B682568181D0860E2
:10EAA000280601D51D6802E06906FBD51D8854487B
:10EAB0006F2F0CBF08230A23002184F843106668D7
:10EAC000A660002EA2BF216821F0040121600DB9CB
:10EAD000002E4DD01646B5FBF3F103FB1157C75D71
:10EAE00006F8017D2F46BB420D46F4D9082B0BD109
:10EAF0002368DF0708D5236961689942DEBF3023A8
:10EB000006F8013C06F1FF36921B2261CDF800A009
:10EB10004B4603AA21464046FFF7E2FE01304CD1A6
:10EB20004FF0FF3004B0BDE8F087354884F84570F9
:10EB300023680E681F0656F8045B0E6014D5D907CB
:10EB400044BF43F0200323601DB9236823F0200352
:10EB500023601023B0E7236843F020032360782369
:10EB6000284884F84530E3E75E0648BFADB2E6E7E3
:10EB70001646BBE70B68266860691D1D0D603506EB
:10EB80001B6801D5186002E07106FBD518800023D0
:10EB900023611646BAE70B681A1D0A601E68626890
:10EBA0000021304601F0D4FA08B1801B6060636830
:10EBB0002361002384F84330A8E72369324649469D
:10EBC0004046D0470130ABD023689B0713D4E068A0
:10EBD000039B9842B8BF1846A4E701233246494632
:10EBE0004046D04701309BD00135E36803995B1A5A
:10EBF000AB42F2DCEBE7002504F11906F5E700BFB4
:10EC00007F3D0400903D0400024B0A46014618680F
:10EC100001F016BE7061002038B5064D0023044691
:10EC200008462B60F9F792FC431C02D12B6803B114
:10EC3000236038BDB49600200EB400B59CB01DAB67
:10EC4000029006906FF0004109480791049109492C
:10EC500053F8042B05910068019302A901F072FE9C
:10EC6000029B00221A701CB05DF804EB03B07047E1
:10EC7000706100200802FFFF10B5024614781346A9
:10EC80000132002CFAD1013B11F8012B03F8012FBE
:10EC9000002AF9D110BDC9B2034610F8012B1AB1F0
:10ECA0008A42F9D118467047002918BF0023F9E7B6
:10ECB00010F8012B11F8013B012A28BF9A42F7D026
:10ECC000D01A7047034611F8012B03F8012B002AD4
:10ECD000F9D1704770B503461E4613F8014B44B195
:10ECE0004A1E01E0A54204D012F8015F002DF9D1BF
:10ECF000F2E7301A70BD034613F8012B002AFBD14E
:10ED0000181A0138704710B50139034632B111F8AD
:10ED1000014F03F8014B013A002CF7D11A440021AE
:10ED2000934200D110BD03F8011BF9E738B5034643
:10ED30000C4669B9BDE83840FFF7ADBF431C054636
:10ED400021461846FFF7A7FF0028F7D1284638BD0F
:10ED50000025F5E770B503461E4613F8014B3CB19C
:10ED60004A1E01E0A542F7D012F8015F002DF9D14B
:10ED7000301A70BD2DE9F0433B4E86468C46604606
:10ED80001CF8014BA55D15F00805F8D12D2C34D1E8
:10ED90009CF800404FF0010800F1020C002B5ED0FF
:10EDA000102B0CD1302C0AD19CF8000000F0DF00B1
:10EDB00058284FD19CF8014010230CF1020C4FF061
:10EDC000FF370025B7FBF3F703FB07F96FEA0909E3
:10EDD0002846A4F13006092E18D83446A34224DD73
:10EDE000002D1FDB87421DD301D1A1451ADB00FB9B
:10EDF000034001251CF8014BEBE72B2C08BF9CF8C6
:10EE00000040A84608BF00F1020CC7E7A4F1410684
:10EE1000192E01D8373CE1E7A4F16106192E04D878
:10EE2000573CDBE74FF0FF35E4E7002D07DA2223FC
:10EE3000CEF800304FF0FF3042B9BDE8F083B8F1B2
:10EE4000000F00D04042002AF7D00DB10CF1FF3185
:10EE50001160F2E73024002BB1D10823AFE7302C4A
:10EE6000A2D00A23ABE700BFA23D040013460A4626
:10EE7000014602480068FFF77DBF00BF70610020B7
:10EE8000F8B50E461446054618B183690BB901F072
:10EE900043F8214B9C422BD16C68A369A360A389E2
:10EEA0001A072FD523696BB323692068C01A6369D9
:10EEB000F6B28342374604DC2146284600F098FF2C
:10EEC00030BBA368013BA36023685A1C22601E70FC
:10EED00063690130834204D0A389DB0706D50A2E7B
:10EEE00004D12146284600F083FF88B93846F8BD92
:10EEF0000A4B9C4201D1AC68CFE7094B9C4208BF4A
:10EF0000EC68CAE72146284600F00CF80028CBD070
:10EF10004FF0FF37EAE700BFD03E0400F03E0400A8
:10EF2000B03E0400324B70B51D6806460C4625B154
:10EF3000AB6913B9284600F0EFFF2E4B9C420FD16E
:10EF40006C68A389B4F90C2019072CD4DD0611D400
:10EF50000923336042F04003A3814FF0FF303EE0CD
:10EF6000254B9C4201D1AC68EBE7244B9C4208BF87
:10EF7000EC68E6E7580712D5616B41B104F1440330
:10EF8000994202D03046FEF7D1FF00236363A38984
:10EF900023F02403A3810023636023692360A389F2
:10EFA00043F00803A38123694BB9A38903F42073B9
:10EFB000B3F5007F03D02146304601F077F8A089F1
:10EFC000B4F90C2010F001030AD00023A360636998
:10EFD0005B42A361236943B910F08000BAD170BDD0
:10EFE000810758BF6369A360F4E70020F7E700BF1B
:10EFF00070610020D03E0400F03E0400B03E0400EA
:10F0000008B5062001F0C6FD012002F0AFF92DE998
:10F01000F74F03690C69A3420746C0F28180013CA7
:10F0200001F1140800F1140505EB8403019358F86D
:10F03000243055F8242001339A424FEA840B08EB20
:10F040008409B2FBF3F631D34FF0000E4046AC46D4
:10F05000F24650F8042B93B206FB03E34FEA134E3B
:10F060009BB2AAEB0303120CDCF800A006FB02E241
:10F0700013FA8AF34FEA124E1FFA82FADCF80020E4
:10F08000CAEB124202EB23429BB243EA02438145A0
:10F090004CF8043B4FEA224ADBD255F80B302BB92F
:10F0A000019B043B9D421A462ED33C61384601F039
:10F0B000D6FA002824DB013628464FF0000C58F819
:10F0C000042BD0F800E093B2ACEB0303120C13FA5C
:10F0D0008EF3C2EB1E4202EB23429BB243EA024391
:10F0E000C14540F8043B4FEA224CE8D255F82420B1
:10F0F00005EB840322B9043B9D421A460AD33C61C6
:10F10000304603B0BDE8F08F1268043B002ACCD132
:10F11000013CC7E71268043B002AF0D1013CEBE751
:10F120000020EEE7000000002DE9F04F2DED028BEE
:10F1300057EC106B95B0456ADDF880800591CDE9FC
:10F140000267044609920F933DB91020F6F79CFE22
:10F15000C0E9015560620560C560636A196851B114
:10F160005A684A60012393408B60204601F080F882
:10F17000636A00221A603B1EB9BF23F00043039369
:10F180000023C8F80030DDF80C90B74BBCBF01225B
:10F19000C8F8002033EA09031BD10F9A42F20F731B
:10F1A0001360C9F31303334300F07585219B63B9E2
:10F1B000AE4B25E0AE4B00930833219A13600098C4
:10F1C00015B0BDEC028BBDE8F08FA84B0093033364
:10F1D000F3E79DED027B002251EC170B00238DED30
:10F1E0000A7B02F01BF8804660B10F9A012313607E
:10F1F000219B002B00F04C859E4B219A1360013B14
:10F200000093DCE79DED0A0B12AA13A9204601F03A
:10F21000B8FAC9F30A558246002D7ED00B9BCDF873
:10F220004080C3F31303DDE90A6743F07F5747F4D7
:10F230004017A5F2FF35904B002230463946FEF7C5
:10F2400063FA83A3D3E9002301F080FD82A3D3E90D
:10F250000023FEF75BFA064628460F46FEF7A2FBA0
:10F260007FA3D3E9002301F071FD02460B4630462F
:10F270003946FEF74BFA06460F4602F017F8002211
:10F28000814600233046394601F0D2FF48B1484656
:10F29000FEF788FB32463B4601F0C0FF08B909F192
:10F2A000FF39B9F1160F56D8744B03EBC903D3E9F4
:10F2B0000023DDE90A0101F0BBFF00284DD009F170
:10F2C000FF3900230E93129B5D1B6B1E049343BFFB
:10F2D0000023C5F1010804934FF00008B9F1000FB5
:10F2E0003DDB049BCDF834904B44049300230693FC
:10F2F000059B092B00F29A80052BC4BF043B0593A4
:10F30000059BA3F10203CCBF00250125032B00F2CE
:10F310009980DFE803F02C7D7B89DDE912531D44E1
:10F3200005F23243202BC1BFC3F1400305F2124066
:10F3300009FA03F326FA00F0DABFC3F1200306FA54
:10F3400003F01843FEF71EFB01230646A1F1F877F0
:10F35000013D10936FE70123B4E70E90B3E7C9F1C5
:10F36000000306930023A8EB09080D93C0E70023D0
:10F370000893099B002B00F385804FF0010BCDF81B
:10F3800004B05B46CDF824B0666A002272600422A5
:10F3900002F11400984271687AD9204600F034FFD7
:10F3A000636A30601B680093019B0E2B00F2F580AE
:10F3B000002D00F0F280B9F1000F7DDD2F4A09F039
:10F3C0000F0302EBC30393ED007B19F4807F4FEA38
:10F3D0002917B0EE478AF0EE678A5DD0284BDDE949
:10F3E0000A01D3E9082301F0DBFDCDE9020107F0B2
:10F3F0000F070325224E002F50D1DDE9020153EC07
:10F40000182B01F0CDFDCDE902016FE00123AFE73C
:10F4100000230893099B09EB030B0BF10103012B5C
:10F420000193B8BF0123AFE70123F2E701250023D1
:10F43000059308954FF0FF3B0022CDF804B012234E
:10F440000992A1E701230893F4E700BFAFF300801E
:10F4500061436F63A787D23FB3C8608B288AC63FDA
:10F46000FB799F501344D33F0000F07FAB3E040074
:10F47000A23E04007E3D04000000F83F483F040027
:10F48000203F0400DDF824B0CDF804B05B467BE7F4
:10F490000131716052007BE70225ABE7F90708D51F
:10F4A00051EC180BD6E9002301F050FC41EC180B8D
:10F4B00001357F1008369EE700F0AB80C9F10006E9
:10F4C000AA4BAB4F06F00F0203EBC203D3E90023B4
:10F4D000DDE90A0101F03AFCCDE902013611002311
:10F4E0000225002E40F08A80002B8CD10E9B002B31
:10F4F00000F09180DDE902679E4B002230463946DC
:10F5000001F096FE002800F08680019B002B00F0A1
:10F510008280BBF1000F3CDD09F1FF33079300222D
:10F52000954B3046394601F011FCCDE90201013519
:10F53000CDF830B0DDE902672846FEF733FA3246EF
:10F540003B4601F003FC8D4B0022FEF7DFF8A1F1F2
:10F550005073CDE9020103930C9B002B60D1884BC3
:10F56000002230463946FEF7CFF8DDE90223064691
:10F570000F4601F07BFE002840F09982DDE9022170
:10F58000304601F10043394601F052FE002840F0B8
:10F590008B82DDE90A23CDE90223139B002BC0F205
:10F5A0005B81B9F10E0F00F35781704B03EBC90378
:10F5B00093ED007B099BB0EE478AF0EE678A002B43
:10F5C00080F2E280019B002B00F3DE8040F06C8231
:10F5D0006B4B51EC170B002201F0B8FBDDE9022365
:10F5E00001F03AFE019E3746002840F04282009D1D
:10F5F000312305F8013B09F101093EE2F20705D587
:10F60000D7E9002301F0A2FB01350123761008376A
:10F6100067E702256AE7019BCDF81C900C9389E708
:10F6200000990C980C9A514B9DED027B014402917C
:10F630000899B0EE478AF0EE678A03EBC20353E9FC
:10F640000223002945D04F49002001F0A9FC53ECCA
:10F65000182BFEF759F8009D41EC180B394630463F
:10F6600001F024FE0C90FEF79DF902460B46304651
:10F670003946FEF749F80C9B303305F8013B53EC53
:10F68000182B06460F4601F0D3FD002865D13246FF
:10F690003B4638490020FEF737F853EC182B01F0B1
:10F6A000C7FD002840F0B880029B9D423FF471AF37
:10F6B000314B51EC180B002201F048FB2E4B41EC72
:10F6C000180B00223046394601F040FB06460F4633
:10F6D000C4E751EC170B01F039FB029B009D0C9322
:10F6E00041EC180B3946304601F0E0FD1190FEF771
:10F6F00059F902460B4630463946FEF705F8119B8C
:10F70000303305F8013B029B9D4206460F464FF001
:10F71000000225D11B4B51EC180BFDF7F7FF0246F9
:10F720000B463046394601F0A1FD002874D153EC58
:10F73000182B14490020FDF7E7FF02460B46304620
:10F74000394601F075FD00283FF423AF0C9D6B1E78
:10F750000C9315F8013C302BF8D0DDF81C9049E0F3
:10F76000054B01F0F3FA06460F46BBE7483F04009D
:10F77000203F04000000F03F0000244000001C4037
:10F78000000014400000E03FDDE90267009D53ECFB
:10F79000182B3046394601F003FC01F087FD804606
:10F7A000FEF700F953EC182B01F0D0FA02460B4695
:10F7B0003046394608F13006FDF7A6FF05F8016B23
:10F7C000009E019FAE1BB74202460B4637D1FDF7A4
:10F7D0009DFF53EC182B06460F4601F047FDC8B9B4
:10F7E00053EC182B3046394601F018FD10B118F0D3
:10F7F000010F0FD12046514600F03AFD00232B7037
:10F800000F9B09F101001860219B002B3FF4D7AC3E
:10F810001D60D4E4CDF81C902B461D4613F8012D35
:10F82000392A08D1009A9A42F7D1079A00990132F1
:10F83000079230220A701A7801321A708DE79E4BB7
:10F84000002201F083FA0022002306460F4601F051
:10F85000E5FC00289BD0CDE7089A002A00F0C6807E
:10F86000059A012A00F3AA80109A002A00F0A280CB
:10F8700003F23343069E4546049A01211A4420466A
:10F880009844049200F099FD0746002D0BDD049B7F
:10F89000002B08DDAB42049AA8BF2B46A8EB030857
:10F8A000ED1AD31A0493069BFBB1089B002B00F0C2
:10F8B000A180002E11DD39463246204600F022FE9E
:10F8C000524601460746204600F080FD514607900B
:10F8D000204600F0CDFC079B9A46069B9A1B04D05D
:10F8E0005146204600F00EFE82460121204600F0DF
:10F8F00064FD0D9B002B06467EDD1A460146204620
:10F9000000F000FE059B012B064678DD00230693E0
:10F91000336906EB8303186900F0FFFCC0F1200097
:10F92000049B184410F01F0000F08880C0F12003F1
:10F93000042B40F38180C0F11C00049B03448044ED
:10F9400005440493B8F1000F05DD514642462046B8
:10F9500000F026FE8246049B002B05DD31461A4648
:10F96000204600F01DFE06460E9B002B68D0314657
:10F97000504600F074FE002862DA002351460A2245
:10F98000204600F08CFC089B09F1FF398246002BD1
:10F9900000F08881394600230A22204600F07FFCCF
:10F9A000BBF1000F074600F38F80059B022B40F34D
:10F9B0008B804DE0129BC3F136035BE7019B5E1E1B
:10F9C000069BB342BFBF069B0696F21A0D9BB6BFBD
:10F9D0009B189E1B0D93019BB8BF0026002BB5BF43
:10F9E000A8EB0305019B0023454645E7069E089FBB
:10F9F00045464AE7069A73E7059B012B18DC029BF4
:10FA0000B3B9039BC3F31303A3B9039B23F00043D0
:10FA10001B0D1B052BB1049B0133049308F1010856
:10FA2000012306930D9B002B7FF472AF012077E733
:10FA30000023F6E7029BF4E784D018461C307CE7ED
:10FA4000019B002B3ADC059B022B37DDDDF804B06F
:10FA5000BBF1000F0DD131465B460522204600F078
:10FA60001EFC01460646504600F0F9FD00283FF70F
:10FA7000BEAD099B009D6FEA03094FF000083146B7
:10FA8000204600F0F5FB002F3FF4B4AEB8F1000FB4
:10FA900005D0B84503D04146204600F0E9FB394681
:10FAA000204600F0E5FBA5E600263746E1E70C9E80
:10FAB000DDF81C9037469AE500002440089BDDF8ED
:10FAC00004B0002B00F0F580002D05DD39462A46F4
:10FAD000204600F065FD0746069B002B55D079684F
:10FAE000204600F091FB3A6902320546920007F188
:10FAF0000C010C30FEF7EAF901222946204600F0FD
:10FB00004FFD009B01330193009B5B440793029BD5
:10FB100003F00103B84606930746019B3146504661
:10FB200003F1FF3BFFF773FA03463033029041467F
:10FB30005046089300F093FD3A4604903146204623
:10FB400000F0A9FDC268089B054602BB014650466D
:10FB500000F085FD089B024629462046CDE9083283
:10FB600000F086FB059B099A019D43EA0201069B72
:10FB70000B43089B0DD1392B27D0049A002A01DDB5
:10FB8000029B31338BF8003079E73846B9E7012220
:10FB9000E2E70499002904DB059801430698014334
:10FBA00020D1002AEEDD514601222046019300F0CB
:10FBB000F7FC3146824600F052FD0028019B02DC32
:10FBC000E0D1DA07DED5392BDAD139238BF80030D2
:10FBD0002B461D46013B15F8012C392A50D0013225
:10FBE0001A704CE7002A03DD392BEED00133C9E748
:10FBF000019A079902F8013C8A422AD05146002313
:10FC00000A22204600F04BFBB84582464FF0000325
:10FC10004FF00A024146204607D100F040FB8046E3
:10FC20000746019B0133019377E700F038FB394623
:10FC3000804600230A22204600F031FB0746F0E709
:10FC4000BBF1000F009ACCBF5D46012515444FF073
:10FC50000008514601222046019300F0A1FC3146E4
:10FC6000824600F0FCFC0028B2DC02D1019BDB07DD
:10FC7000AED42B461D4613F8012D302AFAD0FEE6ED
:10FC8000009A9A42A5D1312309F101091370F6E6D1
:10FC9000124BFFF7B5BA219B002B7FF48BAA104BB8
:10FCA000FFF7AEBABBF1000F03DC059B022B3FF759
:10FCB000CFAE009D31465046FFF7A9F900F1300361
:10FCC00005F8013B009AAA1A9345B9DD5146002375
:10FCD0000A22204600F0E3FA8246EBE77D3D04006D
:10FCE000A23E04008A892DE9F041054610070C4622
:10FCF00058D44B68002B05DC0B6C002B02DC002079
:10FD0000BDE8F081E66A002EF9D0002312F480529B
:10FD10002F682B6032D0606DA3895A0705D56368C0
:10FD2000C01A636B0BB1236CC01A00230246E66A4B
:10FD3000216A2846B047431CA38906D129681D299A
:10FD40002CD82A4ACA40D60728D500226260D90496
:10FD50002269226004D5421C01D12B6803B9606579
:10FD6000616B2F600029CAD004F14403994202D08C
:10FD70002846FEF7DBF800206063C1E7216A012313
:10FD80002846B047411CC7D12B68002BC4D01D2B7F
:10FD900001D0162B01D12F60B1E7A38943F04003B6
:10FDA000A381ADE70F69002FA9D093070E6808BFA4
:10FDB0004B690F6018BF0023A6EB07088B60B8F1F2
:10FDC000000F9CDD216AA66A43463A462846B047A2
:10FDD000002806DCA38943F04003A3814FF0FF30E5
:10FDE0008EE70744A8EB0008E9E700BF01004020C8
:10FDF00038B50B6905460C4613B90025284638BDB1
:10FE000018B183690BB900F087F8144B9C421BD1E1
:10FE10006C68B4F90C30002BEFD0626ED00704D4BC
:10FE2000990502D4A06D00F01AF928462146FFF783
:10FE300059FF636EDA070546E0D4A3899B05DDD43C
:10FE4000A06D00F00DF9D9E7054B9C4201D1AC68DB
:10FE5000DFE7044B9C4208BFEC68DAE7D03E0400C1
:10FE6000F03E0400B03E0400002310B50446C0E993
:10FE70000033C0E90433836081814366C2818361BA
:10FE8000194608225C30FEF749F8054B6362054BC2
:10FE9000A362054BE362054B2462236310BD00BFE0
:10FEA000CD0B0400EF0B0400270C04004B0C0400E6
:10FEB000014900F0AFB800BFF1FD030070B54A1E64
:10FEC000682555430E4605F17401FEF77FF8044698
:10FED00040B10021C0E900160C30A06005F16802B5
:10FEE000FEF71CF8204670BD014800F0B8B800BF0E
:10FEF000B0960020014800F0B3B800BFB0960020D3
:10FF0000014800F0ACB800BFAB960020014800F0FB
:10FF1000A7B800BFAB96002010B50446FFF7F0FF6E
:10FF2000A3691BB1BDE81040FFF7F0BFC4E912336D
:10FF30002365134B134A1B68A262A34204BF01232B
:10FF4000A361204600F020F86060204600F01CF815
:10FF5000A060204600F018F80022E06004216068EC
:10FF6000FFF782FFA06801220921FFF77DFFE0680B
:10FF700002221221FFF778FF0123A361D2E700BF1D
:10FF8000583D0400B1FE0300F8B50746FFF7ACFF8B
:10FF90001E4B1E68B36913B93046FFF7BDFF4836E4
:10FFA000D6E90134013B03D533680BB33668F7E774
:10FFB000B4F90C50D5B9164BE36004F158006566EE
:10FFC00000F04CF8FFF796FFC4E90155C4E9045569
:10FFD0002560A5610822294604F15C00FDF79EFF1B
:10FFE000C4E90D55C4E912552046F8BD6834D9E777
:10FFF00004213846FFF762FF044630600028D5D15F
:020000024000BC
:10000000FFF778FF0C233B60EEE700BF583D04008C
:100010000100FFFF2DE9F8430646884600F1480439
:100020000027D4E90195B9F1010905D52468002C10
:10003000F7D13846BDE8F883AB89012B07D9B5F96C
:100040000E30013303D029463046C0470743683598
:10005000E9E7000000487047C4620020704770471D
:10006000704770B50E46B1F90E10002996B01446CF
:100070001D4607DA00232B60B3891A0610D44FF40B
:1000800080630EE06A4600F013FE0028F2DB019A5E
:1000900002F47042A2F500535A425A412A60EEE738
:1000A00040230020236016B070BD00008B8973B51B
:1000B0009D0706460C4607D504F1470323602361DC
:1000C0000123636102B070BD01AB6A46FFF7C9FF4F
:1000D000009905463046FDF779FF48B9B4F90C3070
:1000E0009A05EFD423F0030343F00203A381E3E76F
:1000F0000D4BB362A389206043F08003A381009B72
:100100006361019B20615BB1B4F90E10304600F0D1
:10011000E1FD28B1A38923F0030343F00103A38188
:10012000A0890543A581CDE7B1FE030082B001B9E6
:1001300001A942B14BB113780B601278101E18BFA1
:10014000012002B070471046FBE76FF00100F8E7AE
:1001500001F0FF01102A2BDB10F0070F08D010F878
:10016000013B013A8B422DD010F0070F42B3F6D17C
:10017000F0B441EA012141EA014122F007047FF095
:1001800000070023F0E80256083C85EA010586EAEC
:10019000010685FA47F5A3FA87F586FA47F6A5FA28
:1001A00087F68EB9EED1F0BC01F0FF0102F0070234
:1001B00032B110F8013B013A83EA010313B1F8D1DF
:1001C0000020704701387047002D06BF35460338C0
:1001D000073815F0010F07D1013015F4807F02BFF9
:1001E000013015F4C03F0130F0BC0138704700BF4A
:1001F0000148FFF734BF00BFAC9600200148FFF76D
:100200002FBF00BFAC96002070B5466A04460D466D
:100210003EB91020F5F738FEC0E90166606206605D
:10022000C660666AF36883B1636ADB6853F82500C9
:10023000B8B9012101FA05F6721D9200204600F0BE
:10024000F0FA60B1C0E901560EE0212204212046F7
:1002500000F0E7FA636AF060DB68002BE4D100206D
:1002600070BD026843F825200023C0E90333F7E797
:1002700070B5466A05460C463EB91020F5F704FEF7
:10028000C0E9016668620660C6603CB16B6A62687C
:10029000DB6853F82210216043F8224070BD2DE93D
:1002A000F0410E69074698460C4601F11400002300
:1002B0000568A9B202FB01814FEA114C2D0C02FB2B
:1002C00005C589B2013301EB05419E4240F8041B8C
:1002D0004FEA1548ECDCB8F1000F1BD0A368B3421D
:1002E00012DC616838460131FFF78EFF2269023265
:1002F00004F10C01054692000C30FDF7E7FD2146A4
:100300003846FFF7B5FF2C4604EB86030136C3F8E9
:10031000148026612046BDE8F081030C1B04D3B98C
:100320000004102310F07F4F04BF0002083310F0C8
:10033000704F04BF0001043310F0404F04BF800031
:100340000233002805DB10F0804F03F1010308BFE2
:100350002023184670470023E4E7036813F00702E0
:1003600001460BD0DA0724D4980749BF5B089B08E5
:1003700001200B605CBF0B600220704798B2B0B9DF
:100380001B0C102013F0FF0F04BF1B0A08301A07C4
:1003900004BF1B0904309A0704BF9B080230DA0728
:1003A00003D45B0800F1010005D00B6070471046D4
:1003B000E8E7002070472020704710B50C46012167
:1003C000FFF722FF01224461026110BD2DE9F04FC9
:1003D00015460A692B699A42B8BF0B460C46BCBF4A
:1003E0002C461D462769D5F81090A368616807EB75
:1003F0000906B342B8BF013185B0FFF705FF00F130
:10040000140101EB86080B46002243451DD304F17D
:10041000140305F1140203EB870702EB890302932F
:100420003B1B153B23F00303043304F11505AF42D6
:1004300038BF04230193029B0392934208D8002EF5
:100440005ADC066105B0BDE8F08F43F8042BDCE709
:10045000B2F800A0BAF1000F24D004F1140E8946BE
:100460004FF0000C5EF8045BD9F800B0ABB21FFA95
:100470008BFB0AFB03B34FEA154BD9F800506344DA
:100480004FEA154C0AFB0BC505EB13459BB243EA3B
:100490000543774549F8043B4FEA154CE2D8019BE8
:1004A00041F803C0039BB3F802900432B9F1000F86
:1004B00020D00B6804F1140C8E464FF0000ABCF8F3
:1004C0000050BEF802B009FB05B5AA449BB243EA4E
:1004D0000A434EF8043B5CF8043BBEF800501B0C8A
:1004E00009FB035303EB1A4367454FEA134AE6D867
:1004F000019D4B5104319EE758F8043D002BA0D1DB
:10050000013E9CE72DE9F843154612F0030206462A
:100510000F4607D0214C013A002354F82220FFF760
:10052000BEFE0746AD1035D0746A3CB91020F5F711
:10053000ABFCC0E9014470620460C460D6F824805A
:10054000D8F808404CB940F271213046FFF735FF2A
:100550000023C8F80800044603604FF00009EB07C9
:100560000AD5394622463046FFF730FF39468046E5
:100570003046FFF77DFE47466D100BD0206838B936
:10058000224621463046FFF721FF2060C0F8009048
:100590000446E4E73846BDE8F88300BF1040040095
:1005A0002DE9F0470C464968236903EB6218A368FC
:1005B000074691464FEA621A08F10106B3423FDB53
:1005C0003846FFF721FE0023054600F1140100F133
:1005D00010021846534536DB20692AEAEA7A04F10C
:1005E000140319F01F0901EB8A0103EB800C2ED0D4
:1005F000C9F1200E8A460022186800FA09F0024369
:100600004AF8042B53F8042B9C4522FA0EF2F3D837
:10061000ACEB0403153B23F00303043304F1150092
:10062000604588BF0423CA500AB108F10206013EA2
:1006300038462E612146FFF71BFE2846BDE8F087AD
:1006400001315B00BAE742F8040F0133C2E7043915
:1006500053F8042B41F8042F9C45F9D8E7E730B54F
:1006600002690C69121B0ED100F11403143103EB63
:10067000840001EB840150F8045D51F8044DA5425B
:1006800003D005D30122104630BD8342F3D3FAE7ED
:100690004FF0FF32F7E72DE9F84F0C4606461146BA
:1006A00020461746FFF7DBFF051E08D129463046D6
:1006B000FFF7AAFD0123C0E90435BDE8F88FA4BF08
:1006C0003B46274630467968A6BF1C4600250125D3
:1006D000FFF79AFD3E69C560256907F1140104F131
:1006E000140900F1140E07F1100201EB860C09EB5E
:1006F0008505F246002759F8043B52F804BF1FFA5B
:1007000083F817FA8BF71B0CA7EB0808C3EB1B4306
:1007100003EB28431FFA88F81F144D4548EA0343AA
:100720004AF8043BE7D82B1B153B23F003030433A3
:100730001534A54238BF0423194473449E460D4620
:1007400065450ED30CF10302521A22F0030203395D
:100750008C4538BF00221A4452F8043D7BB1066133
:10076000ABE755F8048B17FA88F4221402EB184211
:10077000A4B244EA02444EF8044B1714E0E7013EE9
:10078000EAE72DE9F7438946012157EC106B9046C3
:10079000FFF73AFDC7F30A550446C7F3130335BB09
:1007A000002E019328D068460096FFF7D6FD0099E9
:1007B00000B3019AC0F1200302FA03F30B43C240D5
:1007C00063610192019BA361002B14BF02220122ED
:1007D0002261D5B1A5F233450544C9F80050C0F1F6
:1007E0003500C8F80000204603B0BDE8F08343F4AC
:1007F0008013D5E76161E5E701A8FFF7AEFD019B36
:100800006361012222612030E3E704EB8203A0F25E
:100810003240C9F800001869FFF77FFDC0EB4210B5
:10082000DFE713B54A4311460192FDF7CFFB0446BB
:1008300018B1019A0021FDF771FB204602B010BDEE
:10084000F8B5074614460E4621B9BDE8F8401146F2
:10085000FDF7BCBB22B9FDF769FB25462846F8BD6C
:1008600000F05AFAA0420FD221463846FDF7AEFBFF
:1008700005460028F2D031462246FDF727FB3146D7
:100880003846FDF753FBE9E73546E7E72DE9F04742
:100890008E689E4282460C4690461F4638D88A890A
:1008A00012F4906F32D025680969A5EB01096569DA
:1008B00005EB450505EBD57501334B446D109D42A5
:1008C00038BF1D46530531D52946FDF77FFB064647
:1008D00050B90C23CAF80030A38943F04003A38128
:1008E0004FF0FF30BDE8F08721694A46FDF7EEFA88
:1008F000A38923F4906343F08003A381266165619B
:100900004E44A5EB09052660A5603E46BE4200D9CF
:100910003E46324620684146FDF7E6FAA368226863
:100920009B1B3244A36022600020DBE72A46FFF7CE
:1009300087FF06460028E1D121695046FDF7F6FA07
:10094000C7E700002DE9F04F98468B891B069DB044
:1009500007460D4614460ED50B6963B94021FDF7D5
:1009600035FB2860286120B90C233B604FF0FF3035
:10097000D1E040236B610023099320238DF82930B7
:10098000CDF80C803023DFF8A8818DF82A304FF0A5
:10099000010923469A4613F8012B0AB1252AF9D1F9
:1009A000BAEB040B0BD05B46224629463846FFF7CC
:1009B0006DFF013000F0AA80099A5A4409929AF812
:1009C0000030002B00F0A28000234FF0FF32CDE971
:1009D00005230AF1010A049307938DF853301A9303
:1009E0005446052214F8011B5148FFF7B1FB049A45
:1009F000D8B9D00644BF20238DF85330110744BF27
:100A00002B238DF853309AF800302A2B15D0079AF3
:100A1000544600204FF00A0C214611F8013B303BB0
:100A2000092B4ED9B0B1079214E0A0EB080309FAE4
:100A300003F313430493A246D2E7039B191D1B68DB
:100A40000391002BBBBF5B4242F002020793079366
:100A5000B8BF049223782E2B0CD163782A2B35D182
:100A6000039B1A1D1B680392002BB8BF4FF0FF3386
:100A700002340593DFF8C8A0217803225046FFF71F
:100A800067FB40B14023A0EB0A0003FA00F0049B8F
:100A900003430134049314F8011B26488DF82810F1
:100AA0000622FFF755FB002838D0234B1BBB039BC6
:100AB000073323F0070308330393099B3344099357
:100AC00067E70CFB02320C460120A5E70023013446
:100AD000059319464FF00A0C204610F8012B303AC6
:100AE000092A03D9002BC5D00591C3E70CFB0121CE
:100AF00004460123F0E703AB00932A460F4B04A9F9
:100B00003846FDF7B7FC421C0646D6D1AB895B06DA
:100B10003FF52CAF09981DB0BDE8F08F03AB0093F3
:100B20002A46064B04A93846FDF748FFEBE700BF0D
:100B30005C3D0400663D040075E403008D0804007C
:100B4000623D04001F2938B504460D4604D916231A
:100B500003604FF0FF3038BD426C12B152F82130C3
:100B60004BB9204600F030F82A4601462046BDE841
:100B7000384000F017B8012B0AD0591C03D11623B6
:100B800003600120E7E7002442F825402846984703
:100B90000020E0E7024B01461868FFF7D3BF00BF13
:100BA0007061002038B5074D002304460846114601
:100BB0002B6000F0C3FB431C02D12B6803B1236000
:100BC00038BD00BFB496002000F0A8BB10B50C469D
:100BD000B1F90E1000F0A8F80028ABBF636DA3892F
:100BE0001B1823F48053ACBF6365A38110BD2DE9AE
:100BF000F0411F468B89DB0505460C46164605D598
:100C0000B1F90E100223002200F074F8A389B4F9A0
:100C10000E1023F48053A38132463B462846BDE89C
:100C2000F04100F023B810B50C46B1F90E1000F0F9
:100C300061F8431CA38915BF606523F4805343F416
:100C40008053A38118BFA38110BDB1F90E1000F02D
:100C50001FB849B1FF2A85BF8A2303600A704FF08D
:100C6000FF3098BF012070470846704738B5074DE0
:100C700004460846114600222A601A46F7F750FC3F
:100C8000431C02D12B6803B1236038BDB496002009
:100C900038B5064D0023044608462B6000F02EFBB5
:100CA000431C02D12B6803B1236038BDB4960020E9
:100CB00038B5074D00230446084611462B6000F066
:100CC00025FB431C02D12B6803B1236038BD00BF54
:100CD000B496002038B5064D0023044608462B6024
:100CE00000F024FB431C02D12B6803B1236038BD04
:100CF000B496002038B5074D044608461146002238
:100D00002A601A4600F022FB431C02D12B6803B173
:100D1000236038BDB496002051F8043C181F002B06
:100D2000BCBF0B58C018704738B5074D044608467D
:100D3000114600222A601A4600F010FB431C02D123
:100D40002B6803B1236038BDB496002070B54FF016
:100D5000FF0C4CF4E06C1CEA11541DBF1CEA135547
:100D600094EA0C0F95EA0C0F00F0DEF82C4481EAAF
:100D7000030621EA4C5123EA4C5350EA013518BFCF
:100D800052EA033541F4801143F4801338D0A0FBBC
:100D900002CE4FF00005E1FB02E506F00042E0FB69
:100DA00003E54FF00006E1FB03569CF0000F18BF6F
:100DB0004EF0010EA4F1FF04B6F5007F64F5407417
:100DC00004D25FEA4E0E6D4146EB060642EAC621AA
:100DD00041EA55514FEAC52040EA5E504FEACE2E17
:100DE000B4F1FD0C88BFBCF5E06F1ED8BEF1004F1A
:100DF00008BF5FEA500E50F1000041EB045170BD96
:100E000006F0004646EA010140EA020081EA0301D9
:100E1000B4EB5C04C2BFD4EB0C0541EA045170BDD5
:100E200041F480114FF0000E013C00F3AB8014F14F
:100E3000360FDEBF002001F0004170BDC4F1000498
:100E4000203C35DA0C341BDC04F11404C4F1200519
:100E500000FA05F320FA04F001FA05F240EA020074
:100E600001F0004221F0004110EBD37021FA04F6AA
:100E700042EB06015EEA430E08BF20EAD37070BD64
:100E8000C4F10C04C4F1200500FA04F320FA05F0C3
:100E900001FA04F240EA020001F0004110EBD370C5
:100EA00041F100015EEA430E08BF20EAD37070BD35
:100EB000C4F1200500FA05F24EEA020E20FA04F30E
:100EC00001FA05F243EA020321FA04F001F00041BD
:100ED00021FA04F220EA020000EBD3705EEA430E2E
:100EE00008BF20EAD37070BD94F0000F0FD101F05D
:100EF0000046400041EB010111F4801F08BF013C96
:100F0000F7D041EA060195F0000F18BF704703F0D3
:100F10000046520043EB030313F4801F08BF013D5A
:100F2000F7D043EA0603704794EA0C0F0CEA135516
:100F300018BF95EA0C0F0CD050EA410618BF52EAD0
:100F40004306D1D181EA030101F000414FF00000D6
:100F500070BD50EA410606BF1046194652EA4306E4
:100F600019D094EA0C0F02D150EA013613D195EA58
:100F70000C0F05D152EA03361CBF104619460AD1A0
:100F800081EA030101F0004141F0FE4141F47001AA
:100F90004FF0000070BD41F0FE4141F4780170BD9A
:100FA00070B54FF0FF0C4CF4E06C1CEA11541DBFFF
:100FB0001CEA135594EA0C0F95EA0C0F00F0A7F801
:100FC000A4EB050481EA030E52EA03354FEA01312E
:100FD00000F088804FEA03334FF0805545EA131341
:100FE00043EA12634FEA022245EA111545EA106509
:100FF0004FEA00260EF000419D4208BF964244F1A0
:10100000FD0404F5407402D25B084FEA3202B61ABE
:1010100065EB03055B084FEA32024FF480104FF492
:10102000002CB6EB020E75EB030E22BFB61A754606
:1010300040EA0C005B084FEA3202B6EB020E75EB99
:10104000030E22BFB61A754640EA5C005B084FEA01
:101050003202B6EB020E75EB030E22BFB61A7546CE
:1010600040EA9C005B084FEA3202B6EB020E75EBD9
:10107000030E22BFB61A754640EADC0055EA060E9A
:1010800018D04FEA051545EA16754FEA06164FEADD
:10109000C30343EA52734FEAC2025FEA1C1CC0D189
:1010A00011F4801F0BD141EA00014FF000004FF016
:1010B000004CB6E711F4801F04BF01430020B4F1D7
:1010C000FD0C88BFBCF5E06F3FF6AFAEB5EB030C8F
:1010D00004BFB6EB020C5FEA500C50F1000041EB8C
:1010E000045170BD0EF0004E4EEA113114EB5C0459
:1010F000C2BFD4EB0C0541EA045170BD41F480112C
:101100004FF0000E013C90E645EA060E8DE60CEA33
:10111000135594EA0C0F08BF95EA0C0F3FF43BAF50
:1011200094EA0C0F0AD150EA01347FF434AF95EA07
:101130000C0F7FF425AF104619462CE795EA0C0FEB
:1011400006D152EA03353FF4FDAE1046194622E7B8
:1011500050EA410618BF52EA43067FF4C5AE50EA92
:1011600041047FF40DAF52EA43057FF4EBAE12E782
:101170004FF0FF3C06E000BF4FF0010C02E000BF63
:101180004FF0010C4DF804CD4FEA410C7FEA6C5C46
:101190004FEA430C18BF7FEA6C5C1BD001B050EAE9
:1011A000410C0CBF52EA430C91EA030F02BF90EAD4
:1011B000020F0020704710F1000F91EA030F58BF93
:1011C000994208BF90422CBFD8176FEAE37040F0F5
:1011D000010070474FEA410C7FEA6C5C02D150EA93
:1011E000013C07D14FEA430C7FEA6C5CD6D152EA4E
:1011F000033CD3D05DF8040B704700BF8446104613
:1012000062468C461946634600E000BF01B5FFF711
:10121000B7FF002848BF10F1000F01BD4DF808EDE1
:10122000FFF7F4FF0CBF012000205DF808FB00BFB2
:101230004DF808EDFFF7EAFF34BF012000205DF80C
:1012400008FB00BF4DF808EDFFF7E0FF94BF012059
:1012500000205DF808FB00BF4DF808EDFFF7CEFF5A
:1012600094BF012000205DF808FB00BF4DF808ED99
:10127000FFF7C4FF34BF012000205DF808FB00BF6A
:101280004FEA410C7FEA6C5C02D150EA013C0AD182
:101290004FEA430C7FEA6C5C02D152EA033C02D174
:1012A0004FF0000070474FF0010070474FEA4102D5
:1012B00012F5001215D211D56FF47873B3EB6252A8
:1012C00012D94FEAC12343F0004343EA505311F0CF
:1012D000004F23FA02F018BF404270474FF0000061
:1012E000704750EA013005D111F0004008BF6FF09F
:1012F000004070474FF00000704700BF024B58227B
:101300001A604FF0FF307047B4960020024B58220D
:101310001A604FF0FF307047B4960020024B5822FD
:101320001A604FF0FF307047B4960020024B5822ED
:101330001A600020704700BFB4960020024B58226C
:101340001A604FF0FF307047B4960020024B5822CD
:101350001A604FF0FF307047B4960020024B5822BD
:101360001A604FF0FF307047B4960020FEE700BFD0
:10137000F8B500BFF8BC08BC9E467047F8B500BF82
:10138000F8BC08BC9E467047424F4F545F454E54D0
:1013900045520A0048454C4C4F00000048414E421F
:1013A000454F4E5F554E4F5F56310A00464C4153F4
:1013B000480000004F464600424F4F5400000000D6
:1013C000520A0000500A000048616E42656F6E20AC
:1013D0005849414F0000000054696E79555342202E
:1013E00053657269616C000000000000000000009D
:1013F0004D77020005770200F57602007176020053
:10140000BD76020091760200E9760200897502003D
:10141000F0FFFFFF00000000B9770200536565652B
:10142000640000005849414F206E5246353238342E
:10143000302053656E7365003031323334353637C2
:101440003839414243444546000000001201000281
:1014500000000040862845800001010203010000D1
:1014600009020900000100A0320000004164616629
:1014700072756974000000004D6173732053746FBE
:101480007261676500000000312E30007573626480
:1014900000000000050F3900021810050038B608DA
:1014A00034A909A0478BFDA0768815B66500010117
:1014B000011C100500DF60DDD88945C74C9CD26552
:1014C0009D9E648A9F00000306B200020000000097
:1014D000ED81020065820200918202008983020090
:1014E0004984020000000000918D0200A18D0200DD
:1014F000B18D0200458E0200798F020000000000CD
:10150000D1850200E1850200F1850200B18602006A
:10151000B18802000000000091890200F1890200F8
:10152000198A0200498B02004D8B02000000000066
:101530004D960200A9960200C99602009D7F020006
:10154000B19702000000000000010101110000003D
:101550000000000000000000CDC20200E5C2020051
:1015600001C30200FDC402000000000000000000F2
:1015700081CB0200A5CB0200100018000000C800BB
:101580000000000000000000BDE00200BDE002001D
:10159000C1E00200000000000000000000000000A8
:1015A00039E102003DE102005075626C69630000A0
:1015B00053746174696300005072697661746520C8
:1015C0005265736F6C7661626C650000507269766B
:1015D000617465204E6F6E205265736F6C76616228
:1015E0006C650000424C4500534F4300A8150400B1
:1015F000B0150400B8150400CC1504000100000764
:1016000011000000D8ECF0F4F8FC00020304050619
:101610000708000054584400525844009ECADC2475
:101620000EE5A9E093F3A3B50200406E9ECADC2448
:101630000EE5A9E093F3A3B50300406E9ECADC2437
:101640000EE5A9E093F3A3B50100406E0000000091
:1016500000000000BDE00200BDE0020011F4020045
:1016600089F30200C9F3020019EC0200C9EB020081
:10167000E5F00200CDEF0200D1EE0200E9F1020038
:1016800079EB0200D9EB0200FDEB0200E8FFFFFF5F
:1016900000000000CDED0200B9EC02005D7D02000B
:1016A00005EC020079EC020055EC020011EC02009E
:1016B0002F61646166727569742F626F6E645F700A
:1016C000727068002F61646166727569742F626F51
:1016D0006E645F636E7472002F6164616672756917
:1016E000742F626F6E645F707270682F253032588D
:1016F000253032582530325825303258253032586E
:1017000025303258000000002F61646166727569EF
:10171000742F626F6E645F636E74722F253032585F
:10172000253032582530325825303258253032583D
:101730002530325800000000253032583A2530322A
:10174000583A253032583A253032583A25303258F6
:101750003A25303258000000000000000000000070
:101760006DFD020071FD02002E0000002E2E000013
:101770002F0000000000000000000000F90003003E
:1017800075FF02005D7D0200250003009D0003003F
:10179000B5FF020069000300626C6F636B203C20A0
:1017A0006C66732D3E6366672D3E626C6F636B5F84
:1017B000636F756E740000002F686F6D652F727512
:1017C0006E6E65722F2E61726475696E6F31352F82
:1017D0007061636B616765732F53656565647569D7
:1017E0006E6F2F68617264776172652F6E726635F5
:1017F000322F312E312E31332F6C69627261726952
:1018000065732F41646166727569745F4C697474A5
:101810006C6546532F7372632F6C6974746C6566C4
:10182000732F6C66732E630068656164203E3D20F3
:10183000322026262068656164203C3D206C66735A
:101840002D3E6366672D3E626C6F636B5F636F75E1
:101850006E7400007063616368652D3E626C6F6337
:101860006B203D3D2030786666666666666666007B
:101870006E626C6F636B203E3D2032202626206E08
:10188000626C6F636B203C3D206C66732D3E63661B
:10189000672D3E626C6F636B5F636F756E740000E3
:1018A000656E7472792E642E74797065203D3D20CA
:1018B0004C46535F545950455F5245470000000065
:1018C000726573006C66732D3E6366672D3E6C6FA8
:1018D0006F6B61686561642025203332203D3D20B7
:1018E000300000006C66732D3E6366672D3E6C6FA2
:1018F0006F6B6168656164203E2030006C66732DFB
:101900003E6366672D3E70726F675F73697A65200C
:1019100025206C66732D3E6366672D3E726561649B
:101920005F73697A65203D3D203000006C66732D41
:101930003E6366672D3E626C6F636B5F73697A65A9
:101940002025206C66732D3E6366672D3E70726F96
:10195000675F73697A65203D3D203000342A6C66EC
:10196000735F6E7077322830786666666666666684
:1019700066202F20286C66732D3E6366672D3E62BD
:101980006C6F636B5F73697A652D322A3429292065
:101990003C3D206C66732D3E6366672D3E626C6F26
:1019A000636B5F73697A65006C6974746C656673E8
:1019B000000000006C66735F63616368655F726559
:1019C000616400006C66735F63616368655F707279
:1019D0006F6700006C66735F63747A5F66696E643C
:1019E000000000006C66735F63747A5F65787465ED
:1019F0006E6400006C66735F66696C655F73796E18
:101A0000630000006C66735F72656D6F7665000041
:101A10006C66735F696E697400000000000000006E
:101A20006410B71DC8206E3BAC30D9269041DC76DF
:101A3000F4516B6B5861B24D3C7105502083B8ED89
:101A400044930FF0E8A3D6D68CB361CBB0C2649BAD
:101A5000D4D2D38678E20AA01CF2BDBD00000000FB
:101A600000000000ED5703000158030002000000D1
:101A7000030000001C0000001D0000000400000026
:101A8000050000002B0000002C0000002D000000CD
:101A90002E0000002F0000001A00000006000000C9
:101AA0001E0000000E000000280000001B000000C7
:101AB000070000000B0000002A00000020000000CA
:101AC000100000000D0000001100000015000000D3
:101AD00019000000140000001800000016000000AB
:101AE00017000000090000000A0000001F000000AD
:101AF000546D725100000000546D722053766300E3
:101B00006C6F6F700000000043616C6C6261636B0E
:101B1000000000000000000000000000598B0300DE
:101B2000798B03004661696C20746F206163717565
:101B3000697265206D757465780A00004661696C8C
:101B400020746F2072656C65617365206D757465B6
:101B5000780A00004661696C20746F20696E6372B8
:101B60006561736520504D20636F756E7465720AF0
:101B7000000000004661696C20746F206465637228
:101B80006561736520504D20636F756E7465720AD0
:101B900000000000000102030405060708090A0B03
:101BA0000C0D0E0F101112131415161718191A1BFD
:101BB0001C1D1E1FC6A13B37878F5B826F4F816242
:101BC000A1C8D8799503E3A2245A2BE43C9874ED7C
:101BD000FE1BED9EF29000B62A499FD0A9F39A6AA7
:101BE000DD2E77809DBA41A777F3B46A37B7AAAEE6
:101BF00049D6DF8D2F7A3C600708D124ACD3C5DEEF
:101C00003B65844700000000010000000300000065
:101C100002000000FFFFFFFF070000004661696C43
:101C200020746F206765742054524E4720636861AA
:101C3000726163746572697A6174696F6E20706134
:101C400072616D6574657273200A00004661696C8B
:101C500020746F206372656174652053594D206D47
:101C6000757465780A0000004661696C20746F2005
:101C7000637265617465204153594D206D757465BB
:101C8000780A00004661696C656420746F20637295
:101C90006561746520506F776572206D7574657825
:101CA0000A0000004661696C20746F2063726561F0
:101CB00074652047656E566563206D757465780A96
:101CC0000000000043616E277420696E69746961C9
:101CD0006C697A65206D757465782C207761732046
:101CE0004E554C4C0D0A000043616E2774206C6FFA
:101CF000636B206D757465782C20776173204E5569
:101D00004C4C0D0A0000000043616E277420756E74
:101D10006C6F636B206D757465782C207761732010
:101D20004E554C4C0D0A0000536153695F48616C7D
:101D300057616974496E746572727570742063615D
:101D40006E74207761697420666F72206E6F74689C
:101D5000696E670A0000000000010203040506071F
:101D600008090A0B0C0D0E0F10111213141516177B
:101D700018191A1B1C1D1E1F9DD60300A5D6030093
:101D8000ADD60300B5D60300BDD60300C5D603000B
:101D9000CDD60300D5D60300DDD60300E5D603007B
:101DA000EDD603000000000073ACFFFFFEFFFFFF55
:101DB000FFFFFFFFFFFFFFFFFFFFFFFF000000002F
:101DC0000000000000000000000000000000000013
:101DD0000000000000000000000000000000000003
:101DE00000000000000000000000000000000000F3
:101DF00000000000000000000000000000000000E3
:101E000000000000000000000000000000000000D2
:101E100000000000000000000000000000000000C2
:101E200000000000000000000000000000000000B2
:101E3000000000000000000007000000000000009B
:101E40000000000000000000000000000000000092
:101E50000000000000000000000000000000000082
:101E60000000000000000000000000000000000072
:101E70000000000000000000000000000000000062
:101E8000B3B616CA9AABDF16FAB80100000000001C
:101E90000000000001000000000000000000000041
:101EA0000000000000000000000000000000000032
:101EB0000000000000000000000000000000000022
:101EC000000000000000000000000000BB7E4DDDAF
:101ED000F5F43630769E01A492A17AE32C384C3B7F
:101EE00000000000000000000000000000000000F2
:101EF00000000000000000000000000000000000E2
:101F000000000000000000000000000000000000D1
:101F100000000000EE4F3CF0C33317538682C26BC3
:101F2000EDDC8F3135F98C930000000000000000DB
:101F300000000000000000000000000000000000A1
:101F40000000000000000000000000000000000091
:101F50000000000000000000000000000100000080
:101F600000000000000000008000000000000000F1
:101F700000000000FFFFFFFFFFFFFFFFFF0000006A
:101F80000000000000000000000000000000000051
:101F90000000000000000000000000000000000041
:101FA0000000000000000000000000000000000031
:101FB0000000000000000000000000000000000021
:101FC0000000000000000000000000000000000011
:101FD0000000000000000000000000000000000001
:101FE00000000000000000000000000000000000F1
:101FF00000000000000000000000000000000000E1
:1020000000000000000000000000000000000000D0
:1020100000000000000000000000000000000000C0
:1020200000000000000000000000000000000000B0
:1020300000000000000000000000000000000000A0
:102040000000000000000000000000000000000090
:102050000000000000000000000000000000000080
:10206000A0000000A100000005000000000000002A
:10207000534543475F5052494D455F3136304B31F0
:1020800000000000FFFFFF7FFFFFFFFFFFFFFFFFDC
:10209000FFFFFFFFFFFFFFFF000000000000000048
:1020A0000000000000000000000000000000000030
:1020B0000000000000000000000000000000000020
:1020C000000000000000000000000000FCFFFF7F97
:1020D000FFFFFFFFFFFFFFFFFFFFFFFFFFFFFFFF10
:1020E00000000000000000000000000000000000F0
:1020F00000000000000000000000000000000000E0
:1021000000000000000000000000000000000000CF
:102110000000000045FA65C5ADD4D4819FF8AC65D8
:102120008B7ABD54FCBE971C00000000000000002C
:10213000000000000000000000000000000000009F
:10214000000000000000000000000000000000008F
:10215000000000000000000000000000572275CAC7
:10216000D3AE27F9C8F40100000000000000000011
:10217000010000000000000000000000000000005E
:10218000000000000000000000000000000000004F
:10219000000000000000000000000000000000003F
:1021A000000000000000000082FCCB13B98BC36864
:1021B000896964462873F58E68B5964A0000000068
:1021C000000000000000000000000000000000000F
:1021D00000000000000000000000000000000000FF
:1021E00000000000000000000000000000000000EF
:1021F00032FBC57A3751230412C9DC597D9468310A
:102200005528A62300000000000000000000000088
:1022100000000000000000000000000000000000BE
:1022200000000000000000000000000000000000AE
:10223000000000000000000001000000000000009D
:10224000000000008000000000000000000000000E
:10225000FFFFFFFFFFFFFFFFFF0000000000000087
:10226000000000000000000000000000000000006E
:10227000000000000000000000000000000000005E
:10228000000000000000000000000000000000004E
:10229000000000000000000000000000000000003E
:1022A000000000000000000000000000000000002E
:1022B000000000000000000000000000000000001E
:1022C000000000000000000000000000000000000E
:1022D00000000000000000000000000000000000FE
:1022E00000000000000000000000000000000000EE
:1022F00000000000000000000000000000000000DE
:1023000000000000000000000000000000000000CD
:1023100000000000000000000000000000000000BD
:1023200000000000000000000000000000000000AD
:10233000000000000000000000000000A0000000FD
:10234000A1000000050000000100000053454347C4
:102350005F5052494D455F31363052310000000028
:1023600073ACFFFFFEFFFFFFFFFFFFFFFFFFFFFF5D
:10237000FFFFFFFF00000000000000000000000061
:10238000000000000000000000000000000000004D
:10239000000000000000000000000000000000003D
:1023A000000000000000000070ACFFFFFEFFFFFF18
:1023B000FFFFFFFFFFFFFFFFFFFFFFFF0000000029
:1023C000000000000000000000000000000000000D
:1023D00000000000000000000000000000000000FD
:1023E00000000000000000000000000000000000ED
:1023F000BA8803F55A4D6604492757AB8BEB59FB56
:10240000D334E1B400000000000000000000000030
:1024100000000000000000000000000000000000BC
:1024200000000000000000000000000000000000AC
:1024300000000000000000006BA1A1F318A886E7CF
:102440001E35000000000000000000000100000038
:10245000000000000000000000000000000000007C
:10246000000000000000000000000000000000006C
:10247000000000000000000000000000000000005C
:10248000000000006DCE44319D19F7301BF14F1F45
:102490007E113A2934B0DC52000000000000000038
:1024A000000000000000000000000000000000002C
:1024B000000000000000000000000000000000001C
:1024C0000000000000000000000000002E3FD4A724
:1024D000FE2C98F90DFA71E096F231E3F2FEAFFEB0
:1024E00000000000000000000000000000000000EC
:1024F00000000000000000000000000000000000DC
:1025000000000000000000000000000000000000CB
:1025100000000000010000000000000000000000BA
:10252000800000000000000000000000FFFFFFFF2F
:10253000FFFFFFFFFF0000000000000000000000A0
:10254000000000000000000000000000000000008B
:10255000000000000000000000000000000000007B
:10256000000000000000000000000000000000006B
:10257000000000000000000000000000000000005B
:10258000000000000000000000000000000000004B
:10259000000000000000000000000000000000003B
:1025A000000000000000000000000000000000002B
:1025B000000000000000000000000000000000001B
:1025C000000000000000000000000000000000000B
:1025D00000000000000000000000000000000000FB
:1025E00000000000000000000000000000000000EB
:1025F00000000000000000000000000000000000DB
:1026000000000000000000000000000000000000CA
:102610000000000000000000A0000000A100000079
:102620000500000002000000534543475F50524937
:102630004D455F31363052320000000037EEFFFF6B
:10264000FEFFFFFFFFFFFFFFFFFFFFFFFFFFFFFF9B
:10265000FFFFFFFF0000000000000000000000007E
:10266000000000000000000000000000000000006A
:10267000000000000000000000000000000000005A
:10268000000000000000000000000000000000004A
:10269000000000000000000000000000000000003A
:1026A000000000000000000000000000000000002A
:1026B000000000000000000000000000000000001A
:1026C0000000000000000000000000000300000007
:1026D00000000000000000000000000000000000FA
:1026E00000000000000000000000000000000000EA
:1026F00000000000000000000000000000000000DA
:1027000000000000000000000000000000000000C9
:10271000000000008DFDDE746A46690F17FCF2268A
:10272000FEFFFFFFFFFFFFFFFFFFFFFF00000000B6
:102730000000000000000000000000000000000099
:102740000000000000000000000000000000000089
:102750000000000000000000000000000000000079
:102760007D6CE0EAB1D1A51D34F4B780027DB026BE
:10277000AEE957C00EF14FDB000000000000000082
:102780000000000000000000000000000000000049
:102790000000000000000000000000000000000039
:1027A00000000000000000009D2F5ED988AA824032
:1027B0003486BE15D0634184A728569C6D2F2F9B6D
:1027C0000000000000000000000000000000000009
:1027D00000000000000000000000000000000000F9
:1027E00000000000000000000000000000000000E9
:1027F0000100000000000000000000008000000058
:1028000000000000000000000000000000000000C8
:102810008000000000000000000000000000000038
:1028200000000000000000000000000000000000A8
:102830000000000000000000000000000000000098
:102840000000000000000000000000000000000088
:102850000000000000000000000000000000000078
:102860000000000000000000000000000000000068
:102870000000000000000000000000000000000058
:102880000000000000000000000000000000000048
:102890000000000000000000000000000000000038
:1028A0000000000000000000000000000000000028
:1028B0000000000000000000000000000000000018
:1028C0000000000000000000000000000000000008
:1028D00000000000000000000000000000000000F8
:1028E00000000000000000000000000000000000E8
:1028F00000000000C0000000C00000000500000053
:1029000003000000534543475F5052494D455F3136
:1029100039324B3100000000FFFFFFFFFFFFFFFFD8
:10292000FEFFFFFFFFFFFFFFFFFFFFFFFFFFFFFFB8
:102930000000000000000000000000000000000097
:102940000000000000000000000000000000000087
:102950000000000000000000000000000000000077
:10296000FCFFFFFFFFFFFFFFFEFFFFFFFFFFFFFF7B
:10297000FFFFFFFFFFFFFFFF00000000000000005F
:102980000000000000000000000000000000000047
:102990000000000000000000000000000000000037
:1029A0000000000000000000B1B946C1ECDEB8FE36
:1029B00049302472ABE9A70FE7809CE51905216433
:1029C0000000000000000000000000000000000007
:1029D00000000000000000000000000000000000F7
:1029E00000000000000000000000000000000000E7
:1029F0003128D2B4B1C96B1436F8DE99FFFFFFFF5E
:102A0000FFFFFFFFFFFFFFFF0000000000000000CE
:102A100000000000000000000000000000000000B6
:102A200000000000000000000000000000000000A6
:102A30000000000000000000000000001210FF82F3
:102A4000FD0AFFF40088A143EB20BF7CF69030B074
:102A50000EA88D180000000000000000000000001B
:102A60000000000000000000000000000000000066
:102A70000000000000000000000000000000000056
:102A8000000000001148791EA177F973D5CD246BA1
:102A9000ED11106378DAC8FF952B190700000000CC
:102AA0000000000000000000000000000000000026
:102AB0000000000000000000000000000000000016
:102AC0000000000000000000000000000100000005
:102AD0000000000000000000800000000000000076
:102AE0000000000000000000000000008000000066
:102AF00000000000000000000000000000000000D6
:102B000000000000000000000000000000000000C5
:102B100000000000000000000000000000000000B5
:102B200000000000000000000000000000000000A5
:102B30000000000000000000000000000000000095
:102B40000000000000000000000000000000000085
:102B50000000000000000000000000000000000075
:102B60000000000000000000000000000000000065
:102B70000000000000000000000000000000000055
:102B80000000000000000000000000000000000045
:102B90000000000000000000000000000000000035
:102BA0000000000000000000000000000000000025
:102BB0000000000000000000000000000000000015
:102BC0000000000000000000000000000000000005
:102BD000C0000000C000000005000000040000006C
:102BE000534543475F5052494D455F313932523169
:102BF000000000006DE5FFFFFEFFFFFFFFFFFFFF8E
:102C0000FFFFFFFFFFFFFFFFFFFFFFFFFFFFFFFFD4
:102C100000000000000000000000000000000000B4
:102C200000000000000000000000000000000000A4
:102C30000000000000000000000000000000000094
:102C40000000000000000000000000000000000084
:102C50000000000000000000000000000000000074
:102C60000000000000000000000000000000000064
:102C70000000000000000000000000000000000054
:102C8000000000000500000000000000000000003F
:102C90000000000000000000000000000000000034
:102CA0000000000000000000000000000000000024
:102CB0000000000000000000000000000000000014
:102CC000000000000000000000000000F7B19F7647
:102CD00071A9F0CA8461ECD2E8DC010000000000B8
:102CE00000000000000000000100000000000000E3
:102CF00000000000000000000000000000000000D4
:102D000000000000000000000000000000000000C3
:102D100000000000000000005CA4B7B60E657E0F46
:102D2000A97570E4E967A469A128FC30DF99F04D2A
:102D3000335B45A10000000000000000000000001F
:102D40000000000000000000000000000000000083
:102D50000000000000000000000000000000000073
:102D6000A5616D55DB4BCAE259BDB0C0F719E3F759
:102D7000D6FBCA824234BA7FED9F087E0000000075
:102D80000000000000000000000000000000000043
:102D90000000000000000000000000000000000033
:102DA0000000000000000000010000000000000022
:102DB0000000000080000000000000000000000093
:102DC000FFFFFFFFFFFFFFFFFF000000000000000C
:102DD00000000000000000000000000000000000F3
:102DE00000000000000000000000000000000000E3
:102DF00000000000000000000000000000000000D3
:102E000000000000000000000000000000000000C2
:102E100000000000000000000000000000000000B2
:102E200000000000000000000000000000000000A2
:102E30000000000000000000000000000000000092
:102E40000000000000000000000000000000000082
:102E50000000000000000000000000000000000072
:102E60000000000000000000000000000000000062
:102E70000000000000000000000000000000000052
:102E80000000000000000000000000000000000042
:102E90000000000000000000000000000000000032
:102EA000000000000000000000000000E000000042
:102EB000E100000005000000050000005345434705
:102EC0005F5052494D455F3232344B3100000000B3
:102ED000010000000000000000000000FFFFFFFFF5
:102EE000FFFFFFFFFFFFFFFFFFFFFFFF00000000EE
:102EF00000000000000000000000000000000000D2
:102F000000000000000000000000000000000000C1
:102F10000000000000000000FEFFFFFFFFFFFFFFBA
:102F2000FFFFFFFFFEFFFFFFFFFFFFFFFFFFFFFFB2
:102F3000FFFFFFFF00000000000000000000000095
:102F40000000000000000000000000000000000081
:102F50000000000000000000000000000000000071
:102F6000B4FF552343390B27BAD8BFD7B7B0445065
:102F7000563241F5ABB3040C850A05B400000000DD
:102F80000000000000000000000000000000000041
:102F90000000000000000000000000000000000031
:102FA00000000000000000003D2A5C5C4529DD13A4
:102FB0003EF0B8E0A216FFFFFFFFFFFFFFFFFFFF9D
:102FC000FFFFFFFF00000000000000000000000005
:102FD00000000000000000000000000000000000F1
:102FE00000000000000000000000000000000000E1
:102FF00000000000211D5C11D68032342211C2561F
:10300000D3C1034AB99013327FBFB46BBD0C0EB766
:1030100000000000000000000000000000000000B0
:1030200000000000000000000000000000000000A0
:10303000000000000000000000000000347E008559
:103040009981D5446447075AA07543CDE6DF224CE9
:10305000FB23F7B5886337BD0000000000000000C7
:103060000000000000000000000000000000000060
:103070000000000000000000000000000000000050
:10308000000000000100000000000000000000003F
:1030900080000000000000000000000000000000B0
:1030A00000000000800000000000000000000000A0
:1030B0000000000000000000000000000000000010
:1030C0000000000000000000000000000000000000
:1030D00000000000000000000000000000000000F0
:1030E00000000000000000000000000000000000E0
:1030F00000000000000000000000000000000000D0
:1031000000000000000000000000000000000000BF
:1031100000000000000000000000000000000000AF
:10312000000000000000000000000000000000009F
:10313000000000000000000000000000000000008F
:10314000000000000000000000000000000000007F
:10315000000000000000000000000000000000006F
:10316000000000000000000000000000000000005F
:10317000000000000000000000000000000000004F
:103180000000000000000000E0000000E00000007F
:103190000500000006000000534543475F505249B8
:1031A0004D455F3232345231000000002FFCFFFFEA
:1031B000FEFFFFFFFFFFFFFFFFFFFFFFFFFFFFFF20
:1031C000FFFFFFFFFFFFFFFFFFFFFFFF000000000B
:1031D00000000000000000000000000000000000EF
:1031E00000000000000000000000000000000000DF
:1031F00000000000000000000000000000000000CF
:1032000000000000000000000000000000000000BE
:1032100000000000000000000000000000000000AE
:10322000000000000000000000000000000000009E
:103230000000000000000000000000000700000087
:10324000000000000000000000000000000000007E
:10325000000000000000000000000000000000006E
:10326000000000000000000000000000000000005E
:10327000000000000000000000000000000000004E
:1032800000000000414136D08C5ED2BF3BA048AF69
:10329000E6DCAEBAFEFFFFFFFFFFFFFFFFFFFFFF11
:1032A000FFFFFFFF00000000000000000000000022
:1032B000000000000000000000000000000000000E
:1032C00000000000000000000000000000000000FE
:1032D0009817F8165B81F259D928CE2DDBFC9B029A
:1032E000070B87CE9562A055ACBBDCF97E66BE7934
:1032F00000000000000000000000000000000000CE
:1033000000000000000000000000000000000000BD
:103310000000000000000000B8D410FB8FD0479CD4
:10332000195485A648B417FDA808110EFCFBA45D2E
:1033300065C4A32677DA3A480000000000000000C8
:10334000000000000000000000000000000000007D
:10335000000000000000000000000000000000006D
:1033600001000000000000000000000080000000DC
:10337000000000000000000000000000000000004D
:1033800080000000000000000000000000000000BD
:10339000000000000000000000000000000000002D
:1033A000000000000000000000000000000000001D
:1033B000000000000000000000000000000000000D
:1033C00000000000000000000000000000000000FD
:1033D00000000000000000000000000000000000ED
:1033E00000000000000000000000000000000000DD
:1033F00000000000000000000000000000000000CD
:1034000000000000000000000000000000000000BC
:1034100000000000000000000000000000000000AC
:10342000000000000000000000000000000000009C
:10343000000000000000000000000000000000008C
:10344000000000000000000000000000000000007C
:10345000000000000000000000000000000000006C
:103460000000000000010000000100000500000055
:1034700007000000534543475F5052494D455F32B6
:1034800035364B3100000000FFFFFFFFFFFFFFFF5D
:10349000FFFFFFFF00000000000000000000000030
:1034A00001000000FFFFFFFF00000000000000001F
:1034B000000000000000000000000000000000000C
:1034C00000000000000000000000000000000000FC
:1034D000FCFFFFFFFFFFFFFFFFFFFFFF00000000FB
:1034E000000000000000000001000000FFFFFFFFDF
:1034F00000000000000000000000000000000000CC
:1035000000000000000000000000000000000000BB
:1035100000000000000000004B60D2273E3CCE3B84
:10352000F6B053CCB0061D65BC86987655BDEBB39E
:10353000E7933AAAD835C65A000000000000000000
:10354000000000000000000000000000000000007B
:10355000000000000000000000000000000000006B
:10356000512563FCC2CAB9F3849E17A7ADFAE6BC25
:10357000FFFFFFFFFFFFFFFF00000000FFFFFFFF57
:10358000000000000000000000000000000000003B
:10359000000000000000000000000000000000002B
:1035A00000000000000000000000000096C298D853
:1035B0004539A1F4A033EB2D817D0377F240A4635C
:1035C000E5E6BCF847422CE1F2D1176B00000000A1
:1035D00000000000000000000000000000000000EB
:1035E00000000000000000000000000000000000DB
:1035F00000000000F551BF376840B6CBCE5E316B9E
:103600005733CE2B169E0F7C4AEBE78E9B7F1AFE1C
:10361000E242E34F00000000000000000000000054
:10362000000000000000000000000000000000009A
:103630000000000000000000000000000100000089
:10364000FFFFFFFF7F00000080000000000000007F
:1036500000000000FFFFFFFF7F000000800000006F
:10366000000000000000000000000000000000005A
:10367000000000000000000000000000000000004A
:10368000000000000000000000000000000000003A
:10369000000000000000000000000000000000002A
:1036A000000000000000000000000000000000001A
:1036B000000000000000000000000000000000000A
:1036C00000000000000000000000000000000000FA
:1036D00000000000000000000000000000000000EA
:1036E00000000000000000000000000000000000DA
:1036F00000000000000000000000000000000000CA
:1037000000000000000000000000000000000000B9
:1037100000000000000000000000000000000000A9
:103720000000000000000000000000000000000099
:103730000000000000000000000000000000000089
:10374000000100000001000005000000080000006A
:10375000534543475F5052494D455F3235365231EC
:1037600000000000FFFFFFFF00000000000000005D
:10377000FFFFFFFFFEFFFFFFFFFFFFFFFFFFFFFF5A
:10378000FFFFFFFFFFFFFFFFFFFFFFFFFFFFFFFF49
:10379000FFFFFFFF0000000000000000000000002D
:1037A000000000000000000000000000FCFFFFFF20
:1037B0000000000000000000FFFFFFFFFEFFFFFF12
:1037C000FFFFFFFFFFFFFFFFFFFFFFFFFFFFFFFF09
:1037D000FFFFFFFFFFFFFFFFFFFFFFFF00000000F5
:1037E00000000000000000000000000000000000D9
:1037F00000000000EF2AECD3EDC8852A9DD12E8A67
:103800008D3956C65A8713508F081403124181FE12
:103810006E9C1D18192DF8E36B058E98E4E73EE2C7
:10382000A72F31B3000000000000000000000000DE
:103830000000000000000000000000007329C5CC5B
:103840006A19ECEC7AA7B048B20D1A58DF2D37F49C
:10385000814D63C7FFFFFFFFFFFFFFFFFFFFFFFF7C
:10386000FFFFFFFFFFFFFFFFFFFFFFFF0000000064
:103870000000000000000000000000000000000048
:103880000000000000000000B70A7672385E543A6B
:103890006C2955BF5DF20255382A5482E041F75930
:1038A000989BA78B623B1D6E74AD20F31EC7B18E33
:1038B00037058BBE22CA87AA000000000000000066
:1038C00000000000000000000000000000000000F8
:1038D0005F0EEA907C1D437A9D817E1DCEB1600A09
:1038E000C0B8F0B51331DAE97C149A28BD1DF4F89C
:1038F00029DC9292BF989E5D6F2C26964ADE173681
:1039000000000000000000000000000000000000B7
:1039100000000000000000000100000000000000A6
:103920000000000080000000000000000000000017
:103930000000000000000000800000000000000007
:103940000000000000000000000000000000000077
:103950000000000000000000000000000000000067
:103960000000000000000000000000000000000057
:103970000000000000000000000000000000000047
:103980000000000000000000000000000000000037
:103990000000000000000000000000000000000027
:1039A0000000000000000000000000000000000017
:1039B0000000000000000000000000000000000007
:1039C00000000000000000000000000000000000F7
:1039D00000000000000000000000000000000000E7
:1039E00000000000000000000000000000000000D7
:1039F00000000000000000000000000000000000C7
:103A000000000000000000000000000000000000B6
:103A10000000000000000000000000008001000025
:103A200080010000050000000900000053454347E5
:103A30005F5052494D455F33383452310000000029
:103A4000FFFFFFFFFFFFFFFFFFFFFFFFFFFFFFFF86
:103A5000FFFFFFFFFFFFFFFFFFFFFFFFFFFFFFFF76
:103A6000FFFFFFFFFFFFFFFFFFFFFFFFFFFFFFFF66
:103A7000FFFFFFFFFFFFFFFFFFFFFFFFFFFFFFFF56
:103A8000FF01000000000000FCFFFFFFFFFFFFFF41
:103A9000FFFFFFFFFFFFFFFFFFFFFFFFFFFFFFFF36
:103AA000FFFFFFFFFFFFFFFFFFFFFFFFFFFFFFFF26
:103AB000FFFFFFFFFFFFFFFFFFFFFFFFFFFFFFFF16
:103AC000FFFFFFFFFFFFFFFFFF01000000000000FE
:103AD000003F506BD41F45EFF1342C3D88DF733528
:103AE00007BFB13BBDC052167B937EEC51391956CE
:103AF000E109F18E9189B4B8F315B3995B72DAA23A
:103B0000EE4085B6A0219A921F9A1C8E61B93E950F
:103B10005100000000000000096438911EB76FBB1F
:103B2000AE479C89B8C9B53BD0A509F74801CC7F01
:103B30006B962FBF83878651FAFFFFFFFFFFFFFFC2
:103B4000FFFFFFFFFFFFFFFFFFFFFFFFFFFFFFFF85
:103B5000FFFFFFFFFFFFFFFFFF010000000000006D
:103B60000000000066BDE5C2317E7EF99B426A8599
:103B7000C1B34833DEA8FFA227C11DFE2859E7EFD5
:103B8000775E4BA1BA3D4D6B60AF28F821B53F057C
:103B90003981649C42B4952366CB3E9ECDE90404F2
:103BA000B7068E85C6000000000000005066D19F59
:103BB0007694BE8840C272A286703C356107AD3FE4
:103BC00001B950C54026F45E9972EE972C663E27E7
:103BD00017BDAF1768449B574944F598D91B7D2CF6
:103BE000B45F8A5C04C03B9A786A293918010000E6
:103BF00000000000010000000000000000000000C4
:103C00008000000000000000000000000000000034
:103C10000000000080000000000000000000000024
:103C20000000000000000000000000000000000094
:103C30000000000000000000000000000000000084
:103C40000000000000000000000000000000000074
:103C50000000000000000000000000000000000064
:103C60000000000000000000000000000000000054
:103C70000000000000000000000000000000000044
:103C80000000000000000000000000000000000034
:103C90000000000000000000000000000000000024
:103CA0000000000000000000000000000000000014
:103CB0000000000000000000000000000000000004
:103CC00000000000000000000000000000000000F4
:103CD00000000000000000000000000000000000E4
:103CE00000000000000000000000000000000000D4
:103CF00000000000000000000902000009020000AE
:103D0000050000000A000000534543475F50524938
:103D10004D455F3532315231000000002C20667570
:103D20006E6374696F6E3A200061737365727469B3
:103D30006F6E2022257322206661696C65643A20CB
:103D400066696C6520222573222C206C696E6520C3
:103D50002564257325730A0074610020232D302B00
:103D60002000686C4C0065666745464700494E4632
:103D700000696E66004E414E006E616E003000308C
:103D800031323334353637383941424344454600C1
:103D900030313233343536373839616263646566C1
:103DA000000020202020202020202028282828282B
:103DB0002020202020202020202020202020202003
:103DC000202088101010101010101010101010105B
:103DD000101004040404040404040404101010105B
:103DE0001010104141414141410101010101010116
:103DF0000101010101010101010101010110101086
:103E000010101042424242424202020202020202E8
:103E10000202020202020202020202020210101058
:103E20001020000000000000000000000000000062
:103E30000000000000000000000000000000000082
:103E40000000000000000000000000000000000072
:103E50000000000000000000000000000000000062
:103E60000000000000000000000000000000000052
:103E70000000000000000000000000000000000042
:103E80000000000000000000000000000000000032
:103E90000000000000000000000000000000000022
:103EA0000000496E66696E697479004E614E0000CB
:103EB0000000000000000000000000000000000002
:103EC00000000000000000000000000000000000F2
:103ED00000000000000000000000000000000000E2
:103EE00000000000000000000000000000000000D2
:103EF00000000000000000000000000000000000C2
:103F000000000000000000000000000000000000B1
:103F10004300504F534958002E000000000000009D
:103F20000080E03779C34143176E05B5B5B89346B5
:103F3000F5F93FE9034F384D321D30F94877825A81
:103F40003CBF737FDD4F1575000000000000F03F9F
:103F50000000000000002440000000000000594064
:103F60000000000000408F40000000000088C340B7
:103F700000000000006AF8400000000080842E412C
:103F800000000000D01263410000000084D7974178
:103F90000000000065CDCD41000000205FA002427E
:103FA000000000E876483742000000A2941A6D42F3
:103FB000000040E59C30A2420000901EC4BCD642E6
:103FC00000003426F56B0C430080E03779C3414391
:103FD00000A0D8855734764300C84E676DC1AB4307
:103FE000003D9160E458E143408CB5781DAF154425
:103FF00050EFE2D6E41A4B4492D54D06CFF0804400
:10400000F64AE1C7022DB544B49DD9794378EA4414
:1040100005000000190000007D0000000000000005
:084020003032FE7F01000000B8
:104028000000000001000000010000000A0000007C
:1040380000000306B200080001000000A800080004
:1040480002000000A0001400030057494E555342D7
:1040580000000000000000000000840004000700C9
:104068002A00440065007600690063006500490085
:104078006E007400650072006600610063006500F0
:1040880047005500490044007300000050007B00C1
:104098003900370035004600340034004400390048
:1040A8002D0030004400300038002D00340033006B
:1040B800460044002D0038004200330045002D0022
:1040C800310032003700430041003800410046000B
:1040D80046004600390044007D0000000000000052
:1040E80010000C00E06E002000000000000000003E
:1040F80000000000000000000000000000000000B8
:1041080000000000000000000000000000000000A7
:104118000000000000000000000000000000000097
:104128000000000000000000000000000000000087
:1041380000000000000000000000000071580300AB
:1041480055580300295803001D580300800000003B
:104158008000000080000000E000000080000000F7
:104168000000000000000000000000000000000047
:104178000D5B0300755A0300695A0300595A03007E
:10418800FFFFFFFF047A0020B89600200090D003BC
:104198007461002000000000D03E0400F03E0400DE
:1041A800B03E040000000000000000000000000015
:1041B80000000000000000000000000000000000F7
:1041C80000000000000000000000000000000000E7
:1041D80000000000000000000000000000000000D7
:1041E80000000000000000000000000000000000C7
:1041F8000000000043000000000000000000000074
:1042080000000000000000000000000000000000A6
:104218000000000043000000000000000000000053
:104228000000000000000000000000000000000086
:104238000000000043000000000000000000000033
:104248000000000000000000000000000000000066
:104258000000000043000000000000000000000013
:104268000000000000000000000000000000000046
:1042780000000000430000000000000000000000F3
:104288000000000000000000000000000000000026
:1042980000000000430000000000000000000000D3
:1042A8000000000000000000000000000000000006
:1042B80000000000430000000000000000000000B3
:1042C80000000000000000000000000000000000E6
:1042D80000000000530C04002D0104000000000041
:1042E800A13D0400183F0400573D0400573D040059
:1042F800573D0400573D0400573D0400573D040056
:10430800573D0400573D0400573D0400FFFFFFFFE1
:10431800FFFFFFFFFFFFFFFFFFFF0000010041530A
:1043280043494900000000000000000000000000B0
:1043380000000000000000000000000000004153E1
:104348004349490000000000000000000000000090
:104358000000000000000000000000000000000055
:104368000172020035720200C5720200297902004A
:104378006DEB0200D5FB0200C95803001172020060
:040000033000841530
:00000001FF
